"시도코드","시도명","시군구코드","시군구명","기준연도","연도","과거대비인구변화","최근인구변화","과거대비사업체변화","최근사업체변화","노후건축물비율"
"41",경기도,"41190",경기도 부천시,"2013","2013",1.7,3,3,1,64.26
"42",강원도,"42770",강원도 정선군,"2017","2017",-71.74,4,0.92,0,42.91
"42",강원도,"42780",강원도 철원군,"2016","2016",-24.15,2,2.32,0,48.62
"42",강원도,"42780",강원도 철원군,"2013","2013",-32.78,3,1.67,1,37.9
"42",강원도,"42830",강원도 양양군,"2019","2019",-30.05,3,3.63,0,39.42
"42",강원도,"42830",강원도 양양군,"2017","2017",-30.05,5,2.63,0,42.02
"44",충청남도,"44200",충청남도 아산시,"2017","2017",8.63,0,5.42,0,52.02
"45",전라북도,"45210",전라북도 김제시,"2017","2017",-51.96,5,1.56,0,65.6
"45",전라북도,"45770",전라북도 순창군,"2013","2013",-65.72,1,-10.31,0,58.95
"46",전라남도,"46130",전라남도 여수시,"2017","2017",-14.27,5,1.58,0,65.15
"46",전라남도,"46130",전라남도 여수시,"2019","2019",-14.27,5,3.16,0,64.64
"47",경상북도,"47720",경상북도 군위군,"2018","2018",-52.28,2,-0.73,1,62.91
"46",전라남도,"46790",전라남도 화순군,"2014","2014",-42.07,5,3.9,0,58.18
"46",전라남도,"46830",전라남도 영암군,"2013","2013",-41.27,2,-0.57,1,53.33
"47",경상북도,"47190",경상북도 구미시,"2017","2017",2.86,2,3.35,0,46.7
"47",경상북도,"47920",경상북도 봉화군,"2019","2019",-60.15,5,1.37,0,65.72
"48",경상남도,"48330",경상남도 양산시,"2013","2013",16.28,0,5.98,0,37.97
"11",서울특별시,"11440",서울특별시 마포구,"2014","2014",-16.38,3,2.39,0,64.77
"26",부산광역시,"26410",부산광역시 금정구,"2016","2016",-22.96,4,-4.75,1,76.3
"26",부산광역시,"26410",부산광역시 금정구,"2014","2014",-22.43,2,-6.81,1,73.97
"26",부산광역시,"26500",부산광역시 수영구,"2017","2017",-17.81,1,2.45,3,80.55
"27",대구광역시,"27110",대구광역시 중구,"2018","2018",-57.7,2,1.46,1,81.53
"28",인천광역시,"28245",인천광역시 계양구,"2014","2014",2.99,2,-0.12,1,53.43
"28",인천광역시,"28245",인천광역시 계양구,"2018","2018",-3.91,5,1.67,1,60.32
"28",인천광역시,"28245",인천광역시 계양구,"2017","2017",-3.91,4,2.14,1,62.72
"28",인천광역시,"28710",인천광역시 강화군,"2013","2013",-37.65,3,1.97,0,42.51
"28",인천광역시,"28720",인천광역시 옹진군,"2013","2013",-33.19,0,5.31,0,42.5
"30",대전광역시,"30140",대전광역시 중구,"2016","2016",-19.9,3,2.85,0,78.11
"31",울산광역시,"31110",울산광역시 중구,"2014","2014",-5.75,1,0.43,0,68.03
"41",경기도,"41210",경기도 광명시,"2016","2016",-5.57,4,3.53,1,70.31
"41",경기도,"41360",경기도 남양주시,"2016","2016",17.24,0,8.68,0,29.12
"41",경기도,"41360",경기도 남양주시,"2019","2019",17.24,0,3.69,0,30.09
"41",경기도,"41460",경기도 용인시,"2019","2019",10.86,0,5.89,0,29.98
"41",경기도,"41650",경기도 포천시,"2013","2013",-0.84,5,3.71,0,29
"41",경기도,"41820",경기도 가평군,"2016","2016",0.67,0,6.62,0,33.28
"41",경기도,"41820",경기도 가평군,"2014","2014",-17.95,0,2.11,0,30.79
"44",충청남도,"44800",충청남도 홍성군,"2014","2014",-37.36,0,3.38,0,33.7
"46",전라남도,"46720",전라남도 곡성군,"2013","2013",-63.69,4,-14.48,0,56.53
"46",전라남도,"46720",전라남도 곡성군,"2014","2014",-63.69,3,-1.5,0,57.06
"47",경상북도,"47280",경상북도 문경시,"2017","2017",-49.11,3,-1.32,1,68.22
"47",경상북도,"47130",경상북도 경주시,"2016","2016",-8.94,5,6.58,0,57.07
"47",경상북도,"47170",경상북도 안동시,"2018","2018",-24.56,3,0.56,0,68.16
"47",경상북도,"47170",경상북도 안동시,"2017","2017",-24.56,2,1.57,0,68.92
"48",경상남도,"48850",경상남도 하동군,"2018","2018",-46.87,3,0.34,0,64.78
"11",서울특별시,"11560",서울특별시 영등포구,"2013","2013",-15.71,3,0.91,0,75.28
"11",서울특별시,"11560",서울특별시 영등포구,"2017","2017",-23.96,5,-1.66,1,80.48
"27",대구광역시,"27230",대구광역시 북구,"2016","2016",-3.24,2,1.28,0,61.32
"27",대구광역시,"27230",대구광역시 북구,"2017","2017",-3.24,2,1.75,0,60.54
"41",경기도,"41220",경기도 평택시,"2013","2013",2.66,0,-0.54,1,30.87
"41",경기도,"41220",경기도 평택시,"2018","2018",12.02,0,2.8,0,36.6
"44",충청남도,"44770",충청남도 서천군,"2019","2019",-51.49,5,2.5,1,57.18
"45",전라북도,"45140",전라북도 익산시,"2018","2018",-8.25,5,0.53,1,67.59
"45",전라북도,"45180",전라북도 정읍시,"2018","2018",-45.95,5,0.94,1,53.35
"45",전라북도,"45790",전라북도 고창군,"2013","2013",-63.21,1,2.76,0,19.92
"46",전라남도,"46900",전라남도 진도군,"2018","2018",-60.69,5,3.17,1,74.82
"46",전라남도,"46910",전라남도 신안군,"2013","2013",-74.64,2,-8.64,0,73.43
"47",경상북도,"47820",경상북도 청도군,"2016","2016",-44.3,2,6.57,0,63.17
"47",경상북도,"47930",경상북도 울진군,"2017","2017",-45.26,3,0.5,0,70.54
"48",경상남도,"48730",경상남도 함안군,"2013","2013",-24.34,1,7.95,0,16.76
"48",경상남도,"48730",경상남도 함안군,"2019","2019",-9.07,4,4.24,1,32.75
"11",서울특별시,"11110",서울특별시 종로구,"2013","2013",-46.81,3,-1.51,1,66.62
"11",서울특별시,"11710",서울특별시 송파구,"2013","2013",1.59,3,2.72,0,56.12
"11",서울특별시,"11710",서울특별시 송파구,"2017","2017",-3.37,4,0.4,1,58.43
"26",부산광역시,"26170",부산광역시 동구,"2013","2013",-56.81,3,-3.02,1,81.03
"26",부산광역시,"26170",부산광역시 동구,"2019","2019",-55.61,5,-3.25,2,86.26
"27",대구광역시,"27170",대구광역시 서구,"2016","2016",-50.72,5,-10.05,1,82.46
"27",대구광역시,"27170",대구광역시 서구,"2014","2014",-47.94,5,-11.68,2,76.09
"36",세종특별자치시,"36110",세종특별자치시 세종시,"2016","2016",,,22.43,0,49.2
"36",세종특별자치시,"36110",세종특별자치시 세종시,"2018","2018",,,16.84,0,50.99
"41",경기도,"41630",경기도 양주시,"2013","2013",23.62,2,4.57,0,29.91
"41",경기도,"41630",경기도 양주시,"2018","2018",4.44,0,3.6,0,37.03
"41",경기도,"41630",경기도 양주시,"2017","2017",4.44,1,2.89,0,42.48
"42",강원도,"42170",강원도 동해시,"2018","2018",-7.44,5,-2.27,1,60.81
"42",강원도,"42820",강원도 고성군,"2019","2019",-39.42,3,3.38,0,60.06
"42",강원도,"42820",강원도 고성군,"2014","2014",-45.65,2,-4.79,3,54.62
"43",충청북도,"43150",충청북도 제천시,"2013","2013",-16.84,2,3.73,0,53.77
"43",충청북도,"43150",충청북도 제천시,"2017","2017",-11.24,3,3.09,0,54.47
"44",충청남도,"44150",충청남도 공주시,"2017","2017",-29.52,5,-0.06,2,61.34
"45",전라북도,"45720",전라북도 진안군,"2014","2014",-73.95,3,-10.77,2,49.55
"45",전라북도,"45720",전라북도 진안군,"2016","2016",-64.33,5,7.34,1,50.9
"46",전라남도,"46730",전라남도 구례군,"2018","2018",-50.84,1,-0.78,1,64.47
"46",전라남도,"46880",전라남도 장성군,"2018","2018",-50.03,1,2.82,0,58.88
"48",경상남도,"48110",경상남도 창원시,"2018","2018",,,1.13,0,
"48",경상남도,"48880",경상남도 거창군,"2014","2014",-44,2,3.08,2,60.91
"11",서울특별시,"11215",서울특별시 광진구,"2016","2016",-8.69,5,-0.71,1,69.91
"11",서울특별시,"11470",서울특별시 양천구,"2013","2013",-4.29,2,2.03,1,66.77
"11",서울특별시,"11740",서울특별시 강동구,"2019","2019",-17.7,5,-2.26,2,68.27
"26",부산광역시,"26320",부산광역시 북구,"2017","2017",-9.6,2,2.01,1,77.38
"26",부산광역시,"26380",부산광역시 사하구,"2013","2013",-9.96,5,0.74,1,79.24
"27",대구광역시,"27140",대구광역시 동구,"2019","2019",-6.1,1,1.05,0,71.86
"27",대구광역시,"27260",대구광역시 수성구,"2014","2014",-0.81,2,0.43,0,69.03
"27",대구광역시,"27260",대구광역시 수성구,"2017","2017",-3.01,4,1.45,0,71.64
"41",경기도,"41410",경기도 군포시,"2018","2018",-0.36,4,1.33,0,64.87
"46",전라남도,"46170",전라남도 나주시,"2014","2014",-57.7,4,0.76,2,62.93
"46",전라남도,"46170",전라남도 나주시,"2018","2018",-46.03,0,7.63,0,67.02
"48",경상남도,"48310",경상남도 거제시,"2014","2014",17.71,0,2.3,0,49.91
"48",경상남도,"48310",경상남도 거제시,"2016","2016",7.66,0,5.75,0,51.56
"49",제주특별자치도,"49110",제주특별자치도 제주시,"2013","2013",2.37,0,4.91,1,49.2
"49",제주특별자치도,"49110",제주특별자치도 제주시,"2017","2017",9.99,0,4.18,0,56.07
"11",서울특별시,"11320",서울특별시 도봉구,"2013","2013",-5.45,5,1.2,1,63.68
"11",서울특별시,"11320",서울특별시 도봉구,"2018","2018",-8.46,5,0.37,1,74.34
"11",서울특별시,"11650",서울특별시 서초구,"2014","2014",-0.61,1,0.5,1,57.75
"11",서울특별시,"11650",서울특별시 서초구,"2018","2018",4.55,2,-1.8,2,64.44
"27",대구광역시,"27710",대구광역시 달성군,"2016","2016",8.81,1,6.75,0,52.63
"27",대구광역시,"27710",대구광역시 달성군,"2014","2014",12.25,1,4.83,0,50.21
"28",인천광역시,"28185",인천광역시 연수구,"2018","2018",11.57,0,7.23,0,61.1
"30",대전광역시,"30110",대전광역시 동구,"2019","2019",-18.55,4,0.08,1,75.9
"41",경기도,"41130",경기도 성남시,"2016","2016",-2.58,2,5.02,0,71.34
"41",경기도,"41170",경기도 안양시,"2014","2014",-1.68,4,0.92,1,69.72
"41",경기도,"41170",경기도 안양시,"2019","2019",-5.99,5,0.28,1,71.95
"41",경기도,"41280",경기도 고양시,"2013","2013",4.41,1,4.33,0,15.82
"41",경기도,"41280",경기도 고양시,"2019","2019",7.58,0,3.1,0,37.38
"41",경기도,"41290",경기도 과천시,"2014","2014",-7.81,4,4.56,1,50.81
"42",강원도,"42150",강원도 강릉시,"2016","2016",-6.76,4,0.08,0,56.98
"42",강원도,"42190",강원도 태백시,"2016","2016",-59.3,5,0.84,1,67.54
"42",강원도,"42190",강원도 태백시,"2018","2018",-59.3,5,4.85,0,69.54
"42",강원도,"42750",강원도 영월군,"2014","2014",-63.3,3,3.35,0,42.97
"42",강원도,"42810",강원도 인제군,"2017","2017",-30.36,2,1.25,0,34.01
"45",전라북도,"45130",전라북도 군산시,"2017","2017",-6.39,2,-0.39,1,61.52
"45",전라북도,"45190",전라북도 남원시,"2019","2019",-43.35,5,-1.99,2,64.74
"45",전라북도,"45190",전라북도 남원시,"2018","2018",-43.35,5,-2.26,2,64.35
"45",전라북도,"45730",전라북도 무주군,"2014","2014",-61.48,1,2.74,0,53.12
"47",경상북도,"47210",경상북도 영주시,"2017","2017",-31.13,5,-0.16,1,67.92
"47",경상북도,"47210",경상북도 영주시,"2014","2014",-33.36,3,2.28,0,64.43
"48",경상남도,"48170",경상남도 진주시,"2014","2014",-0.56,1,1.71,0,62.66
"48",경상남도,"48170",경상남도 진주시,"2019","2019",1.49,2,2.48,0,67.51
"48",경상남도,"48250",경상남도 김해시,"2018","2018",3.64,0,2.04,0,43.54
"48",경상남도,"48890",경상남도 합천군,"2013","2013",-62.28,4,-11.43,1,65.28
"48",경상남도,"48890",경상남도 합천군,"2018","2018",-55.24,4,-7.11,2,71.4
"11",서울특별시,"11410",서울특별시 서대문구,"2016","2016",-26.4,2,-5.99,1,77.2
"11",서울특별시,"11410",서울특별시 서대문구,"2013","2013",-25.2,3,-16.75,2,72.66
"11",서울특별시,"11410",서울특별시 서대문구,"2017","2017",-26.4,2,-0.41,1,78.39
"26",부산광역시,"26440",부산광역시 강서구,"2017","2017",9.1,0,5.78,0,42.15
"29",광주광역시,"29110",광주광역시 동구,"2016","2016",-53.88,5,-1.91,0,75.84
"29",광주광역시,"29110",광주광역시 동구,"2014","2014",-53.04,3,-3.37,1,73.37
"29",광주광역시,"29170",광주광역시 북구,"2018","2018",-5.25,3,1.26,1,66.19
"31",울산광역시,"31140",울산광역시 남구,"2013","2013",-0.8,1,1.6,0,52.43
"41",경기도,"41430",경기도 의왕시,"2017","2017",5.91,4,5.02,0,20.07
"41",경기도,"41500",경기도 이천시,"2016","2016",3.15,2,3.87,0,35.09
"41",경기도,"41610",경기도 광주시,"2016","2016",29.43,0,8.16,0,25.74
"41",경기도,"41610",경기도 광주시,"2019","2019",29.43,0,2.87,0,29.27
"42",강원도,"42210",강원도 속초시,"2019","2019",-10.57,2,3.45,0,65.56
"42",강원도,"42210",강원도 속초시,"2018","2018",-10.57,3,2.54,0,65.44
"42",강원도,"42230",강원도 삼척시,"2014","2014",-51.69,1,4.62,0,46.78
"42",강원도,"42800",강원도 양구군,"2016","2016",-28.13,1,5.69,1,45.78
"42",강원도,"42800",강원도 양구군,"2019","2019",-28.13,4,3,0,47.85
"43",충청북도,"43745",충청북도 증평군,"2018","2018",-12.12,1,2.44,0,54.95
"43",충청북도,"43745",충청북도 증평군,"2014","2014",-21.87,0,2.69,0,54.74
"44",충청남도,"44180",충청남도 보령시,"2013","2013",-35.36,3,3.92,2,34.13
"45",전라북도,"45110",전라북도 전주시,"2019","2019",0.28,3,2.91,0,61.19
"45",전라북도,"45710",전라북도 완주군,"2018","2018",-18.07,1,4.96,0,50.81
"46",전라남도,"46110",전라남도 목포시,"2013","2013",-0.21,1,1.06,0,70.94
"46",전라남도,"46110",전라남도 목포시,"2016","2016",-5.65,4,1.19,0,75.47
"46",전라남도,"46710",전라남도 담양군,"2019","2019",-49.83,2,6.83,1,53.37
"47",경상북도,"47750",경상북도 청송군,"2018","2018",-56.6,5,0.14,1,55.81
"48",경상남도,"48860",경상남도 산청군,"2013","2013",-56.24,1,-9.96,2,61.54
"48",경상남도,"48860",경상남도 산청군,"2017","2017",-46.97,1,-1.4,1,65.78
"48",경상남도,"48860",경상남도 산청군,"2014","2014",-56.24,1,0,2,61.5
"48",경상남도,"48860",경상남도 산청군,"2019","2019",-46.97,2,0.5,1,64.95
"11",서울특별시,"11170",서울특별시 용산구,"2016","2016",-34.93,5,-2.73,0,79.85
"11",서울특별시,"11620",서울특별시 관악구,"2013","2013",-9.3,3,-3.61,1,63.3
"27",대구광역시,"27200",대구광역시 남구,"2016","2016",-42.62,5,-5.91,1,81.9
"28",인천광역시,"28260",인천광역시 서구,"2016","2016",22.48,0,4.34,0,45.74
"28",인천광역시,"28260",인천광역시 서구,"2013","2013",5.79,0,7.92,0,41.65
"28",인천광역시,"28260",인천광역시 서구,"2017","2017",22.48,0,4.41,0,41.79
"30",대전광역시,"30200",대전광역시 유성구,"2019","2019",17.01,1,3.56,0,32.18
"31",울산광역시,"31710",울산광역시 울주군,"2014","2014",14.32,0,6.4,0,32.66
"41",경기도,"41150",경기도 의정부시,"2019","2019",-0.17,0,1.26,0,67.73
"41",경기도,"41150",경기도 의정부시,"2018","2018",-0.17,0,2.57,0,68.31
"41",경기도,"41150",경기도 의정부시,"2017","2017",-0.17,0,3.13,0,57.61
"41",경기도,"41270",경기도 안산시,"2017","2017",-6.31,5,2.03,0,40.07
"41",경기도,"41390",경기도 시흥시,"2013","2013",4.48,3,6.88,0,18.54
"41",경기도,"41550",경기도 안성시,"2014","2014",12.93,1,3.59,0,36.57
"41",경기도,"41570",경기도 김포시,"2016","2016",48.08,0,11.93,0,19.07
"41",경기도,"41570",경기도 김포시,"2014","2014",14.6,0,7.96,0,14.11
"41",경기도,"41590",경기도 화성시,"2018","2018",16.09,0,6.65,0,25.92
"41",경기도,"41590",경기도 화성시,"2017","2017",16.09,0,5.6,0,26.32
"44",충청남도,"44210",충청남도 서산시,"2016","2016",4.88,0,4.33,0,49.71
"47",경상북도,"47230",경상북도 영천시,"2018","2018",-32.7,3,-1.13,1,59.01
"46",전라남도,"46810",전라남도 강진군,"2014","2014",-62.75,4,-12.16,1,64
"46",전라남도,"46810",전라남도 강진군,"2018","2018",-56.18,5,2.8,0,66.38
"47",경상북도,"47900",경상북도 예천군,"2013","2013",-64.22,5,-10.18,2,62.8
"47",경상북도,"47900",경상북도 예천군,"2018","2018",-57.17,2,0.87,1,66.78
"47",경상북도,"47900",경상북도 예천군,"2019","2019",-57.17,1,5.81,1,66.64
"48",경상남도,"48270",경상남도 밀양시,"2018","2018",-33.6,2,0.32,1,58.42
"48",경상남도,"48270",경상남도 밀양시,"2014","2014",-38.64,4,2.14,0,54.59
"48",경상남도,"48270",경상남도 밀양시,"2016","2016",-33.6,3,5.45,0,57.18
"11",서울특별시,"11200",서울특별시 성동구,"2017","2017",-31.23,2,1.6,0,82.35
"11",서울특별시,"11590",서울특별시 동작구,"2019","2019",-6.98,2,-0.4,1,70.63
"11",서울특별시,"11590",서울특별시 동작구,"2017","2017",-6.98,2,-2.25,1,73.16
"27",대구광역시,"27290",대구광역시 달서구,"2019","2019",-1.4,5,0.13,1,64.43
"30",대전광역시,"30230",대전광역시 대덕구,"2013","2013",-12.32,3,0.13,1,58.28
"30",대전광역시,"30230",대전광역시 대덕구,"2017","2017",-16.26,5,1.41,0,69.49
"41",경기도,"41190",경기도 부천시,"2017","2017",-3.99,3,1.26,1,71.21
"41",경기도,"41250",경기도 동두천시,"2016","2016",1.89,0,0.49,1,60.09
"41",경기도,"41830",경기도 양평군,"2017","2017",16.65,0,12.71,0,40.17
"42",강원도,"42770",강원도 정선군,"2018","2018",-71.74,5,-0.13,1,40.35
"42",강원도,"42780",강원도 철원군,"2017","2017",-24.15,2,0.9,1,56.26
"42",강원도,"42780",강원도 철원군,"2014","2014",-32.78,3,2.19,1,40.92
"44",충청남도,"44130",충청남도 천안시,"2013","2013",10.1,0,5.55,1,44.58
"44",충청남도,"44130",충청남도 천안시,"2018","2018",5.63,0,4.86,0,50.11
"44",충청남도,"44130",충청남도 천안시,"2014","2014",10.1,0,3.93,1,46.15
"45",전라북도,"45210",전라북도 김제시,"2018","2018",-51.96,5,1.58,0,62.64
"45",전라북도,"45770",전라북도 순창군,"2018","2018",-56.57,4,-0.63,1,64.43
"45",전라북도,"45770",전라북도 순창군,"2016","2016",-56.57,2,5.37,0,63.01
"46",전라남도,"46130",전라남도 여수시,"2013","2013",-14.08,5,-2.73,0,63.35
"47",경상북도,"47290",경상북도 경산시,"2018","2018",1.5,0,1.27,0,53.06
"47",경상북도,"47720",경상북도 군위군,"2013","2013",-62.6,4,-6.28,1,58.88
"46",전라남도,"46820",전라남도 해남군,"2016","2016",-55.09,5,2.47,1,65.7
"46",전라남도,"46820",전라남도 해남군,"2019","2019",-55.09,5,0.71,1,66.17
"46",전라남도,"46830",전라남도 영암군,"2016","2016",-35.94,5,15.69,0,59.25
"47",경상북도,"47940",경상북도 울릉군,"2016","2016",-50.16,5,14.52,1,71.9
"48",경상남도,"48220",경상남도 통영시,"2014","2014",-11.3,2,1.59,0,65.19
"48",경상남도,"48330",경상남도 양산시,"2016","2016",15.09,0,5.77,0,40.28
"48",경상남도,"48870",경상남도 함양군,"2016","2016",-46.14,5,5.25,0,57.46
"11",서울특별시,"11260",서울특별시 중랑구,"2016","2016",-11.35,2,1.92,0,77.14
"11",서울특별시,"11260",서울특별시 중랑구,"2017","2017",-11.35,3,-1.2,1,76.42
"11",서울특별시,"11545",서울특별시 금천구,"2019","2019",-28.74,4,2.57,0,73.98
"26",부산광역시,"26500",부산광역시 수영구,"2018","2018",-17.81,1,1.41,3,79.56
"26",부산광역시,"26710",부산광역시 기장군,"2016","2016",55.41,0,18.17,0,43.02
"28",인천광역시,"28710",인천광역시 강화군,"2019","2019",-26.11,0,3.6,1,46.9
"28",인천광역시,"28710",인천광역시 강화군,"2018","2018",-26.11,0,-0.27,1,47.08
"28",인천광역시,"28710",인천광역시 강화군,"2017","2017",-26.11,1,-1.53,1,49.61
"29",광주광역시,"29155",광주광역시 남구,"2016","2016",-21.79,2,4.47,0,74.94
"29",광주광역시,"29155",광주광역시 남구,"2019","2019",-21.79,3,4.08,0,74.34
"29",광주광역시,"29155",광주광역시 남구,"2018","2018",-21.79,3,2.19,0,75.13
"29",광주광역시,"29155",광주광역시 남구,"2017","2017",-21.79,2,3.87,0,78.36
"30",대전광역시,"30140",대전광역시 중구,"2013","2013",-17.68,2,-11,0,75.58
"31",울산광역시,"31110",울산광역시 중구,"2017","2017",-0.85,2,2.15,0,63.92
"41",경기도,"41110",경기도 수원시,"2019","2019",7.46,2,1.8,0,61.91
"41",경기도,"41820",경기도 가평군,"2013","2013",-17.95,0,1.86,0,29.83
"43",충청북도,"43800",충청북도 단양군,"2018","2018",-54.75,4,-0.69,1,68.7
"44",충청남도,"44800",충청남도 홍성군,"2013","2013",-37.36,1,0.54,0,30.44
"44",충청남도,"44800",충청남도 홍성군,"2019","2019",-23.56,2,2.52,0,44.77
"44",충청남도,"44810",충청남도 예산군,"2013","2013",-47.31,5,1.8,1,54.21
"44",충청남도,"44810",충청남도 예산군,"2017","2017",-43.19,5,1.58,1,54.76
"44",충청남도,"44825",충청남도 태안군,"2016","2016",-37.79,2,1.89,0,40.35
"46",전라남도,"46150",전라남도 순천시,"2017","2017",-3.01,1,5.07,0,65.64
"46",전라남도,"46720",전라남도 곡성군,"2017","2017",-55.89,4,-0.91,1,64.45
"47",경상북도,"47280",경상북도 문경시,"2018","2018",-49.11,4,0.98,1,65.09
"46",전라남도,"46840",전라남도 무안군,"2013","2013",-40.64,0,5.47,0,58.17
"46",전라남도,"46840",전라남도 무안군,"2017","2017",-23.29,1,5.32,0,68.89
"47",경상북도,"47110",경상북도 포항시,"2018","2018",-1.89,3,1.33,0,53.57
"48",경상남도,"48850",경상남도 하동군,"2016","2016",-46.87,3,1.91,1,62.43
"11",서울특별시,"11560",서울특별시 영등포구,"2018","2018",-23.96,5,-3.27,2,79.98
"27",대구광역시,"27230",대구광역시 북구,"2018","2018",-3.24,2,2.2,0,62.28
"28",인천광역시,"28110",인천광역시 중구,"2016","2016",22.86,0,7.29,0,46.23
"28",인천광역시,"28170",인천광역시 미추홀구,"2016","2016",-7.53,4,-1.47,1,73.78
"41",경기도,"41220",경기도 평택시,"2016","2016",12.02,0,5.65,1,36.25
"43",충청북도,"43730",충청북도 옥천군,"2019","2019",-40.34,5,1.21,1,61.05
"43",충청북도,"43730",충청북도 옥천군,"2018","2018",-40.34,5,-0.18,1,61.39
"43",충청북도,"43740",충청북도 영동군,"2016","2016",-42.32,2,2.83,1,37.78
"43",충청북도,"43740",충청북도 영동군,"2019","2019",-42.32,5,1.72,0,43.84
"43",충청북도,"43740",충청북도 영동군,"2014","2014",-51.37,0,-1.35,2,29.92
"43",충청북도,"43750",충청북도 진천군,"2016","2016",4.71,0,9.6,0,50.18
"44",충청남도,"44770",충청남도 서천군,"2013","2013",-58.37,3,-3.25,1,48.48
"44",충청남도,"44770",충청남도 서천군,"2016","2016",-51.49,5,3.24,1,54.13
"45",전라북도,"45180",전라북도 정읍시,"2017","2017",-45.95,5,1.1,1,58.78
"46",전라남도,"46900",전라남도 진도군,"2017","2017",-60.69,5,-0.37,1,76.38
"46",전라남도,"46910",전라남도 신안군,"2019","2019",-69.21,5,-3.68,2,73.35
"47",경상북도,"47820",경상북도 청도군,"2014","2014",-55.31,3,5.22,1,58.62
"47",경상북도,"47930",경상북도 울진군,"2018","2018",-45.26,4,0.86,0,71.27
"11",서울특별시,"11680",서울특별시 강남구,"2016","2016",-0.31,2,12.79,0,57.33
"11",서울특별시,"11710",서울특별시 송파구,"2014","2014",1.59,4,-0.99,1,57.58
"26",부산광역시,"26170",부산광역시 동구,"2016","2016",-55.61,5,-2.13,1,83.82
"28",인천광역시,"28200",인천광역시 남동구,"2013","2013",15.91,0,3.67,0,51.71
"36",세종특별자치시,"36110",세종특별자치시 세종시,"2013","2013",,,6.45,1,47.48
"36",세종특별자치시,"36110",세종특별자치시 세종시,"2019","2019",,,15.46,0,50.8
"41",경기도,"41630",경기도 양주시,"2014","2014",23.62,2,3.3,0,31.37
"42",강원도,"42110",강원도 춘천시,"2016","2016",0.65,0,2.98,0,48.89
"42",강원도,"42110",강원도 춘천시,"2013","2013",5.88,0,4.03,0,41.1
"42",강원도,"42110",강원도 춘천시,"2019","2019",0.65,1,3.24,0,50.19
"44",충청남도,"44250",충청남도 계룡시,"2017","2017",-6.02,2,2.72,1,44.88
"45",전라북도,"45720",전라북도 진안군,"2013","2013",-73.95,2,-17.51,2,50.17
"45",전라북도,"45720",전라북도 진안군,"2018","2018",-64.33,3,3.65,1,52.54
"47",경상북도,"47830",경상북도 고령군,"2017","2017",-22.48,5,3.11,0,71.43
"48",경상남도,"48240",경상남도 사천시,"2016","2016",-12.3,3,1.89,0,61.46
"48",경상남도,"48880",경상남도 거창군,"2019","2019",-34.53,2,1.13,1,64.6
"11",서울특별시,"11215",서울특별시 광진구,"2017","2017",-8.69,4,0.23,1,72.95
"11",서울특별시,"11305",서울특별시 강북구,"2017","2017",-19.05,5,-3.15,2,77.29
"11",서울특별시,"11380",서울특별시 은평구,"2019","2019",-2.58,4,0.44,1,68.46
"26",부산광역시,"26320",부산광역시 북구,"2013","2013",-8.26,3,0.71,0,69.83
"26",부산광역시,"26320",부산광역시 북구,"2019","2019",-9.6,4,0.11,0,76.53
"26",부산광역시,"26320",부산광역시 북구,"2018","2018",-9.6,3,1.14,1,76.13
"26",부산광역시,"26380",부산광역시 사하구,"2018","2018",-13.52,5,0.39,1,82.5
"27",대구광역시,"27140",대구광역시 동구,"2014","2014",-11.11,0,1.31,1,71.4
"27",대구광역시,"27260",대구광역시 수성구,"2019","2019",-3.01,5,0.7,0,74.44
"50",제주특별자치도,"50110",제주특별자치도 제주시,"2018","2018",9.99,0,,,51.48
"42",강원도,"42720",강원도 홍천군,"2014","2014",-37.74,1,4.77,1,42.1
"42",강원도,"42760",강원도 평창군,"2018","2018",-41.89,5,0.16,2,41.57
"43",충청북도,"43110",충청북도 청주시,"2016","2016",22.89,0,2.73,0,54.28
"43",충청북도,"43110",충청북도 청주시,"2018","2018",22.89,0,1.93,0,55.26
"44",충청남도,"44710",충청남도 금산군,"2016","2016",-43.03,5,2.8,1,66.98
"46",전라남도,"46170",전라남도 나주시,"2013","2013",-57.7,5,-9.51,2,61.76
"46",전라남도,"46770",전라남도 고흥군,"2014","2014",-66.92,5,-5.65,1,62.69
"46",전라남도,"46770",전라남도 고흥군,"2017","2017",-61.74,5,-0.08,1,68.26
"46",전라남도,"46770",전라남도 고흥군,"2016","2016",-61.74,5,2.26,0,64.61
"29",광주광역시,"29200",광주광역시 광산구,"2014","2014",20.26,0,3.59,0,44.88
"29",광주광역시,"29200",광주광역시 광산구,"2018","2018",7.93,0,4.06,0,48.86
"30",대전광역시,"30110",대전광역시 동구,"2018","2018",-18.55,5,-0.18,1,76.01
"30",대전광역시,"30170",대전광역시 서구,"2014","2014",-1.66,2,1.78,0,61.37
"41",경기도,"41290",경기도 과천시,"2018","2018",-11.11,4,-3.12,1,48.74
"42",강원도,"42750",강원도 영월군,"2016","2016",-55.42,2,4.1,0,48.57
"43",충청북도,"43770",충청북도 음성군,"2013","2013",-12.72,0,7.69,1,41.78
"44",충청남도,"44830",충청남도 당진시,"2017","2017",6.51,0,1.8,0,41.76
"44",충청남도,"44830",충청남도 당진시,"2018","2018",,,2.4,0,
"45",전라북도,"45130",전라북도 군산시,"2019","2019",-6.39,4,-0.09,2,60.71
"45",전라북도,"45190",전라북도 남원시,"2013","2013",-49.21,3,-9.4,2,57.21
"45",전라북도,"45730",전라북도 무주군,"2013","2013",-61.48,2,2.81,0,52.67
"45",전라북도,"45730",전라북도 무주군,"2019","2019",-51.1,5,2.16,2,58.9
"45",전라북도,"45730",전라북도 무주군,"2018","2018",-51.1,5,-2.03,2,59.04
"47",경상북도,"47150",경상북도 김천시,"2016","2016",-17.08,2,2.05,1,57.54
"47",경상북도,"47730",경상북도 의성군,"2016","2016",-59.14,5,-6.21,2,70.07
"47",경상북도,"47760",경상북도 영양군,"2014","2014",-68.63,3,-5.6,1,57.87
"47",경상북도,"47770",경상북도 영덕군,"2013","2013",-60.06,5,-3.91,1,56.33
"47",경상북도,"47850",경상북도 칠곡군,"2018","2018",2.91,2,2.62,0,46.3
"48",경상남도,"48170",경상남도 진주시,"2016","2016",1.49,1,1.69,0,65.77
"48",경상남도,"48250",경상남도 김해시,"2016","2016",3.64,0,4.05,0,40.54
"11",서울특별시,"11140",서울특별시 중구,"2016","2016",-43.71,4,-6.35,1,81.8
"11",서울특별시,"11140",서울특별시 중구,"2013","2013",-50.06,1,-9.25,2,77.57
"26",부산광역시,"26140",부산광역시 서구,"2013","2013",-50.42,3,-9.72,3,83.16
"26",부산광역시,"26440",부산광역시 강서구,"2014","2014",-31.43,0,14.23,0,42.96
"28",인천광역시,"28140",인천광역시 동구,"2017","2017",-54.2,5,-3.32,2,78.11
"29",광주광역시,"29110",광주광역시 동구,"2018","2018",-53.88,5,-0.83,1,76.26
"29",광주광역시,"29140",광주광역시 서구,"2018","2018",-3.3,2,3,0,54.93
"29",광주광역시,"29170",광주광역시 북구,"2019","2019",-5.25,3,1.1,1,65.8
"41",경기도,"41310",경기도 구리시,"2017","2017",-4.85,3,3.34,0,64.87
"42",강원도,"42210",강원도 속초시,"2017","2017",-10.57,4,3.51,0,67.32
"42",강원도,"42210",강원도 속초시,"2014","2014",-8.18,4,1.67,2,60.1
"42",강원도,"42790",강원도 화천군,"2016","2016",-25.6,2,6.63,1,43.46
"42",강원도,"42800",강원도 양구군,"2013","2013",-42.52,0,-5.47,1,38.02
"43",충청북도,"43745",충청북도 증평군,"2016","2016",-12.12,0,2.92,0,56.48
"44",충청남도,"44180",충청남도 보령시,"2014","2014",-35.36,4,1.98,2,37.5
"44",충청남도,"44180",충청남도 보령시,"2016","2016",-32.27,3,1.33,1,42.8
"45",전라북도,"45710",전라북도 완주군,"2017","2017",-18.07,0,1.41,0,53.36
"46",전라남도,"46110",전라남도 목포시,"2019","2019",-5.65,5,0.05,0,76.9
"46",전라남도,"46890",전라남도 완도군,"2018","2018",-57.77,5,2.82,0,66.17
"11",서울특별시,"11620",서울특별시 관악구,"2017","2017",-13.7,5,-1.67,2,69.72
"26",부산광역시,"26230",부산광역시 부산진구,"2019","2019",-27.75,5,0.65,0,83
"26",부산광역시,"26230",부산광역시 부산진구,"2018","2018",-27.75,5,-0.38,0,83.24
"26",부산광역시,"26290",부산광역시 남구,"2014","2014",-13.36,2,-1.29,2,79.4
"26",부산광역시,"26290",부산광역시 남구,"2013","2013",-13.36,2,-0.72,1,78.36
"30",대전광역시,"30200",대전광역시 유성구,"2016","2016",17.01,0,6.07,0,32.33
"31",울산광역시,"31710",울산광역시 울주군,"2017","2017",12.15,1,3.54,0,45.78
"41",경기도,"41390",경기도 시흥시,"2014","2014",4.48,4,-0.33,1,20.58
"41",경기도,"41390",경기도 시흥시,"2018","2018",-4.65,1,2.74,1,32.12
"41",경기도,"41590",경기도 화성시,"2016","2016",16.09,0,10.51,0,24.92
"41",경기도,"41590",경기도 화성시,"2013","2013",69.29,0,8.64,0,22.98
"41",경기도,"41730",경기도 여주시,"2014","2014",2.32,1,2.74,1,19.88
"47",경상북도,"47230",경상북도 영천시,"2014","2014",-39.66,3,2.98,0,56.39
"46",전라남도,"46800",전라남도 장흥군,"2016","2016",-59.47,1,3.34,2,59.25
"47",경상북도,"47900",경상북도 예천군,"2017","2017",-57.17,3,-0.1,1,70.07
"47",경상북도,"47900",경상북도 예천군,"2014","2014",-64.22,5,-7.74,2,63.97
"49",제주특별자치도,"49130",제주특별자치도 서귀포시,"2014","2014",-24.5,1,5.5,1,54.62
"11",서울특별시,"11200",서울특별시 성동구,"2018","2018",-31.23,1,2.96,0,80.48
"11",서울특별시,"11350",서울특별시 노원구,"2016","2016",-7.94,5,4.17,1,67.69
"11",서울특별시,"11350",서울특별시 노원구,"2017","2017",-7.94,5,0.3,1,72.13
"11",서울특별시,"11590",서울특별시 동작구,"2018","2018",-6.98,2,-0.27,1,71.6
"27",대구광역시,"27290",대구광역시 달서구,"2018","2018",-1.4,5,1.53,1,63.59
"41",경기도,"41250",경기도 동두천시,"2017","2017",1.89,1,0,1,63.16
"41",경기도,"41830",경기도 양평군,"2018","2018",16.65,0,-2.95,1,34.63
"42",강원도,"42130",강원도 원주시,"2017","2017",5.05,0,2.93,0,53.25
"42",강원도,"42770",강원도 정선군,"2016","2016",-71.74,3,5.87,1,38.5
"42",강원도,"42770",강원도 정선군,"2019","2019",-71.74,5,1.99,1,40.84
"42",강원도,"42830",강원도 양양군,"2018","2018",-30.05,4,4.98,0,39.52
"43",충청북도,"43130",충청북도 충주시,"2018","2018",-5.39,1,1.55,0,56.78
"44",충청남도,"44130",충청남도 천안시,"2016","2016",5.63,0,6.95,0,49.3
"44",충청남도,"44230",충청남도 논산시,"2016","2016",-35.43,5,5.92,0,63.21
"45",전라북도,"45210",전라북도 김제시,"2014","2014",-56.88,5,2.02,1,55.44
"45",전라북도,"45210",전라북도 김제시,"2016","2016",-51.96,5,5.59,0,60.75
"45",전라북도,"45770",전라북도 순창군,"2014","2014",-65.72,1,-0.15,0,59.79
"47",경상북도,"47250",경상북도 상주시,"2013","2013",-48.83,4,-8.57,1,58.79
"47",경상북도,"47250",경상북도 상주시,"2014","2014",-48.83,5,-2.02,1,59.03
"47",경상북도,"47250",경상북도 상주시,"2016","2016",-45.87,5,2.26,0,61.48
"47",경상북도,"47290",경상북도 경산시,"2014","2014",9.8,0,5.22,0,46.98
"47",경상북도,"47290",경상북도 경산시,"2016","2016",1.5,0,5.53,0,51.01
"46",전라남도,"46830",전라남도 영암군,"2019","2019",-35.94,5,2.61,1,62.12
"46",전라남도,"46870",전라남도 영광군,"2019","2019",-56.03,5,-0.55,1,53.92
"47",경상북도,"47190",경상북도 구미시,"2013","2013",4.9,0,5.65,0,41.43
"47",경상북도,"47190",경상북도 구미시,"2018","2018",2.86,2,1.38,0,46.76
"47",경상북도,"47940",경상북도 울릉군,"2014","2014",-59.05,3,1.25,1,69.95
"48",경상남도,"48220",경상남도 통영시,"2018","2018",-9.42,5,2.92,0,68.65
"11",서울특별시,"11260",서울특별시 중랑구,"2013","2013",-10.1,3,1.18,0,71.81
"11",서울특별시,"11545",서울특별시 금천구,"2013","2013",-23.5,3,6.56,0,73.62
"26",부산광역시,"26410",부산광역시 금정구,"2018","2018",-22.96,5,-0.66,1,76.34
"26",부산광역시,"26500",부산광역시 수영구,"2016","2016",-17.81,2,-0.48,2,79.45
"27",대구광역시,"27110",대구광역시 중구,"2017","2017",-57.7,2,-0.09,1,84.05
"28",인천광역시,"28710",인천광역시 강화군,"2016","2016",-26.11,2,3.3,0,46.62
"41",경기도,"41110",경기도 수원시,"2018","2018",7.46,1,3.31,0,62.29
"41",경기도,"41210",경기도 광명시,"2014","2014",-6.24,2,-0.12,1,66.51
"41",경기도,"41210",경기도 광명시,"2017","2017",-5.57,5,1.12,1,64.77
"41",경기도,"41360",경기도 남양주시,"2013","2013",24.36,0,5.76,0,25.49
"41",경기도,"41460",경기도 용인시,"2017","2017",10.86,0,3.92,0,31.51
"41",경기도,"41650",경기도 포천시,"2018","2018",3.53,5,1.36,0,40.65
"41",경기도,"41820",경기도 가평군,"2017","2017",0.67,0,0.49,1,34.89
"44",충청남도,"44825",충청남도 태안군,"2013","2013",-45.38,3,5.87,0,39.03
"46",전라남도,"46720",전라남도 곡성군,"2019","2019",-55.89,5,2.48,2,62.97
"46",전라남도,"46840",전라남도 무안군,"2014","2014",-40.64,0,7.72,0,60.23
"47",경상북도,"47110",경상북도 포항시,"2016","2016",-1.89,1,3.01,0,51.82
"47",경상북도,"47130",경상북도 경주시,"2017","2017",-8.94,5,1.04,0,64.32
"48",경상남도,"48850",경상남도 하동군,"2013","2013",-57.12,2,-14.28,2,57.6
"48",경상남도,"48850",경상남도 하동군,"2014","2014",-57.12,3,-5.75,2,59.1
"11",서울특별시,"11560",서울특별시 영등포구,"2016","2016",-23.96,5,5.16,0,80.6
"26",부산광역시,"26110",부산광역시 중구,"2018","2018",-51.99,5,-0.45,1,79.81
"26",부산광역시,"26470",부산광역시 연제구,"2016","2016",-22.9,3,1.4,0,82.62
"28",인천광역시,"28110",인천광역시 중구,"2013","2013",-6.44,0,2.7,0,44.36
"28",인천광역시,"28170",인천광역시 미추홀구,"2017","2017",-7.53,3,1.83,1,75.71
"43",충청북도,"43740",충청북도 영동군,"2017","2017",-42.32,3,1.14,0,52.97
"43",충청북도,"43750",충청북도 진천군,"2019","2019",4.71,0,5.48,0,50.51
"44",충청남도,"44770",충청남도 서천군,"2014","2014",-58.37,4,1.44,1,49.91
"45",전라북도,"45140",전라북도 익산시,"2019","2019",-8.25,5,1.3,1,67.98
"45",전라북도,"45790",전라북도 고창군,"2018","2018",-56.38,2,3.96,0,36.01
"45",전라북도,"45790",전라북도 고창군,"2014","2014",-63.21,1,2.85,0,22.92
"45",전라북도,"45790",전라북도 고창군,"2016","2016",-56.38,2,3.75,0,32.04
"46",전라남도,"46780",전라남도 보성군,"2019","2019",-66.93,5,-6.84,2,67.25
"46",전라남도,"46900",전라남도 진도군,"2014","2014",-65.76,5,-8.81,2,74.38
"46",전라남도,"46900",전라남도 진도군,"2013","2013",-65.76,5,-14.7,2,74.53
"11",서울특별시,"11110",서울특별시 종로구,"2014","2014",-46.81,4,-0.54,1,68.13
"11",서울특별시,"11110",서울특별시 종로구,"2017","2017",-45.05,4,-0.75,2,78.08
"11",서울특별시,"11500",서울특별시 강서구,"2019","2019",2.84,2,5.94,0,60.14
"11",서울특별시,"11710",서울특별시 송파구,"2019","2019",-3.37,2,2.43,0,59.53
"26",부산광역시,"26530",부산광역시 사상구,"2013","2013",-14.74,3,-0.74,1,71.29
"36",세종특별자치시,"36110",세종특별자치시 세종시,"2017","2017",,,13.35,0,49.42
"41",경기도,"41370",경기도 오산시,"2013","2013",38.75,0,3.16,0,40.26
"42",강원도,"42820",강원도 고성군,"2017","2017",-39.42,2,3.63,1,62.1
"43",충청북도,"43150",충청북도 제천시,"2016","2016",-11.24,4,3.27,0,56.94
"44",충청남도,"44150",충청남도 공주시,"2013","2013",-27.02,3,1.34,2,50.08
"44",충청남도,"44150",충청남도 공주시,"2018","2018",-29.52,5,1.36,2,57.65
"44",충청남도,"44250",충청남도 계룡시,"2019","2019",-6.02,2,2.03,0,43.19
"45",전라북도,"45720",전라북도 진안군,"2017","2017",-64.33,4,-1.31,1,54.24
"46",전라남도,"46880",전라남도 장성군,"2013","2013",-59.41,1,-2.4,1,55.78
"47",경상북도,"47830",경상북도 고령군,"2019","2019",-22.48,5,1.92,0,69.36
"48",경상남도,"48110",경상남도 창원시,"2013","2013",-2.02,2,4.86,0,56.01
"48",경상남도,"48240",경상남도 사천시,"2019","2019",-12.3,5,3.34,0,62.73
"48",경상남도,"48880",경상남도 거창군,"2016","2016",-34.53,1,2.46,1,63.53
"11",서울특별시,"11215",서울특별시 광진구,"2013","2013",-4.26,3,1.06,1,64.67
"11",서울특별시,"11305",서울특별시 강북구,"2016","2016",-19.05,5,-4.98,2,78.62
"11",서울특별시,"11380",서울특별시 은평구,"2016","2016",-2.58,3,1.85,0,70.93
"11",서울특별시,"11380",서울특별시 은평구,"2014","2014",-7.15,1,0.05,0,70.07
"11",서울특별시,"11740",서울특별시 강동구,"2013","2013",-12.49,2,3.93,0,68.65
"26",부산광역시,"26380",부산광역시 사하구,"2019","2019",-13.52,5,-0.17,1,82.63
"26",부산광역시,"26380",부산광역시 사하구,"2017","2017",-13.52,5,1.05,1,80.91
"27",대구광역시,"27140",대구광역시 동구,"2018","2018",-6.1,1,1.7,0,72.34
"42",강원도,"42720",강원도 홍천군,"2016","2016",-26.64,3,5.43,0,45.69
"42",강원도,"42760",강원도 평창군,"2019","2019",-41.89,5,3.13,2,42.15
"42",강원도,"42760",강원도 평창군,"2017","2017",-41.89,4,-3.94,2,40.15
"42",강원도,"42760",강원도 평창군,"2014","2014",-52.32,2,4.33,1,36.97
"44",충청남도,"44710",충청남도 금산군,"2017","2017",-43.03,5,0.92,1,68.93
"45",전라북도,"45740",전라북도 장수군,"2017","2017",-55.33,1,-5.64,1,63.93
"46",전라남도,"46170",전라남도 나주시,"2016","2016",-46.03,2,6.56,1,65.98
"46",전라남도,"46170",전라남도 나주시,"2019","2019",-46.03,0,8.09,0,66.78
"26",부산광역시,"26260",부산광역시 동래구,"2016","2016",-21.77,5,-3.82,1,82.53
"26",부산광역시,"26350",부산광역시 해운대구,"2016","2016",-1.23,4,4.8,0,75.5
"26",부산광역시,"26350",부산광역시 해운대구,"2017","2017",-1.23,5,4.55,0,77.52
"28",인천광역시,"28185",인천광역시 연수구,"2013","2013",5.23,0,8.68,0,25.38
"28",인천광역시,"28185",인천광역시 연수구,"2017","2017",11.57,0,7.07,0,63.04
"30",대전광역시,"30110",대전광역시 동구,"2017","2017",-18.55,5,-0.36,1,73.09
"41",경기도,"41170",경기도 안양시,"2018","2018",-5.99,5,-0.43,1,72.54
"41",경기도,"41280",경기도 고양시,"2018","2018",7.58,0,4.2,0,36.25
"41",경기도,"41290",경기도 과천시,"2019","2019",-11.11,3,-2.23,1,48.45
"41",경기도,"41450",경기도 하남시,"2019","2019",9.93,0,9.26,0,38.48
"41",경기도,"41450",경기도 하남시,"2018","2018",9.93,0,5.62,0,38.98
"41",경기도,"41450",경기도 하남시,"2017","2017",9.93,1,9.62,0,47.49
"41",경기도,"41800",경기도 연천군,"2013","2013",-39.04,3,-5.75,2,45.41
"42",강원도,"42150",강원도 강릉시,"2013","2013",-4.61,1,3.91,0,52.83
"42",강원도,"42150",강원도 강릉시,"2018","2018",-6.76,3,2.07,1,57.46
"42",강원도,"42810",강원도 인제군,"2018","2018",-30.36,3,-0.9,1,32.27
"43",충청북도,"43770",충청북도 음성군,"2019","2019",8.65,3,5.47,0,47.76
"43",충청북도,"43770",충청북도 음성군,"2018","2018",8.65,2,2.92,0,47.82
"43",충청북도,"43770",충청북도 음성군,"2017","2017",8.65,1,4.45,0,50.44
"44",충청남도,"44830",충청남도 당진시,"2019","2019",6.51,1,2.64,0,36.42
"44",충청남도,"44830",충청남도 당진시,"2014","2014",-9.16,0,6.63,0,29.06
"45",전라북도,"45130",전라북도 군산시,"2014","2014",-9.23,2,1.43,0,54.75
"47",경상북도,"47730",경상북도 의성군,"2017","2017",-59.14,5,0.05,0,70.33
"47",경상북도,"47730",경상북도 의성군,"2014","2014",-64.91,5,-14.97,3,67.68
"47",경상북도,"47760",경상북도 영양군,"2018","2018",-61.92,5,1.95,0,59.15
"47",경상북도,"47850",경상북도 칠곡군,"2017","2017",2.91,1,3.74,0,58.76
"47",경상북도,"47850",경상북도 칠곡군,"2014","2014",4.8,1,6.89,0,42.48
"48",경상남도,"48840",경상남도 남해군,"2013","2013",-57.41,2,-0.38,1,59.3
"48",경상남도,"48840",경상남도 남해군,"2018","2018",-51.87,5,2.67,0,68.42
"11",서울특별시,"11140",서울특별시 중구,"2019","2019",-43.71,2,-7.97,3,83.8
"11",서울특별시,"11290",서울특별시 성북구,"2018","2018",-23.65,5,-4.28,3,77.63
"11",서울특별시,"11290",서울특별시 성북구,"2017","2017",-23.65,5,-2.06,2,80.37
"11",서울특별시,"11410",서울특별시 서대문구,"2014","2014",-25.2,2,-13.37,2,74.09
"11",서울특별시,"11530",서울특별시 구로구,"2014","2014",-3.19,1,0.57,0,67.39
"11",서울특별시,"11530",서울특별시 구로구,"2017","2017",-5.96,3,1.73,0,71.03
"26",부산광역시,"26140",부산광역시 서구,"2014","2014",-50.42,4,-5.8,3,82.92
"26",부산광역시,"26140",부산광역시 서구,"2019","2019",-47.95,3,-3.79,2,85.44
"26",부산광역시,"26440",부산광역시 강서구,"2013","2013",-31.43,0,13.63,0,44.83
"26",부산광역시,"26440",부산광역시 강서구,"2019","2019",9.1,0,5.74,0,39.85
"29",광주광역시,"29140",광주광역시 서구,"2014","2014",-2.75,3,1.5,1,52.01
"29",광주광역시,"29140",광주광역시 서구,"2017","2017",-3.3,3,2.22,0,57.24
"31",울산광역시,"31140",울산광역시 남구,"2016","2016",-1.08,3,1.42,0,57.52
"42",강원도,"42790",강원도 화천군,"2013","2013",-42.61,0,-8.13,1,37.73
"42",강원도,"42790",강원도 화천군,"2017","2017",-25.6,3,2.33,0,51.99
"42",강원도,"42800",강원도 양구군,"2014","2014",-42.52,0,2.74,1,40.1
"43",충청북도,"43745",충청북도 증평군,"2013","2013",-21.87,0,4.03,0,53.84
"44",충청남도,"44760",충청남도 부여군,"2017","2017",-49.99,5,-0.98,1,71.99
"45",전라북도,"45710",전라북도 완주군,"2016","2016",-18.07,0,12.48,0,48.68
"46",전라남도,"46110",전라남도 목포시,"2018","2018",-5.65,5,2.36,0,76.53
"46",전라남도,"46860",전라남도 함평군,"2016","2016",-60.75,5,8.92,1,44.33
"46",전라남도,"46890",전라남도 완도군,"2013","2013",-63.1,5,-12.77,1,64.62
"46",전라남도,"46890",전라남도 완도군,"2016","2016",-57.77,5,2.51,0,65.65
"47",경상북도,"47750",경상북도 청송군,"2017","2017",-56.6,5,-0.05,1,57.67
"48",경상남도,"48860",경상남도 산청군,"2016","2016",-46.97,1,16.65,1,63.62
"11",서울특별시,"11170",서울특별시 용산구,"2019","2019",-34.93,4,-1.78,2,82.57
"11",서울특별시,"11170",서울특별시 용산구,"2017","2017",-34.93,5,-1.26,1,82.55
"11",서울특별시,"11620",서울특별시 관악구,"2014","2014",-9.3,4,-3.8,1,65.32
"26",부산광역시,"26290",부산광역시 남구,"2017","2017",-17.45,4,-1.91,2,81.05
"27",대구광역시,"27200",대구광역시 남구,"2018","2018",-42.62,5,-1.05,1,82.23
"27",대구광역시,"27200",대구광역시 남구,"2017","2017",-42.62,5,-0.29,1,82.63
"28",인천광역시,"28260",인천광역시 서구,"2019","2019",22.48,0,5.26,0,43.82
"28",인천광역시,"28260",인천광역시 서구,"2018","2018",22.48,0,4.58,0,43.41
"41",경기도,"41150",경기도 의정부시,"2016","2016",-0.17,1,0.31,0,68.35
"41",경기도,"41150",경기도 의정부시,"2014","2014",4.65,2,1.6,0,66.99
"41",경기도,"41150",경기도 의정부시,"2013","2013",4.65,2,2.27,0,65.48
"41",경기도,"41270",경기도 안산시,"2018","2018",-6.31,5,0.7,0,40.98
"41",경기도,"41390",경기도 시흥시,"2016","2016",-4.65,3,4.6,1,26.58
"41",경기도,"41390",경기도 시흥시,"2019","2019",-4.65,0,4.02,0,34.55
"41",경기도,"41550",경기도 안성시,"2016","2016",1.77,2,2.98,0,41.6
"41",경기도,"41570",경기도 김포시,"2019","2019",48.08,0,9.33,0,21.86
"43",충청북도,"43760",충청북도 괴산군,"2016","2016",-47.51,0,2.21,0,51.46
"43",충청북도,"43760",충청북도 괴산군,"2019","2019",-47.51,1,3.03,2,51.5
"44",충청남도,"44210",충청남도 서산시,"2013","2013",4.13,0,6.21,0,47.79
"45",전라북도,"45750",전라북도 임실군,"2018","2018",-62.66,3,-4.44,2,55.57
"45",전라북도,"45800",전라북도 부안군,"2018","2018",-55.26,2,-0.09,1,65.09
"46",전라남도,"46230",전라남도 광양시,"2014","2014",-8.3,0,2.35,0,50.79
"48",경상남도,"48270",경상남도 밀양시,"2017","2017",-33.6,2,-0.34,1,59.88
"48",경상남도,"48270",경상남도 밀양시,"2019","2019",-33.6,3,3.11,1,58.84
"48",경상남도,"48740",경상남도 창녕군,"2013","2013",-52.36,1,-3.84,0,60.03
"49",제주특별자치도,"49130",제주특별자치도 서귀포시,"2016","2016",-13.83,0,2.56,0,57.8
"11",서울특별시,"11590",서울특별시 동작구,"2016","2016",-6.98,2,-0.41,0,71.94
"11",서울특별시,"11590",서울특별시 동작구,"2014","2014",-5.95,1,-0.8,1,69.75
"11",서울특별시,"11590",서울특별시 동작구,"2013","2013",-5.95,1,-1.05,1,66.83
"27",대구광역시,"27290",대구광역시 달서구,"2014","2014",2,1,2.97,0,56.38
"28",인천광역시,"28237",인천광역시 부평구,"2019","2019",-2.16,5,-0.21,1,73.1
"41",경기도,"41250",경기도 동두천시,"2013","2013",14.39,0,0.51,1,56.03
"41",경기도,"41250",경기도 동두천시,"2018","2018",1.89,2,3,1,61.4
"41",경기도,"41830",경기도 양평군,"2016","2016",16.65,0,5.73,0,34.53
"42",강원도,"42730",강원도 횡성군,"2013","2013",-47.12,0,2.59,0,17.42
"42",강원도,"42770",강원도 정선군,"2014","2014",-73.12,2,4.56,1,35.12
"42",강원도,"42780",강원도 철원군,"2018","2018",-24.15,3,1.55,1,55.22
"43",충청북도,"43130",충청북도 충주시,"2017","2017",-5.39,1,2.34,1,57.05
"44",충청남도,"44200",충청남도 아산시,"2013","2013",33.71,0,6.81,0,41.22
"44",충청남도,"44200",충청남도 아산시,"2018","2018",8.63,0,1.96,0,46.37
"45",전라북도,"45210",전라북도 김제시,"2013","2013",-56.88,5,-0.41,1,53.52
"45",전라북도,"45770",전라북도 순창군,"2019","2019",-56.57,5,-1.54,1,64.7
"47",경상북도,"47250",경상북도 상주시,"2018","2018",-45.87,5,0.46,1,62.67
"47",경상북도,"47290",경상북도 경산시,"2019","2019",1.5,0,3.4,0,53.38
"47",경상북도,"47720",경상북도 군위군,"2014","2014",-62.6,3,4.41,1,59.34
"46",전라남도,"46790",전라남도 화순군,"2016","2016",-34.38,5,2.06,0,61.13
"46",전라남도,"46830",전라남도 영암군,"2017","2017",-35.94,5,-1.95,1,60.35
"47",경상북도,"47190",경상북도 구미시,"2016","2016",2.86,2,3.73,0,44.66
"47",경상북도,"47920",경상북도 봉화군,"2016","2016",-60.15,2,-3.83,1,66.43
"48",경상남도,"48870",경상남도 함양군,"2014","2014",-54.09,4,1.56,0,55.26
"48",경상남도,"48870",경상남도 함양군,"2019","2019",-46.14,5,0.36,1,59.08
"11",서울특별시,"11260",서울특별시 중랑구,"2018","2018",-11.35,4,-0.87,1,76.01
"11",서울특별시,"11545",서울특별시 금천구,"2014","2014",-23.5,4,2.4,0,74.29
"26",부산광역시,"26410",부산광역시 금정구,"2017","2017",-22.96,5,-1.32,1,77.72
"26",부산광역시,"26500",부산광역시 수영구,"2019","2019",-17.81,1,2.15,2,79.21
"26",부산광역시,"26710",부산광역시 기장군,"2019","2019",55.41,0,3.83,0,42.45
"26",부산광역시,"26710",부산광역시 기장군,"2017","2017",55.41,0,4.79,0,42.89
"28",인천광역시,"28720",인천광역시 옹진군,"2018","2018",-1.97,1,-0.86,1,42.26
"30",대전광역시,"30140",대전광역시 중구,"2014","2014",-17.68,2,-1.37,0,76.82
"30",대전광역시,"30140",대전광역시 중구,"2019","2019",-19.9,5,0.41,1,78.29
"41",경기도,"41110",경기도 수원시,"2016","2016",7.46,0,2.67,0,61.1
"41",경기도,"41110",경기도 수원시,"2014","2014",2.66,0,1.57,0,58.62
"41",경기도,"41110",경기도 수원시,"2013","2013",2.66,0,4.65,0,57.3
"41",경기도,"41360",경기도 남양주시,"2014","2014",24.36,0,5.92,0,26
"41",경기도,"41360",경기도 남양주시,"2018","2018",17.24,0,2.91,0,30.27
"41",경기도,"41360",경기도 남양주시,"2017","2017",17.24,0,5.03,0,31.6
"41",경기도,"41460",경기도 용인시,"2016","2016",10.86,0,7.46,0,27.59
"41",경기도,"41650",경기도 포천시,"2017","2017",3.53,5,2.61,0,45.75
"43",충청북도,"43800",충청북도 단양군,"2019","2019",-54.75,3,2.95,1,67.86
"43",충청북도,"43800",충청북도 단양군,"2017","2017",-54.75,5,-1.61,1,67.3
"43",충청북도,"43800",충청북도 단양군,"2014","2014",-61.37,5,2.79,0,65.31
"44",충청남도,"44810",충청남도 예산군,"2019","2019",-43.19,5,2.15,1,59.49
"44",충청남도,"44810",충청남도 예산군,"2014","2014",-47.31,5,2.06,1,55.23
"44",충청남도,"44810",충청남도 예산군,"2016","2016",-43.19,5,4.39,0,58.24
"44",충청남도,"44825",충청남도 태안군,"2019","2019",-37.79,2,3.46,0,41.92
"44",충청남도,"44825",충청남도 태안군,"2017","2017",-37.79,1,0.71,0,41.99
"47",경상북도,"47280",경상북도 문경시,"2014","2014",-53.12,3,1.01,0,61.67
"47",경상북도,"47110",경상북도 포항시,"2019","2019",-1.89,4,1.94,0,54.31
"47",경상북도,"47110",경상북도 포항시,"2017","2017",-1.89,2,2.11,0,55.65
"47",경상북도,"47130",경상북도 경주시,"2014","2014",-11.44,5,3.37,1,54.14
"48",경상남도,"48720",경상남도 의령군,"2018","2018",-53.09,5,-0.96,1,42.65
"48",경상남도,"48850",경상남도 하동군,"2019","2019",-46.87,4,1.75,0,65.35
"26",부산광역시,"26470",부산광역시 연제구,"2014","2014",-22.77,3,1.12,0,81.06
"27",대구광역시,"27230",대구광역시 북구,"2019","2019",-3.24,2,0.39,0,62.64
"28",인천광역시,"28170",인천광역시 미추홀구,"2014","2014",-3.18,4,-2.65,1,72.02
"28",인천광역시,"28170",인천광역시 미추홀구,"2013","2013",-3.18,3,-4.14,1,69.96
"41",경기도,"41220",경기도 평택시,"2017","2017",12.02,0,2.41,0,35.31
"43",충청북도,"43730",충청북도 옥천군,"2013","2013",-45.52,5,0.49,0,59.16
"43",충청북도,"43740",충청북도 영동군,"2018","2018",-42.32,4,0.33,0,43.17
"43",충청북도,"43750",충청북도 진천군,"2018","2018",4.71,0,1.67,0,50.69
"45",전라북도,"45140",전라북도 익산시,"2016","2016",-8.25,3,4.82,0,65.64
"45",전라북도,"45180",전라북도 정읍시,"2014","2014",-50.06,4,2.65,0,48.44
"45",전라북도,"45790",전라북도 고창군,"2019","2019",-56.38,3,1.43,0,39.3
"46",전라남도,"46780",전라남도 보성군,"2016","2016",-66.93,5,1.88,1,66.95
"47",경상북도,"47820",경상북도 청도군,"2017","2017",-44.3,3,2.23,0,68.23
"47",경상북도,"47930",경상북도 울진군,"2013","2013",-48.07,4,-1.48,1,66.89
"47",경상북도,"47930",경상북도 울진군,"2014","2014",-48.07,3,3.31,1,68.06
"48",경상남도,"48730",경상남도 함안군,"2017","2017",-9.07,2,-0.24,1,41.16
"11",서울특별시,"11110",서울특별시 종로구,"2016","2016",-45.05,5,3.65,1,73
"11",서울특별시,"11500",서울특별시 강서구,"2014","2014",1.47,2,1.67,1,55.93
"11",서울특별시,"11680",서울특별시 강남구,"2018","2018",-0.31,4,-1.55,1,59.99
"11",서울특별시,"11680",서울특별시 강남구,"2017","2017",-0.31,3,-1.87,1,61.14
"26",부산광역시,"26170",부산광역시 동구,"2018","2018",-55.61,5,-3.34,2,85.38
"26",부산광역시,"26530",부산광역시 사상구,"2018","2018",-20.41,5,0.11,1,73.26
"28",인천광역시,"28200",인천광역시 남동구,"2019","2019",11.3,1,3.11,0,59.61
"28",인천광역시,"28200",인천광역시 남동구,"2017","2017",11.3,1,3.31,0,62.07
"31",울산광역시,"31170",울산광역시 동구,"2018","2018",-11.08,5,-1.68,2,61.12
"31",울산광역시,"31170",울산광역시 동구,"2017","2017",-11.08,4,-2.35,2,60.56
"48",경상남도,"48120",경상남도 창원시,"2018","2018",-3.72,5,,,63.82
"41",경기도,"41370",경기도 오산시,"2018","2018",11.01,1,5.96,0,38.99
"41",경기도,"41370",경기도 오산시,"2017","2017",11.01,1,3.65,0,37.64
"41",경기도,"41480",경기도 파주시,"2019","2019",22.65,0,5.74,0,23.14
"41",경기도,"41630",경기도 양주시,"2016","2016",4.44,2,6.13,0,35.18
"42",강원도,"42110",강원도 춘천시,"2014","2014",5.88,0,1.4,0,44.11
"42",강원도,"42170",강원도 동해시,"2013","2013",-13.17,2,0.05,2,52.65
"42",강원도,"42820",강원도 고성군,"2013","2013",-45.65,2,-9.1,3,53
"43",충청북도,"43150",충청북도 제천시,"2014","2014",-16.84,3,2.8,0,54.9
"44",충청남도,"44250",충청남도 계룡시,"2013","2013",31.01,3,4.76,0,39.84
"46",전라남도,"46730",전라남도 구례군,"2016","2016",-50.84,1,-6.24,3,63.09
"47",경상북도,"47830",경상북도 고령군,"2018","2018",-22.48,5,3.07,0,69.67
"47",경상북도,"47830",경상북도 고령군,"2014","2014",-35.01,3,9.48,0,65.09
"48",경상남도,"48110",경상남도 창원시,"2014","2014",-2.02,3,1.3,0,57.65
"48",경상남도,"48110",경상남도 창원시,"2019","2019",-3.72,5,1.14,0,64.42
"48",경상남도,"48240",경상남도 사천시,"2013","2013",-20.7,1,3.69,1,56.53
"48",경상남도,"48880",경상남도 거창군,"2017","2017",-34.53,1,1.42,1,66.86
"11",서울특별시,"11215",서울특별시 광진구,"2019","2019",-8.69,2,-1.62,2,71.33
"11",서울특별시,"11215",서울특별시 광진구,"2018","2018",-8.69,3,-0.92,1,72.03
"11",서울특별시,"11305",서울특별시 강북구,"2013","2013",-16.83,3,-4.04,1,70.73
"11",서울특별시,"11470",서울특별시 양천구,"2016","2016",-6.29,5,1.31,1,70.51
"11",서울특별시,"11470",서울특별시 양천구,"2017","2017",-6.29,5,-1.2,1,70.74
"11",서울특별시,"11740",서울특별시 강동구,"2014","2014",-12.49,3,-0.14,1,69.67
"11",서울특별시,"11740",서울특별시 강동구,"2017","2017",-17.7,5,-0.5,1,69.11
"26",부산광역시,"26200",부산광역시 영도구,"2018","2018",-39.29,5,-2.52,1,83.41
"26",부산광역시,"26320",부산광역시 북구,"2016","2016",-9.6,2,0.44,1,75.14
"26",부산광역시,"26380",부산광역시 사하구,"2014","2014",-9.96,5,-0.06,1,80.31
"27",대구광역시,"27260",대구광역시 수성구,"2016","2016",-3.01,3,1.7,0,74.5
"27",대구광역시,"27260",대구광역시 수성구,"2013","2013",-0.81,2,1.52,0,65.24
"27",대구광역시,"27260",대구광역시 수성구,"2018","2018",-3.01,5,0.43,0,74.72
"43",충청북도,"43720",충청북도 보은군,"2017","2017",-53,2,0.69,0,61.2
"44",충청남도,"44710",충청남도 금산군,"2014","2014",-49.08,4,3.29,1,65.44
"45",전라북도,"45740",전라북도 장수군,"2013","2013",-66.41,4,-20.48,1,56.55
"45",전라북도,"45740",전라북도 장수군,"2019","2019",-55.33,1,-2.22,1,63.93
"45",전라북도,"45740",전라북도 장수군,"2018","2018",-55.33,1,-5.64,1,62.94
"46",전라남도,"46770",전라남도 고흥군,"2018","2018",-61.74,5,1.18,1,66.36
"49",제주특별자치도,"49110",제주특별자치도 제주시,"2019","2019",9.99,0,4.47,0,51.36
"11",서울특별시,"11230",서울특별시 동대문구,"2019","2019",-33.89,5,-3.88,3,81.18
"11",서울특별시,"11230",서울특별시 동대문구,"2016","2016",-33.89,3,0.45,1,81.36
"11",서울특별시,"11650",서울특별시 서초구,"2016","2016",4.55,1,7.15,0,62.54
"26",부산광역시,"26350",부산광역시 해운대구,"2018","2018",-1.23,5,3.86,0,78.14
"28",인천광역시,"28185",인천광역시 연수구,"2014","2014",5.23,0,5.47,0,36.4
"30",대전광역시,"30110",대전광역시 동구,"2014","2014",-17.54,2,-0.27,1,75.49
"30",대전광역시,"30110",대전광역시 동구,"2013","2013",-17.54,1,-9.45,0,75.01
"30",대전광역시,"30170",대전광역시 서구,"2016","2016",-4.27,2,4.3,0,64.21
"41",경기도,"41130",경기도 성남시,"2014","2014",1.6,2,2.54,1,64.86
"41",경기도,"41290",경기도 과천시,"2013","2013",-7.81,3,2.65,1,50
"41",경기도,"41450",경기도 하남시,"2013","2013",13.48,3,2.5,0,33.64
"42",강원도,"42150",강원도 강릉시,"2014","2014",-4.61,2,3.45,0,54.07
"42",강원도,"42750",강원도 영월군,"2013","2013",-63.3,3,2.12,0,40.91
"42",강원도,"42750",강원도 영월군,"2019","2019",-55.42,4,2,1,47.8
"42",강원도,"42750",강원도 영월군,"2018","2018",-55.42,3,1.76,1,47.56
"42",강원도,"42810",강원도 인제군,"2019","2019",-30.36,4,1.27,1,33.19
"45",전라북도,"45190",전라북도 남원시,"2016","2016",-43.35,5,5.26,1,61.21
"45",전라북도,"45730",전라북도 무주군,"2017","2017",-51.1,4,-2.69,2,60.53
"47",경상북도,"47150",경상북도 김천시,"2014","2014",-28.13,2,2.36,1,54.02
"47",경상북도,"47730",경상북도 의성군,"2013","2013",-64.91,5,-25.55,3,66.95
"47",경상북도,"47760",경상북도 영양군,"2016","2016",-61.92,3,0.17,0,58.88
"47",경상북도,"47760",경상북도 영양군,"2019","2019",-61.92,5,2.23,0,59.38
"47",경상북도,"47850",경상북도 칠곡군,"2013","2013",4.8,1,5.04,0,41.58
"48",경상남도,"48890",경상남도 합천군,"2016","2016",-55.24,2,0.03,1,70.11
"11",서울특별시,"11530",서울특별시 구로구,"2013","2013",-3.19,1,5.22,0,64.4
"11",서울특별시,"11530",서울특별시 구로구,"2019","2019",-5.96,4,0.09,0,72.97
"11",서울특별시,"11530",서울특별시 구로구,"2018","2018",-5.96,4,0.95,0,72.86
"26",부산광역시,"26140",부산광역시 서구,"2016","2016",-47.95,5,-4.56,2,84.42
"26",부산광역시,"26140",부산광역시 서구,"2018","2018",-47.95,4,-2.53,1,85.26
"26",부산광역시,"26440",부산광역시 강서구,"2018","2018",9.1,0,6.07,0,39.76
"28",인천광역시,"28140",인천광역시 동구,"2016","2016",-54.2,5,-0.79,0,73.91
"31",울산광역시,"31140",울산광역시 남구,"2018","2018",-1.08,5,1.44,0,60.76
"31",울산광역시,"31140",울산광역시 남구,"2017","2017",-1.08,4,1.67,0,61.56
"41",경기도,"41310",경기도 구리시,"2014","2014",-0.99,4,0.93,0,61.13
"41",경기도,"41430",경기도 의왕시,"2014","2014",0.36,1,2.19,0,51.12
"41",경기도,"41430",경기도 의왕시,"2018","2018",5.91,5,0.88,0,53.77
"41",경기도,"41610",경기도 광주시,"2018","2018",29.43,0,4.25,0,28.33
"42",강원도,"42210",강원도 속초시,"2016","2016",-10.57,5,4.41,1,63.74
"42",강원도,"42230",강원도 삼척시,"2013","2013",-51.69,0,2.24,0,44.86
"43",충청북도,"43745",충청북도 증평군,"2017","2017",-12.12,0,5.59,0,55.66
"44",충청남도,"44180",충청남도 보령시,"2019","2019",-32.27,4,2.18,0,45.98
"44",충청남도,"44180",충청남도 보령시,"2017","2017",-32.27,2,1.97,0,47.75
"44",충청남도,"44760",충청남도 부여군,"2013","2013",-56.05,5,-17.85,0,64.03
"44",충청남도,"44760",충청남도 부여군,"2014","2014",-56.05,5,-5.6,0,64.74
"45",전라북도,"45110",전라북도 전주시,"2013","2013",4.24,0,5.51,0,57.72
"45",전라북도,"45710",전라북도 완주군,"2019","2019",-18.07,2,4.85,0,51.41
"46",전라남도,"46110",전라남도 목포시,"2014","2014",-0.21,2,3.53,0,72.48
"46",전라남도,"46710",전라남도 담양군,"2018","2018",-49.83,2,1.75,1,53.16
"46",전라남도,"46710",전라남도 담양군,"2017","2017",-49.83,3,-0.62,1,54.37
"46",전라남도,"46860",전라남도 함평군,"2017","2017",-60.75,5,-4.54,1,56.33
"46",전라남도,"46860",전라남도 함평군,"2019","2019",-60.75,5,-3.41,1,50.31
"46",전라남도,"46890",전라남도 완도군,"2014","2014",-63.1,5,-2.59,1,65.27
"46",전라남도,"46890",전라남도 완도군,"2019","2019",-57.77,5,2.01,0,67.06
"47",경상북도,"47750",경상북도 청송군,"2013","2013",-62.79,5,-13.14,1,53.01
"47",경상북도,"47750",경상북도 청송군,"2014","2014",-62.79,5,-6.89,1,53.71
"11",서울특별시,"11170",서울특별시 용산구,"2014","2014",-31.82,3,-5.55,1,76.42
"11",서울특별시,"11620",서울특별시 관악구,"2019","2019",-13.7,4,-2.94,2,67.15
"11",서울특별시,"11620",서울특별시 관악구,"2018","2018",-13.7,5,-0.56,2,68.03
"26",부산광역시,"26290",부산광역시 남구,"2019","2019",-17.45,3,3.3,1,79.99
"30",대전광역시,"30200",대전광역시 유성구,"2018","2018",17.01,0,4.23,0,32.65
"31",울산광역시,"31710",울산광역시 울주군,"2013","2013",14.32,0,6.02,0,31.07
"44",충청남도,"44270",충청남도 당진시,"2018","2018",6.51,0,,,36.07
"41",경기도,"41550",경기도 안성시,"2018","2018",1.77,2,3.03,1,44.75
"41",경기도,"41570",경기도 김포시,"2017","2017",48.08,0,5.61,0,24.1
"41",경기도,"41730",경기도 여주시,"2019","2019",4.76,2,3.98,0,31.77
"41",경기도,"41730",경기도 여주시,"2018","2018",,,4.29,0,
"44",충청남도,"44790",충청남도 청양군,"2017","2017",-49.52,0,1.79,0,64.1
"45",전라북도,"45800",전라북도 부안군,"2017","2017",-55.26,2,1.55,0,66.95
"45",전라북도,"45800",전라북도 부안군,"2014","2014",-61.21,3,3.98,1,59.28
"47",경상북도,"47230",경상북도 영천시,"2016","2016",-32.7,5,3.76,0,58.13
"46",전라남도,"46800",전라남도 장흥군,"2018","2018",-59.47,3,2.17,1,65.07
"46",전라남도,"46800",전라남도 장흥군,"2017","2017",-59.47,2,-1.23,1,66.33
"49",제주특별자치도,"49130",제주특별자치도 서귀포시,"2018","2018",,,5.01,0,
"11",서울특별시,"11200",서울특별시 성동구,"2016","2016",-31.23,3,4.26,0,79.95
"11",서울특별시,"11350",서울특별시 노원구,"2014","2014",-3.16,4,0.18,2,63.12
"11",서울특별시,"11350",서울특별시 노원구,"2013","2013",-3.16,3,-0.85,2,60.31
"27",대구광역시,"27290",대구광역시 달서구,"2013","2013",2,1,4.6,0,53.36
"41",경기도,"41190",경기도 부천시,"2016","2016",-3.99,4,2.21,0,67.33
"41",경기도,"41250",경기도 동두천시,"2019","2019",1.89,3,2.25,0,62.08
"41",경기도,"41830",경기도 양평군,"2014","2014",-11.35,0,5.23,0,31.84
"43",충청북도,"43130",충청북도 충주시,"2016","2016",-5.39,1,3.11,1,56.5
"43",충청북도,"43130",충청북도 충주시,"2013","2013",-6.75,1,-0.22,1,54.04
"43",충청북도,"43130",충청북도 충주시,"2014","2014",-6.75,1,1.44,1,54.39
"44",충청남도,"44200",충청남도 아산시,"2019","2019",8.63,0,4.05,0,45.86
"44",충청남도,"44200",충청남도 아산시,"2014","2014",33.71,0,3.59,0,42.52
"44",충청남도,"44230",충청남도 논산시,"2018","2018",-35.43,5,0.67,1,65.7
"46",전라남도,"46130",전라남도 여수시,"2018","2018",-14.27,5,2.33,0,64.93
"46",전라남도,"46790",전라남도 화순군,"2013","2013",-42.07,5,1.42,0,57.76
"46",전라남도,"46830",전라남도 영암군,"2014","2014",-41.27,3,5.75,1,54.73
"46",전라남도,"46870",전라남도 영광군,"2013","2013",-59.31,1,-5.47,1,44.2
"47",경상북도,"47190",경상북도 구미시,"2014","2014",4.9,0,3.3,0,42.11
"47",경상북도,"47920",경상북도 봉화군,"2018","2018",-60.15,4,0.8,0,65.82
"47",경상북도,"47940",경상북도 울릉군,"2017","2017",-50.16,5,-2.9,2,73.17
"48",경상남도,"48220",경상남도 통영시,"2013","2013",-11.3,2,2.21,0,64.27
"48",경상남도,"48330",경상남도 양산시,"2018","2018",15.09,0,5.89,0,40.81
"48",경상남도,"48330",경상남도 양산시,"2014","2014",16.28,0,4.15,0,38.62
"11",서울특별시,"11545",서울특별시 금천구,"2017","2017",-28.74,5,3.15,0,75.49
"26",부산광역시,"26410",부산광역시 금정구,"2013","2013",-22.43,1,-7.59,1,72.33
"27",대구광역시,"27110",대구광역시 중구,"2014","2014",-66.7,2,-6.64,1,80.05
"28",인천광역시,"28245",인천광역시 계양구,"2019","2019",-3.91,5,0.17,0,60.65
"28",인천광역시,"28720",인천광역시 옹진군,"2014","2014",-33.19,0,6.16,0,46.02
"29",광주광역시,"29155",광주광역시 남구,"2014","2014",-23.55,2,1.52,0,72.95
"31",울산광역시,"31110",울산광역시 중구,"2013","2013",-5.75,1,-3.19,0,64.94
"31",울산광역시,"31110",울산광역시 중구,"2019","2019",-0.85,4,2.15,0,72.26
"41",경기도,"41210",경기도 광명시,"2018","2018",-5.57,5,1.39,1,71.05
"41",경기도,"41650",경기도 포천시,"2016","2016",3.53,5,4.72,0,36.83
"41",경기도,"41650",경기도 포천시,"2014","2014",-0.84,5,3.55,0,31.7
"41",경기도,"41820",경기도 가평군,"2019","2019",0.67,1,5.12,1,35.15
"46",전라남도,"46150",전라남도 순천시,"2016","2016",-3.01,1,1.15,0,60.24
"47",경상북도,"47280",경상북도 문경시,"2016","2016",-49.11,2,3.24,0,64.15
"46",전라남도,"46840",전라남도 무안군,"2019","2019",-23.29,2,4.54,0,64.64
"47",경상북도,"47110",경상북도 포항시,"2014","2014",-0.84,1,2,0,48.73
"47",경상북도,"47130",경상북도 경주시,"2018","2018",-8.94,5,2.02,0,57.64
"48",경상남도,"48720",경상남도 의령군,"2013","2013",-60.11,3,-14.67,1,27.85
"48",경상남도,"48720",경상남도 의령군,"2017","2017",-53.09,5,-0.91,1,57.91
"48",경상남도,"48820",경상남도 고성군,"2013","2013",-44.35,2,0.33,0,63.9
"48",경상남도,"48820",경상남도 고성군,"2016","2016",-37.47,5,4.98,0,68.6
"11",서울특별시,"11560",서울특별시 영등포구,"2014","2014",-15.71,4,0.21,0,77.81
"26",부산광역시,"26110",부산광역시 중구,"2014","2014",-51.08,4,-4.22,1,69.84
"26",부산광역시,"26110",부산광역시 중구,"2013","2013",-51.08,3,-8.62,1,68.03
"26",부산광역시,"26470",부산광역시 연제구,"2013","2013",-22.77,2,1.13,0,80.14
"26",부산광역시,"26470",부산광역시 연제구,"2017","2017",-22.9,2,1.55,1,84.53
"28",인천광역시,"28110",인천광역시 중구,"2019","2019",22.86,0,3.61,0,44.35
"28",인천광역시,"28170",인천광역시 미추홀구,"2018","2018",-7.53,2,2.55,1,75.17
"41",경기도,"41220",경기도 평택시,"2014","2014",2.66,0,2.21,1,32.7
"41",경기도,"41220",경기도 평택시,"2019","2019",12.02,0,4.37,0,36.93
"43",충청북도,"43750",충청북도 진천군,"2017","2017",4.71,0,3.03,0,47.09
"43",충청북도,"43750",충청북도 진천군,"2014","2014",-3.45,0,3.61,0,47.79
"45",전라북도,"45140",전라북도 익산시,"2013","2013",-8.44,1,-3.16,0,61.45
"45",전라북도,"45140",전라북도 익산시,"2014","2014",-8.44,1,2.99,0,62.27
"46",전라남도,"46780",전라남도 보성군,"2014","2014",-68.5,5,-7.41,2,65.9
"46",전라남도,"46900",전라남도 진도군,"2019","2019",-60.69,5,4.43,1,75.01
"46",전라남도,"46910",전라남도 신안군,"2014","2014",-74.64,2,4.21,0,73.36
"46",전라남도,"46910",전라남도 신안군,"2017","2017",-69.21,4,-4.06,2,74.78
"48",경상남도,"48730",경상남도 함안군,"2014","2014",-24.34,1,6.68,0,19.94
"11",서울특별시,"11680",서울특별시 강남구,"2013","2013",-1.32,3,7.79,0,49.35
"27",대구광역시,"27170",대구광역시 서구,"2013","2013",-47.94,5,-12.02,2,72
"27",대구광역시,"27170",대구광역시 서구,"2018","2018",-50.72,5,-4.29,1,84.09
"27",대구광역시,"27170",대구광역시 서구,"2017","2017",-50.72,5,-5.03,1,74.55
"28",인천광역시,"28200",인천광역시 남동구,"2014","2014",15.91,0,0.86,0,55.17
"31",울산광역시,"31200",울산광역시 북구,"2013","2013",19.88,0,4.53,0,34.44
"31",울산광역시,"31200",울산광역시 북구,"2019","2019",9.57,0,3,0,47.37
"41",경기도,"41370",경기도 오산시,"2019","2019",11.01,1,4.68,0,38.53
"41",경기도,"41480",경기도 파주시,"2014","2014",35.46,0,3.74,0,13.29
"42",강원도,"42170",강원도 동해시,"2017","2017",-7.44,4,-3.21,1,62.11
"42",강원도,"42820",강원도 고성군,"2018","2018",-39.42,2,2.55,0,60.02
"44",충청남도,"44250",충청남도 계룡시,"2018","2018",-6.02,1,6.58,1,43.21
"46",전라남도,"46730",전라남도 구례군,"2019","2019",-50.84,2,2.51,1,64.71
"47",경상북도,"47840",경상북도 성주군,"2013","2013",-52.35,2,2.98,1,53.04
"47",경상북도,"47840",경상북도 성주군,"2018","2018",-39.11,2,2.42,1,54.98
"47",경상북도,"47840",경상북도 성주군,"2014","2014",-52.35,3,6.74,1,53.23
"48",경상남도,"48110",경상남도 창원시,"2017","2017",-3.72,5,2.1,0,65.14
"48",경상남도,"48110",경상남도 창원시,"2016","2016",-3.72,5,2.87,0,61.4
"48",경상남도,"48240",경상남도 사천시,"2017","2017",-12.3,4,1.85,0,64.75
"48",경상남도,"48240",경상남도 사천시,"2014","2014",-20.7,1,3.88,1,57.77
"11",서울특별시,"11305",서울특별시 강북구,"2014","2014",-16.83,4,-5.92,2,75.07
"11",서울특별시,"11305",서울특별시 강북구,"2019","2019",-19.05,5,-2.89,1,79.19
"26",부산광역시,"26320",부산광역시 북구,"2014","2014",-8.26,2,-0.41,1,72.29
"27",대구광역시,"27140",대구광역시 동구,"2013","2013",-11.11,0,3.64,1,70.15
"41",경기도,"41410",경기도 군포시,"2016","2016",-0.36,2,1.12,0,62.77
"46",전라남도,"46770",전라남도 고흥군,"2019","2019",-61.74,5,1.43,1,66.56
"48",경상남도,"48310",경상남도 거제시,"2019","2019",7.66,3,1.77,0,52.77
"49",제주특별자치도,"49110",제주특별자치도 제주시,"2014","2014",2.37,0,5.75,1,50.07
"49",제주특별자치도,"49110",제주특별자치도 제주시,"2018","2018",,,4.06,0,
"11",서울특별시,"11230",서울특별시 동대문구,"2014","2014",-34.49,2,-2.52,2,78.87
"11",서울특별시,"11320",서울특별시 도봉구,"2016","2016",-8.46,5,2.09,1,72.63
"11",서울특별시,"11320",서울특별시 도봉구,"2017","2017",-8.46,5,0.12,1,75.27
"11",서울특별시,"11650",서울특별시 서초구,"2013","2013",-0.61,1,10.76,1,56.32
"26",부산광역시,"26260",부산광역시 동래구,"2014","2014",-20.26,3,-6.7,1,80.75
"26",부산광역시,"26260",부산광역시 동래구,"2018","2018",-21.77,5,-3.03,1,82.71
"26",부산광역시,"26260",부산광역시 동래구,"2017","2017",-21.77,5,-3.49,1,82.21
"26",부산광역시,"26350",부산광역시 해운대구,"2014","2014",3.42,2,4.35,0,69.2
"27",대구광역시,"27710",대구광역시 달성군,"2019","2019",8.81,0,4.11,0,51.16
"27",대구광역시,"27710",대구광역시 달성군,"2018","2018",8.81,0,4.03,0,50.83
"30",대전광역시,"30170",대전광역시 서구,"2019","2019",-4.27,3,1.5,0,66.08
"50",제주특별자치도,"50130",제주특별자치도 서귀포시,"2018","2018",-13.83,0,,,57.9
"41",경기도,"41130",경기도 성남시,"2018","2018",-2.58,2,0.53,0,73.86
"41",경기도,"41130",경기도 성남시,"2017","2017",-2.58,2,2.18,0,74.32
"41",경기도,"41170",경기도 안양시,"2016","2016",-5.99,5,2.78,0,72.12
"41",경기도,"41170",경기도 안양시,"2013","2013",-1.68,3,2.38,1,69.15
"41",경기도,"41280",경기도 고양시,"2016","2016",7.58,0,7.1,0,29.64
"41",경기도,"41800",경기도 연천군,"2019","2019",-34.21,3,0.26,1,56.09
"41",경기도,"41800",경기도 연천군,"2018","2018",-34.21,2,1.02,1,55.78
"41",경기도,"41800",경기도 연천군,"2017","2017",-34.21,1,-1.04,1,59.53
"42",강원도,"42150",강원도 강릉시,"2019","2019",-6.76,2,2.13,1,57.41
"42",강원도,"42190",강원도 태백시,"2019","2019",-59.3,5,-0.93,1,70.05
"43",충청북도,"43770",충청북도 음성군,"2016","2016",8.65,0,8.52,0,46.06
"43",충청북도,"43770",충청북도 음성군,"2014","2014",-12.72,0,8.19,1,43.16
"44",충청남도,"44830",충청남도 당진시,"2013","2013",-9.16,0,7.81,0,27.1
"45",전라북도,"45130",전라북도 군산시,"2016","2016",-6.39,2,1.6,0,58.42
"47",경상북도,"47150",경상북도 김천시,"2013","2013",-28.13,2,1.72,1,53.21
"47",경상북도,"47150",경상북도 김천시,"2019","2019",-17.08,1,2.21,0,60.17
"47",경상북도,"47150",경상북도 김천시,"2017","2017",-17.08,1,4.3,0,62.02
"47",경상북도,"47210",경상북도 영주시,"2013","2013",-33.36,2,3.62,0,64.18
"47",경상북도,"47730",경상북도 의성군,"2018","2018",-59.14,5,-0.79,1,70.98
"47",경상북도,"47770",경상북도 영덕군,"2017","2017",-54.02,5,-1.91,1,64.33
"47",경상북도,"47770",경상북도 영덕군,"2014","2014",-60.06,5,1.06,1,56.99
"47",경상북도,"47770",경상북도 영덕군,"2016","2016",-54.02,5,4.52,0,59.72
"47",경상북도,"47770",경상북도 영덕군,"2019","2019",-54.02,5,1.97,1,62.3
"47",경상북도,"47850",경상북도 칠곡군,"2019","2019",2.91,3,3.05,0,46.29
"48",경상남도,"48250",경상남도 김해시,"2017","2017",3.64,0,2.62,0,44.34
"48",경상남도,"48250",경상남도 김해시,"2019","2019",3.64,0,2.41,0,44.43
"48",경상남도,"48840",경상남도 남해군,"2017","2017",-51.87,5,1.48,0,70.12
"48",경상남도,"48840",경상남도 남해군,"2014","2014",-57.41,3,2.71,1,62.11
"48",경상남도,"48890",경상남도 합천군,"2019","2019",-55.24,5,-5.06,2,71.4
"11",서울특별시,"11140",서울특별시 중구,"2014","2014",-50.06,2,-8.14,2,79.51
"28",인천광역시,"28140",인천광역시 동구,"2014","2014",-56.55,4,-3.41,1,68.43
"29",광주광역시,"29110",광주광역시 동구,"2013","2013",-53.04,2,-10.67,1,71.34
"29",광주광역시,"29110",광주광역시 동구,"2017","2017",-53.88,5,-3.75,1,76.74
"29",광주광역시,"29170",광주광역시 북구,"2016","2016",-5.25,2,0.47,1,64.61
"41",경기도,"41500",경기도 이천시,"2014","2014",3.51,1,4.68,1,29.62
"41",경기도,"41610",경기도 광주시,"2013","2013",10.88,0,6.13,0,19.76
"42",강원도,"42210",강원도 속초시,"2013","2013",-8.18,3,-2.06,2,57.88
"42",강원도,"42230",강원도 삼척시,"2018","2018",-48.26,5,2.12,0,54.25
"42",강원도,"42790",강원도 화천군,"2014","2014",-42.61,0,2.07,1,39.13
"44",충청남도,"44760",충청남도 부여군,"2016","2016",-49.99,5,0.09,0,68.77
"45",전라북도,"45110",전라북도 전주시,"2017","2017",0.28,3,2.49,0,61.41
"46",전라남도,"46710",전라남도 담양군,"2014","2014",-54.99,3,-0.19,1,46.41
"46",전라남도,"46860",전라남도 함평군,"2013","2013",-67.83,5,-10.89,2,37.36
"46",전라남도,"46860",전라남도 함평군,"2018","2018",-60.75,5,-4.3,1,49.29
"47",경상북도,"47750",경상북도 청송군,"2019","2019",-56.6,5,0.99,1,55.9
"11",서울특별시,"11170",서울특별시 용산구,"2018","2018",-34.93,5,-2.35,2,82.28
"26",부산광역시,"26230",부산광역시 부산진구,"2016","2016",-27.75,5,-3.69,1,82.52
"26",부산광역시,"26230",부산광역시 부산진구,"2017","2017",-27.75,5,-0.93,0,82.89
"28",인천광역시,"28260",인천광역시 서구,"2014","2014",5.79,0,1.82,0,43.06
"31",울산광역시,"31710",울산광역시 울주군,"2018","2018",12.15,1,1.51,0,40.52
"41",경기도,"41270",경기도 안산시,"2014","2014",6.92,3,2.15,0,32.28
"41",경기도,"41390",경기도 시흥시,"2017","2017",-4.65,2,1.36,1,31.09
"41",경기도,"41550",경기도 안성시,"2019","2019",1.77,1,4.49,1,45.38
"41",경기도,"41550",경기도 안성시,"2017","2017",1.77,2,0.76,1,50.6
"41",경기도,"41730",경기도 여주시,"2013","2013",2.32,1,-0.06,1,16.67
"44",충청남도,"44210",충청남도 서산시,"2019","2019",4.88,0,3.89,0,51.7
"44",충청남도,"44210",충청남도 서산시,"2014","2014",4.13,0,2.98,0,48.26
"45",전라북도,"45750",전라북도 임실군,"2013","2013",-71.82,2,-10.16,1,44.51
"45",전라북도,"45750",전라북도 임실군,"2014","2014",-71.82,2,0.67,1,45.79
"46",전라남도,"46230",전라남도 광양시,"2016","2016",-5.04,0,3.5,0,52.75
"47",경상북도,"47230",경상북도 영천시,"2019","2019",-32.7,2,1.26,1,59.21
"46",전라남도,"46800",전라남도 장흥군,"2013","2013",-68.34,1,-8.34,2,61.5
"46",전라남도,"46810",전라남도 강진군,"2013","2013",-62.75,3,-16.21,1,63.74
"46",전라남도,"46810",전라남도 강진군,"2019","2019",-56.18,5,2.72,0,66.33
"47",경상북도,"47900",경상북도 예천군,"2016","2016",-57.17,4,1.09,1,66.55
"11",서울특별시,"11200",서울특별시 성동구,"2014","2014",-28.58,4,0.76,1,76.81
"11",서울특별시,"11350",서울특별시 노원구,"2018","2018",-7.94,5,2.11,0,69.28
"43",충청북도,"43710",충청북도 청원군,"2014","2014",-8.68,1,5.76,0,41.8
"41",경기도,"41190",경기도 부천시,"2019","2019",-3.99,3,1.19,1,66.62
"41",경기도,"41190",경기도 부천시,"2018","2018",-3.99,2,0.21,1,66.84
"41",경기도,"41250",경기도 동두천시,"2014","2014",14.39,0,-1.27,1,57.35
"42",강원도,"42730",강원도 횡성군,"2017","2017",-30.78,0,0,0,31.51
"42",강원도,"42730",강원도 횡성군,"2014","2014",-47.12,0,0.22,0,19.72
"42",강원도,"42770",강원도 정선군,"2013","2013",-73.12,2,-3.23,1,34.75
"44",충청남도,"44130",충청남도 천안시,"2017","2017",5.63,0,2.18,0,50.6
"44",충청남도,"44200",충청남도 아산시,"2016","2016",8.63,0,11.61,0,46.59
"44",충청남도,"44230",충청남도 논산시,"2019","2019",-35.43,5,2.85,1,65.42
"44",충청남도,"44230",충청남도 논산시,"2014","2014",-39.39,3,1.86,1,59.31
"47",경상북도,"47250",경상북도 상주시,"2017","2017",-45.87,5,1.41,1,64.93
"47",경상북도,"47290",경상북도 경산시,"2013","2013",9.8,1,3.76,0,45.46
"47",경상북도,"47720",경상북도 군위군,"2017","2017",-52.28,2,-0.11,1,67.15
"47",경상북도,"47720",경상북도 군위군,"2016","2016",-52.28,2,3.24,0,62.21
"47",경상북도,"47720",경상북도 군위군,"2019","2019",-52.28,2,1.79,1,62.89
"46",전라남도,"46820",전라남도 해남군,"2018","2018",-55.09,5,0.15,1,65.98
"46",전라남도,"46820",전라남도 해남군,"2017","2017",-55.09,5,-0.66,1,67.65
"46",전라남도,"46870",전라남도 영광군,"2014","2014",-59.31,1,3.34,1,45.87
"47",경상북도,"47190",경상북도 구미시,"2019","2019",2.86,2,2.3,0,47.41
"47",경상북도,"47920",경상북도 봉화군,"2013","2013",-67.96,3,-10.72,1,64.68
"47",경상북도,"47920",경상북도 봉화군,"2014","2014",-67.96,3,-6.75,1,64.8
"47",경상북도,"47940",경상북도 울릉군,"2018","2018",-50.16,5,-1.49,2,72.15
"47",경상북도,"47940",경상북도 울릉군,"2019","2019",-50.16,5,-1.57,2,71.95
"48",경상남도,"48870",경상남도 함양군,"2013","2013",-54.09,3,5.16,0,54.78
"48",경상남도,"48870",경상남도 함양군,"2017","2017",-46.14,5,-1.4,1,60.48
"11",서울특별시,"11440",서울특별시 마포구,"2013","2013",-16.38,3,6.18,0,62.31
"11",서울특별시,"11440",서울특별시 마포구,"2017","2017",-16.28,2,-0.81,1,68.95
"26",부산광역시,"26710",부산광역시 기장군,"2018","2018",55.41,0,5.16,0,42.3
"27",대구광역시,"27110",대구광역시 중구,"2016","2016",-57.7,1,0.25,0,81.65
"27",대구광역시,"27110",대구광역시 중구,"2019","2019",-57.7,2,0.96,1,80.94
"28",인천광역시,"28710",인천광역시 강화군,"2014","2014",-37.65,3,0.89,0,43.62
"28",인천광역시,"28720",인천광역시 옹진군,"2016","2016",-1.97,0,8.91,0,44.99
"41",경기도,"41460",경기도 용인시,"2013","2013",24.22,0,5.2,0,22.07
"41",경기도,"41650",경기도 포천시,"2019","2019",3.53,5,2.41,0,41.68
"41",경기도,"41820",경기도 가평군,"2018","2018",0.67,1,2.78,1,35
"43",충청북도,"43800",충청북도 단양군,"2013","2013",-61.37,5,4.54,0,63.51
"44",충청남도,"44800",충청남도 홍성군,"2018","2018",-23.56,1,1.26,0,45.04
"44",충청남도,"44800",충청남도 홍성군,"2017","2017",-23.56,0,3.63,0,52.33
"44",충청남도,"44810",충청남도 예산군,"2018","2018",-43.19,5,1.28,1,60.12
"44",충청남도,"44825",충청남도 태안군,"2014","2014",-45.38,3,2.98,0,39.48
"46",전라남도,"46150",전라남도 순천시,"2014","2014",-4.75,1,3.22,0,56.76
"46",전라남도,"46840",전라남도 무안군,"2018","2018",-23.29,1,1.21,0,64.49
"47",경상북도,"47130",경상북도 경주시,"2019","2019",-8.94,5,3.38,0,57.77
"47",경상북도,"47170",경상북도 안동시,"2016","2016",-24.56,1,2.32,0,67.34
"48",경상남도,"48820",경상남도 고성군,"2019","2019",-37.47,5,-0.05,2,68.67
"11",서울특별시,"11560",서울특별시 영등포구,"2019","2019",-23.96,4,-4.77,3,79.46
"26",부산광역시,"26110",부산광역시 중구,"2016","2016",-51.99,5,-3.86,1,76.04
"26",부산광역시,"26110",부산광역시 중구,"2019","2019",-51.99,5,-1.42,1,80.87
"28",인천광역시,"28110",인천광역시 중구,"2014","2014",-6.44,0,2.58,0,45.2
"28",인천광역시,"28110",인천광역시 중구,"2017","2017",22.86,0,1.81,0,53.55
"43",충청북도,"43730",충청북도 옥천군,"2016","2016",-40.34,5,4.81,0,61.4
"43",충청북도,"43730",충청북도 옥천군,"2017","2017",-40.34,5,-0.87,1,60.68
"44",충청남도,"44770",충청남도 서천군,"2017","2017",-51.49,5,-2.76,1,58.34
"45",전라북도,"45790",전라북도 고창군,"2017","2017",-56.38,2,3.72,0,45.46
"46",전라남도,"46780",전라남도 보성군,"2018","2018",-66.93,5,-6.86,2,67.37
"47",경상북도,"47930",경상북도 울진군,"2016","2016",-45.26,2,0.49,0,69.91
"48",경상남도,"48730",경상남도 함안군,"2018","2018",-9.07,3,3.17,1,33.34
"11",서울특별시,"11110",서울특별시 종로구,"2019","2019",-45.05,2,-2.56,4,76.6
"11",서울특별시,"11500",서울특별시 강서구,"2016","2016",2.84,1,2.24,1,58.39
"11",서울특별시,"11710",서울특별시 송파구,"2018","2018",-3.37,3,2.53,1,60.26
"26",부산광역시,"26170",부산광역시 동구,"2014","2014",-56.81,4,-1.68,1,82.01
"26",부산광역시,"26170",부산광역시 동구,"2017","2017",-55.61,5,-2.71,2,86.55
"26",부산광역시,"26530",부산광역시 사상구,"2019","2019",-20.41,5,-0.59,1,73.54
"27",대구광역시,"27170",대구광역시 서구,"2019","2019",-50.72,5,-3.12,2,84.07
"31",울산광역시,"31170",울산광역시 동구,"2013","2013",-13.37,2,-1.26,1,53.66
"31",울산광역시,"31200",울산광역시 북구,"2014","2014",19.88,0,4.09,0,36.16
"31",울산광역시,"31200",울산광역시 북구,"2017","2017",9.57,0,5.52,0,50.27
"41",경기도,"41370",경기도 오산시,"2016","2016",11.01,1,4.18,0,40.57
"41",경기도,"41370",경기도 오산시,"2014","2014",38.75,0,3.65,0,40.74
"41",경기도,"41480",경기도 파주시,"2016","2016",22.65,0,6.34,0,17.82
"41",경기도,"41480",경기도 파주시,"2018","2018",22.65,0,5.37,0,21.87
"42",강원도,"42110",강원도 춘천시,"2018","2018",0.65,1,2.95,0,49.85
"42",강원도,"42170",강원도 동해시,"2016","2016",-7.44,3,0.22,1,59.19
"42",강원도,"42170",강원도 동해시,"2014","2014",-13.17,1,1.24,2,56.05
"43",충청북도,"43150",충청북도 제천시,"2019","2019",-11.24,3,1.04,0,57.46
"43",충청북도,"43150",충청북도 제천시,"2018","2018",-11.24,2,1.49,0,57.38
"44",충청남도,"44150",충청남도 공주시,"2014","2014",-27.02,4,2.59,2,51.35
"45",전라북도,"45720",전라북도 진안군,"2019","2019",-64.33,2,5.23,1,52.78
"47",경상북도,"47830",경상북도 고령군,"2013","2013",-35.01,2,5.84,0,64.53
"47",경상북도,"47830",경상북도 고령군,"2016","2016",-22.48,5,8.03,0,68.39
"48",경상남도,"48880",경상남도 거창군,"2018","2018",-34.53,2,1.1,1,64.63
"11",서울특별시,"11305",서울특별시 강북구,"2018","2018",-19.05,5,-2.69,1,79.26
"11",서울특별시,"11380",서울특별시 은평구,"2013","2013",-7.15,0,-0.68,0,68.2
"11",서울특별시,"11380",서울특별시 은평구,"2018","2018",-2.58,5,0.22,1,69.69
"11",서울특별시,"11470",서울특별시 양천구,"2014","2014",-4.29,3,-0.61,1,68.57
"11",서울특별시,"11740",서울특별시 강동구,"2018","2018",-17.7,5,-1.46,1,70.2
"26",부산광역시,"26200",부산광역시 영도구,"2014","2014",-34.47,5,-8.36,1,79.33
"26",부산광역시,"26200",부산광역시 영도구,"2017","2017",-39.29,5,-5.09,1,84.05
"41",경기도,"41410",경기도 군포시,"2013","2013",2.98,3,4.28,0,53.8
"42",강원도,"42720",강원도 홍천군,"2017","2017",-26.64,3,1.28,0,49.06
"43",충청북도,"43110",충청북도 청주시,"2014","2014",3.75,0,1.44,0,59.6
"43",충청북도,"43720",충청북도 보은군,"2016","2016",-53,3,4.53,1,61.3
"43",충청북도,"43720",충청북도 보은군,"2019","2019",-53,4,2.03,0,62.82
"43",충청북도,"43720",충청북도 보은군,"2014","2014",-62.3,4,-4.31,2,58.81
"44",충청남도,"44710",충청남도 금산군,"2018","2018",-43.03,5,1.88,0,67.72
"45",전라북도,"45740",전라북도 장수군,"2016","2016",-55.33,1,3.98,1,59.89
"48",경상남도,"48310",경상남도 거제시,"2018","2018",7.66,2,0.76,0,52.48
"11",서울특별시,"11230",서울특별시 동대문구,"2017","2017",-33.89,4,-0.92,1,83.66
"26",부산광역시,"26350",부산광역시 해운대구,"2019","2019",-1.23,5,2.46,0,78.33
"28",인천광역시,"28185",인천광역시 연수구,"2016","2016",11.57,0,9.38,0,56.77
"29",광주광역시,"29200",광주광역시 광산구,"2016","2016",7.93,0,6.96,0,47.32
"29",광주광역시,"29200",광주광역시 광산구,"2013","2013",20.26,0,7.39,0,44.28
"30",대전광역시,"30110",대전광역시 동구,"2016","2016",-18.55,4,1.32,1,76.02
"30",대전광역시,"30170",대전광역시 서구,"2018","2018",-4.27,2,1.52,0,66.44
"41",경기도,"41170",경기도 안양시,"2017","2017",-5.99,5,1.87,1,73.16
"41",경기도,"41450",경기도 하남시,"2016","2016",9.93,2,6.86,0,39.77
"41",경기도,"41800",경기도 연천군,"2016","2016",-34.21,1,0.67,1,53.5
"42",강원도,"42150",강원도 강릉시,"2017","2017",-6.76,4,1.2,1,59.76
"45",전라북도,"45130",전라북도 군산시,"2013","2013",-9.23,1,3.75,0,53.52
"45",전라북도,"45130",전라북도 군산시,"2018","2018",-6.39,3,-0.58,2,60.68
"45",전라북도,"45190",전라북도 남원시,"2014","2014",-49.21,4,-2.75,2,57.6
"45",전라북도,"45730",전라북도 무주군,"2016","2016",-51.1,3,9.64,0,57.47
"47",경상북도,"47730",경상북도 의성군,"2019","2019",-59.14,5,1.66,1,71.3
"47",경상북도,"47760",경상북도 영양군,"2013","2013",-68.63,4,-16.57,1,57.03
"47",경상북도,"47770",경상북도 영덕군,"2018","2018",-54.02,5,-0.57,1,61.46
"48",경상남도,"48170",경상남도 진주시,"2013","2013",-0.56,1,1.93,0,61.73
"48",경상남도,"48250",경상남도 김해시,"2014","2014",14.53,0,4.48,0,36.54
"48",경상남도,"48890",경상남도 합천군,"2017","2017",-55.24,3,-7.37,2,73.25
"11",서울특별시,"11290",서울특별시 성북구,"2016","2016",-23.65,5,-0.19,1,77.58
"11",서울특별시,"11290",서울특별시 성북구,"2013","2013",-22.28,3,-0.32,1,70.57
"11",서울특별시,"11410",서울특별시 서대문구,"2018","2018",-26.4,2,1.67,1,77.99
"11",서울특별시,"11530",서울특별시 구로구,"2016","2016",-5.96,2,3.44,0,71.96
"28",인천광역시,"28140",인천광역시 동구,"2013","2013",-56.55,3,-7.88,1,65.18
"29",광주광역시,"29110",광주광역시 동구,"2019","2019",-53.88,4,-7.37,1,74.84
"29",광주광역시,"29140",광주광역시 서구,"2016","2016",-3.3,4,2.87,1,53.49
"29",광주광역시,"29170",광주광역시 북구,"2014","2014",0.43,3,2.56,1,61.54
"29",광주광역시,"29170",광주광역시 북구,"2017","2017",-5.25,3,1.55,1,67.02
"41",경기도,"41310",경기도 구리시,"2013","2013",-0.99,3,5.14,0,56.62
"41",경기도,"41310",경기도 구리시,"2019","2019",-4.85,1,3.31,0,62.75
"41",경기도,"41430",경기도 의왕시,"2016","2016",5.91,3,5.6,0,53.7
"41",경기도,"41500",경기도 이천시,"2018","2018",3.15,2,3.8,0,38.01
"42",강원도,"42790",강원도 화천군,"2018","2018",-25.6,4,2.53,0,46.91
"42",강원도,"42800",강원도 양구군,"2017","2017",-28.13,2,0.56,0,48.32
"45",전라북도,"45710",전라북도 완주군,"2014","2014",-36.71,1,5.25,0,44.51
"46",전라남도,"46710",전라남도 담양군,"2013","2013",-54.99,2,-12.13,1,45.59
"46",전라남도,"46860",전라남도 함평군,"2014","2014",-67.83,5,3.43,2,39.68
"48",경상남도,"48860",경상남도 산청군,"2018","2018",-46.97,1,0.53,1,64.83
"11",서울특별시,"11620",서울특별시 관악구,"2016","2016",-13.7,5,-3.32,1,68.25
"26",부산광역시,"26230",부산광역시 부산진구,"2013","2013",-26.5,3,-11.71,1,80.01
"26",부산광역시,"26290",부산광역시 남구,"2016","2016",-17.45,3,-0.98,2,80.2
"27",대구광역시,"27200",대구광역시 남구,"2014","2014",-39.14,5,-8.7,2,78.12
"27",대구광역시,"27200",대구광역시 남구,"2019","2019",-42.62,5,-0.36,1,81.87
"30",대전광역시,"30200",대전광역시 유성구,"2014","2014",31.82,0,4.75,0,30.66
"30",대전광역시,"30200",대전광역시 유성구,"2017","2017",17.01,0,4.53,0,38.07
"41",경기도,"41590",경기도 화성시,"2014","2014",69.29,0,6.23,0,23.49
"41",경기도,"41730",경기도 여주시,"2017","2017",4.76,1,1.9,1,38.43
"43",충청북도,"43760",충청북도 괴산군,"2014","2014",-63.27,0,3.99,0,49.13
"44",충청남도,"44210",충청남도 서산시,"2017","2017",4.88,0,2.29,0,52.55
"44",충청남도,"44790",충청남도 청양군,"2019","2019",-49.52,2,2.83,0,67.64
"45",전라북도,"45800",전라북도 부안군,"2013","2013",-61.21,4,-1.75,1,58.58
"46",전라남도,"46230",전라남도 광양시,"2017","2017",-5.04,0,2.75,0,53.43
"46",전라남도,"46230",전라남도 광양시,"2019","2019",-5.04,1,2.48,0,55.64
"47",경상북도,"47230",경상북도 영천시,"2017","2017",-32.7,4,1.93,0,59.16
"46",전라남도,"46810",전라남도 강진군,"2016","2016",-56.18,5,-4.69,0,66.04
"48",경상남도,"48270",경상남도 밀양시,"2013","2013",-38.64,3,1.36,0,54.07
"49",제주특별자치도,"49130",제주특별자치도 서귀포시,"2013","2013",-24.5,1,5.39,1,54.03
"11",서울특별시,"11200",서울특별시 성동구,"2019","2019",-31.23,1,2.66,0,80.58
"11",서울특별시,"11200",서울특별시 성동구,"2013","2013",-28.58,3,-1.16,1,73.41
"27",대구광역시,"27290",대구광역시 달서구,"2017","2017",-1.4,4,4.48,1,61.77
"28",인천광역시,"28237",인천광역시 부평구,"2016","2016",-2.16,2,0.4,1,73.24
"30",대전광역시,"30230",대전광역시 대덕구,"2014","2014",-12.32,2,2.95,1,61.77
"30",대전광역시,"30230",대전광역시 대덕구,"2019","2019",-16.26,5,-0.09,1,69.11
"30",대전광역시,"30230",대전광역시 대덕구,"2018","2018",-16.26,5,1.01,0,67.31
"41",경기도,"41830",경기도 양평군,"2013","2013",-11.35,0,0.73,0,31.45
"41",경기도,"41830",경기도 양평군,"2019","2019",16.65,0,-0.64,1,34.13
"42",강원도,"42130",강원도 원주시,"2016","2016",5.05,0,2.99,0,46.5
"42",강원도,"42130",강원도 원주시,"2014","2014",9.53,0,5.28,1,42.88
"42",강원도,"42730",강원도 횡성군,"2016","2016",-30.78,0,11.64,0,25.44
"42",강원도,"42830",강원도 양양군,"2014","2014",-39.66,3,1.36,1,32.49
"43",충청북도,"43130",충청북도 충주시,"2019","2019",-5.39,1,1.9,0,56.79
"44",충청남도,"44230",충청남도 논산시,"2017","2017",-35.43,5,-0.95,1,64.68
"45",전라북도,"45770",전라북도 순창군,"2017","2017",-56.57,3,-1.3,1,63.22
"46",전라남도,"46130",전라남도 여수시,"2014","2014",-14.08,5,2.66,0,63.54
"46",전라남도,"46130",전라남도 여수시,"2016","2016",-14.27,5,3.24,0,64.7
"47",경상북도,"47250",경상북도 상주시,"2019","2019",-45.87,5,1.89,1,63.21
"46",전라남도,"46790",전라남도 화순군,"2018","2018",-34.38,5,0.82,0,62.82
"46",전라남도,"46790",전라남도 화순군,"2017","2017",-34.38,5,2.83,0,65.61
"46",전라남도,"46790",전라남도 화순군,"2019","2019",-34.38,5,2.49,0,62.82
"46",전라남도,"46820",전라남도 해남군,"2014","2014",-60.85,5,-0.39,1,64.41
"46",전라남도,"46830",전라남도 영암군,"2018","2018",-35.94,5,0.77,1,61.79
"46",전라남도,"46870",전라남도 영광군,"2018","2018",-56.03,5,-0.83,1,53.25
"46",전라남도,"46870",전라남도 영광군,"2017","2017",-56.03,4,-1.76,1,53.36
"47",경상북도,"47920",경상북도 봉화군,"2017","2017",-60.15,3,2.62,0,66.93
"47",경상북도,"47940",경상북도 울릉군,"2013","2013",-59.05,2,-1.25,1,69.47
"48",경상남도,"48870",경상남도 함양군,"2018","2018",-46.14,5,1.67,1,59.08
"11",서울특별시,"11260",서울특별시 중랑구,"2014","2014",-10.1,3,0.32,0,75.23
"11",서울특별시,"11440",서울특별시 마포구,"2018","2018",-16.28,2,-0.17,1,68.85
"26",부산광역시,"26410",부산광역시 금정구,"2019","2019",-22.96,5,0.08,1,77.08
"26",부산광역시,"26500",부산광역시 수영구,"2014","2014",-18.71,3,-0.31,1,78.15
"26",부산광역시,"26500",부산광역시 수영구,"2013","2013",-18.71,3,-0.14,0,77.74
"26",부산광역시,"26710",부산광역시 기장군,"2013","2013",28.42,0,9.32,0,41.4
"28",인천광역시,"28720",인천광역시 옹진군,"2017","2017",-1.97,0,-1.77,1,44.05
"31",울산광역시,"31110",울산광역시 중구,"2016","2016",-0.85,1,1.52,0,70.64
"31",울산광역시,"31110",울산광역시 중구,"2018","2018",-0.85,3,0.56,0,71.87
"41",경기도,"41110",경기도 수원시,"2017","2017",7.46,0,2.52,0,55.94
"41",경기도,"41210",경기도 광명시,"2013","2013",-6.24,1,5.92,0,63.2
"41",경기도,"41460",경기도 용인시,"2014","2014",24.22,0,5.1,0,23.58
"41",경기도,"41460",경기도 용인시,"2018","2018",10.86,0,3.19,0,29.55
"43",충청북도,"43800",충청북도 단양군,"2016","2016",-54.75,5,2.82,0,67.65
"44",충청남도,"44800",충청남도 홍성군,"2016","2016",-23.56,0,3.85,0,40.36
"46",전라남도,"46150",전라남도 순천시,"2018","2018",-3.01,1,1.83,0,61.73
"46",전라남도,"46720",전라남도 곡성군,"2016","2016",-55.89,3,5.22,0,60.27
"47",경상북도,"47280",경상북도 문경시,"2019","2019",-49.11,4,2.04,1,65.13
"46",전라남도,"46840",전라남도 무안군,"2016","2016",-23.29,1,10.13,0,64.07
"47",경상북도,"47110",경상북도 포항시,"2013","2013",-0.84,0,3.95,0,46.48
"47",경상북도,"47170",경상북도 안동시,"2019","2019",-24.56,4,1.17,0,68.17
"47",경상북도,"47170",경상북도 안동시,"2013","2013",-30.04,0,1.15,1,65.57
"47",경상북도,"47170",경상북도 안동시,"2014","2014",-30.04,0,3.14,1,65.92
"48",경상남도,"48720",경상남도 의령군,"2019","2019",-53.09,5,3.64,1,44.41
"48",경상남도,"48820",경상남도 고성군,"2018","2018",-37.47,5,-2.33,2,69.17
"26",부산광역시,"26110",부산광역시 중구,"2017","2017",-51.99,5,-0.59,1,81.1
"26",부산광역시,"26470",부산광역시 연제구,"2019","2019",-22.9,2,-0.03,1,80.54
"26",부산광역시,"26470",부산광역시 연제구,"2018","2018",-22.9,2,2.56,1,80.83
"27",대구광역시,"27230",대구광역시 북구,"2014","2014",-1.52,4,0.91,0,56.36
"28",인천광역시,"28110",인천광역시 중구,"2018","2018",22.86,0,4.43,0,44.96
"43",충청북도,"43730",충청북도 옥천군,"2014","2014",-45.52,5,3.52,0,59.73
"43",충청북도,"43740",충청북도 영동군,"2013","2013",-51.37,1,-9.39,2,27.28
"43",충청북도,"43750",충청북도 진천군,"2013","2013",-3.45,0,6.09,0,46.14
"45",전라북도,"45180",전라북도 정읍시,"2013","2013",-50.06,3,-4.71,0,47.62
"45",전라북도,"45180",전라북도 정읍시,"2019","2019",-45.95,5,1.59,1,53.7
"46",전라남도,"46780",전라남도 보성군,"2017","2017",-66.93,5,-3.07,1,65.36
"46",전라남도,"46910",전라남도 신안군,"2018","2018",-69.21,5,-3.81,2,73.25
"47",경상북도,"47820",경상북도 청도군,"2018","2018",-44.3,4,2.21,0,66.66
"47",경상북도,"47930",경상북도 울진군,"2019","2019",-45.26,5,3.26,0,71.43
"11",서울특별시,"11110",서울특별시 종로구,"2018","2018",-45.05,3,-1.03,3,76.45
"11",서울특별시,"11680",서울특별시 강남구,"2014","2014",-1.32,3,0.09,0,51.04
"26",부산광역시,"26530",부산광역시 사상구,"2014","2014",-14.74,4,-0.69,1,71.33
"28",인천광역시,"28200",인천광역시 남동구,"2016","2016",11.3,1,3.95,0,59.73
"31",울산광역시,"31170",울산광역시 동구,"2014","2014",-13.37,1,3.1,1,53.54
"31",울산광역시,"31200",울산광역시 북구,"2016","2016",9.57,0,3.97,0,42.01
"31",울산광역시,"31200",울산광역시 북구,"2018","2018",9.57,0,4.39,0,47.02
"36",세종특별자치시,"36110",세종특별자치시 세종시,"2014","2014",,,12.62,1,47.69
"41",경기도,"41480",경기도 파주시,"2013","2013",35.46,0,5.47,0,11.17
"42",강원도,"42110",강원도 춘천시,"2017","2017",0.65,1,2.08,0,51.49
"42",강원도,"42820",강원도 고성군,"2016","2016",-39.42,2,-0.08,3,58.33
"44",충청남도,"44150",충청남도 공주시,"2019","2019",-29.52,5,2.55,2,58.59
"44",충청남도,"44150",충청남도 공주시,"2016","2016",-29.52,5,4.87,1,55.32
"44",충청남도,"44250",충청남도 계룡시,"2014","2014",31.01,4,-3.87,1,38.9
"46",전라남도,"46730",전라남도 구례군,"2013","2013",-61.32,2,-20.13,3,59.95
"46",전라남도,"46730",전라남도 구례군,"2014","2014",-61.32,1,-11.58,3,59.93
"46",전라남도,"46730",전라남도 구례군,"2017","2017",-50.84,0,-0.87,1,66.32
"46",전라남도,"46880",전라남도 장성군,"2014","2014",-59.41,1,3.74,1,57.6
"46",전라남도,"46880",전라남도 장성군,"2017","2017",-50.03,1,2.66,0,64.9
"47",경상북도,"47840",경상북도 성주군,"2016","2016",-39.11,3,11.42,0,54.58
"48",경상남도,"48240",경상남도 사천시,"2018","2018",-12.3,5,2.59,0,62.65
"48",경상남도,"48880",경상남도 거창군,"2013","2013",-44,2,-0.23,2,60.84
"11",서울특별시,"11470",서울특별시 양천구,"2019","2019",-6.29,5,-0.85,1,69.57
"11",서울특별시,"11470",서울특별시 양천구,"2018","2018",-6.29,5,-0.4,1,69.89
"11",서울특별시,"11740",서울특별시 강동구,"2016","2016",-17.7,5,2.66,1,70.26
"26",부산광역시,"26200",부산광역시 영도구,"2013","2013",-34.47,5,-8.08,1,77.9
"27",대구광역시,"27140",대구광역시 동구,"2016","2016",-6.1,0,1.59,1,72.4
"41",경기도,"41410",경기도 군포시,"2014","2014",2.98,3,2.3,0,58.43
"41",경기도,"41410",경기도 군포시,"2019","2019",-0.36,5,1.86,0,63.87
"42",강원도,"42720",강원도 홍천군,"2013","2013",-37.74,1,3.97,1,40.83
"42",강원도,"42760",강원도 평창군,"2013","2013",-52.32,3,3.12,1,36.94
"49",제주특별자치도,"49110",제주특별자치도 제주시,"2016","2016",9.99,0,5.38,1,52.76
"11",서울특별시,"11230",서울특별시 동대문구,"2018","2018",-33.89,5,-2.03,2,81.61
"11",서울특별시,"11320",서울특별시 도봉구,"2014","2014",-5.45,5,-1.18,1,67.67
"11",서울특별시,"11320",서울특별시 도봉구,"2019","2019",-8.46,5,-0.42,1,74.06
"11",서울특별시,"11650",서울특별시 서초구,"2017","2017",4.55,1,-1.4,1,61.22
"26",부산광역시,"26260",부산광역시 동래구,"2013","2013",-20.26,2,-7.97,1,80.19
"27",대구광역시,"27710",대구광역시 달성군,"2017","2017",8.81,1,7.01,0,60.37
"28",인천광역시,"28185",인천광역시 연수구,"2019","2019",11.57,0,5.37,0,61.2
"29",광주광역시,"29200",광주광역시 광산구,"2017","2017",7.93,0,3.69,0,51.17
"30",대전광역시,"30170",대전광역시 서구,"2017","2017",-4.27,2,1.76,0,62.51
"41",경기도,"41130",경기도 성남시,"2019","2019",-2.58,3,2.02,0,72.72
"41",경기도,"41280",경기도 고양시,"2017","2017",7.58,0,4.84,0,31.89
"41",경기도,"41290",경기도 과천시,"2016","2016",-11.11,5,0.23,0,51.8
"41",경기도,"41290",경기도 과천시,"2017","2017",-11.11,5,1.54,1,72.29
"42",강원도,"42750",강원도 영월군,"2017","2017",-55.42,2,-0.76,1,47.78
"42",강원도,"42810",강원도 인제군,"2016","2016",-30.36,1,9.78,1,28.32
"42",강원도,"42810",강원도 인제군,"2014","2014",-39.78,1,1.8,2,23.94
"45",전라북도,"45190",전라북도 남원시,"2017","2017",-43.35,5,-2.27,2,66.25
"47",경상북도,"47150",경상북도 김천시,"2018","2018",-17.08,1,1.84,0,59.2
"47",경상북도,"47210",경상북도 영주시,"2019","2019",-31.13,5,0.18,1,65.61
"47",경상북도,"47210",경상북도 영주시,"2018","2018",-31.13,5,1.35,1,65.83
"48",경상남도,"48250",경상남도 김해시,"2013","2013",14.53,0,4.8,0,35.5
"48",경상남도,"48840",경상남도 남해군,"2019","2019",-51.87,4,2.38,0,68.59
"11",서울특별시,"11140",서울특별시 중구,"2017","2017",-43.71,4,-4.22,1,83.37
"11",서울특별시,"11290",서울특별시 성북구,"2014","2014",-22.28,4,-0.35,1,74.55
"11",서울특별시,"11290",서울특별시 성북구,"2019","2019",-23.65,4,-5.75,4,77.17
"11",서울특별시,"11410",서울특별시 서대문구,"2019","2019",-26.4,2,-0.43,1,77.05
"26",부산광역시,"26440",부산광역시 강서구,"2016","2016",9.1,0,22.48,0,40.6
"28",인천광역시,"28140",인천광역시 동구,"2018","2018",-54.2,5,-2.79,2,77.09
"29",광주광역시,"29170",광주광역시 북구,"2013","2013",0.43,4,2.78,1,59.98
"31",울산광역시,"31140",울산광역시 남구,"2019","2019",-1.08,5,1.81,0,61.16
"41",경기도,"41670",경기도 여주시,"2018","2018",4.76,1,,,30.33
"41",경기도,"41310",경기도 구리시,"2016","2016",-4.85,4,4.34,0,65.09
"41",경기도,"41310",경기도 구리시,"2018","2018",-4.85,2,3.53,0,64.06
"41",경기도,"41430",경기도 의왕시,"2013","2013",0.36,0,5.28,0,48.82
"41",경기도,"41430",경기도 의왕시,"2019","2019",5.91,4,2.62,0,53.23
"41",경기도,"41500",경기도 이천시,"2013","2013",3.51,0,4.14,1,27.12
"41",경기도,"41500",경기도 이천시,"2017","2017",3.15,2,2.17,0,37.83
"41",경기도,"41610",경기도 광주시,"2014","2014",10.88,0,4.87,0,21.27
"41",경기도,"41610",경기도 광주시,"2017","2017",29.43,0,5.13,0,31.57
"42",강원도,"42790",강원도 화천군,"2019","2019",-25.6,5,4.83,0,47.36
"42",강원도,"42800",강원도 양구군,"2018","2018",-28.13,3,5.5,0,47.75
"44",충청남도,"44180",충청남도 보령시,"2018","2018",-32.27,3,1.86,0,45.49
"44",충청남도,"44760",충청남도 부여군,"2018","2018",-49.99,5,-1.24,1,70.56
"45",전라북도,"45110",전라북도 전주시,"2016","2016",0.28,2,3.24,0,60.3
"46",전라남도,"46110",전라남도 목포시,"2017","2017",-5.65,5,1.51,0,74.5
"46",전라남도,"46710",전라남도 담양군,"2016","2016",-49.83,4,6.77,0,50.83
"46",전라남도,"46890",전라남도 완도군,"2017","2017",-57.77,5,3.45,0,67.66
"11",서울특별시,"11170",서울특별시 용산구,"2013","2013",-31.82,2,-8.68,1,74.17
"26",부산광역시,"26230",부산광역시 부산진구,"2014","2014",-26.5,4,-7.38,1,80.64
"31",울산광역시,"31710",울산광역시 울주군,"2016","2016",12.15,1,8.45,0,37.8
"41",경기도,"41270",경기도 안산시,"2013","2013",6.92,2,3.09,0,30.04
"41",경기도,"41570",경기도 김포시,"2013","2013",14.6,0,4.93,0,12.68
"41",경기도,"41570",경기도 김포시,"2018","2018",48.08,0,5.37,0,21.63
"41",경기도,"41590",경기도 화성시,"2019","2019",16.09,0,6.79,0,26.07
"43",충청북도,"43760",충청북도 괴산군,"2013","2013",-63.27,0,3.81,0,48.87
"43",충청북도,"43760",충청북도 괴산군,"2017","2017",-47.51,0,-1.21,2,55.49
"44",충청남도,"44210",충청남도 서산시,"2018","2018",4.88,0,2.97,0,51.38
"44",충청남도,"44790",충청남도 청양군,"2016","2016",-49.52,1,14.69,1,65.92
"45",전라북도,"45750",전라북도 임실군,"2019","2019",-62.66,4,-3.34,2,56.47
"45",전라북도,"45750",전라북도 임실군,"2017","2017",-62.66,2,-2.34,1,59.37
"45",전라북도,"45800",전라북도 부안군,"2019","2019",-55.26,3,2.29,1,65.6
"46",전라남도,"46230",전라남도 광양시,"2018","2018",-5.04,0,5.24,0,54.91
"47",경상북도,"47230",경상북도 영천시,"2013","2013",-39.66,2,1.81,0,55.86
"48",경상남도,"48740",경상남도 창녕군,"2019","2019",-40.23,2,3.36,0,64.4
"27",대구광역시,"27290",대구광역시 달서구,"2016","2016",-1.4,3,-0.51,1,60.39
"28",인천광역시,"28237",인천광역시 부평구,"2017","2017",-2.16,3,0.63,1,72.68
"43",충청북도,"43710",충청북도 청원군,"2013","2013",-8.68,1,8.22,0,41.65
"41",경기도,"41190",경기도 부천시,"2014","2014",1.7,4,0.6,1,65.92
"42",강원도,"42130",강원도 원주시,"2013","2013",9.53,0,5.46,1,41.18
"42",강원도,"42130",강원도 원주시,"2019","2019",5.05,0,3.1,0,47.38
"42",강원도,"42130",강원도 원주시,"2018","2018",5.05,0,3.19,0,47.38
"42",강원도,"42730",강원도 횡성군,"2019","2019",-30.78,0,3.57,0,30.92
"42",강원도,"42730",강원도 횡성군,"2018","2018",-30.78,0,1.62,0,29.73
"42",강원도,"42780",강원도 철원군,"2019","2019",-24.15,4,1.95,1,56.23
"42",강원도,"42830",강원도 양양군,"2016","2016",-30.05,5,1.81,1,37.07
"42",강원도,"42830",강원도 양양군,"2013","2013",-39.66,2,3.09,1,31.2
"44",충청남도,"44130",충청남도 천안시,"2019","2019",5.63,0,4.32,0,50.6
"44",충청남도,"44230",충청남도 논산시,"2013","2013",-39.39,2,1.35,1,58.09
"45",전라북도,"45210",전라북도 김제시,"2019","2019",-51.96,5,2.2,0,62.95
"47",경상북도,"47290",경상북도 경산시,"2017","2017",1.5,0,2.68,0,62.8
"46",전라남도,"46820",전라남도 해남군,"2013","2013",-60.85,4,-6.16,1,64.17
"46",전라남도,"46870",전라남도 영광군,"2016","2016",-56.03,3,6.65,0,50.76
"48",경상남도,"48220",경상남도 통영시,"2017","2017",-9.42,4,0.82,0,70
"48",경상남도,"48220",경상남도 통영시,"2016","2016",-9.42,3,2.49,0,67.52
"48",경상남도,"48220",경상남도 통영시,"2019","2019",-9.42,5,3.29,0,68.66
"48",경상남도,"48330",경상남도 양산시,"2017","2017",15.09,0,6.68,0,41.96
"48",경상남도,"48330",경상남도 양산시,"2019","2019",15.09,0,5.27,0,40.79
"11",서울특별시,"11260",서울특별시 중랑구,"2019","2019",-11.35,5,-1.54,1,75.82
"11",서울특별시,"11440",서울특별시 마포구,"2016","2016",-16.28,2,7.42,0,68.72
"11",서울특별시,"11440",서울특별시 마포구,"2019","2019",-16.28,2,2.28,1,68.13
"11",서울특별시,"11545",서울특별시 금천구,"2016","2016",-28.74,5,4.57,0,75.93
"11",서울특별시,"11545",서울특별시 금천구,"2018","2018",-28.74,5,2.69,0,74.99
"26",부산광역시,"26710",부산광역시 기장군,"2014","2014",28.42,0,6.56,0,41.7
"27",대구광역시,"27110",대구광역시 중구,"2013","2013",-66.7,2,-19.76,1,78.75
"28",인천광역시,"28245",인천광역시 계양구,"2016","2016",-3.91,3,3.28,1,56.68
"28",인천광역시,"28245",인천광역시 계양구,"2013","2013",2.99,2,0.7,0,50.22
"28",인천광역시,"28720",인천광역시 옹진군,"2019","2019",-1.97,2,3.16,1,41.99
"29",광주광역시,"29155",광주광역시 남구,"2013","2013",-23.55,2,-2.85,0,72.39
"30",대전광역시,"30140",대전광역시 중구,"2018","2018",-19.9,5,1.91,1,78.45
"30",대전광역시,"30140",대전광역시 중구,"2017","2017",-19.9,4,-0.1,1,79.65
"41",경기도,"41210",경기도 광명시,"2019","2019",-5.57,5,-0.81,1,70.46
"44",충청남도,"44825",충청남도 태안군,"2018","2018",-37.79,1,2.81,0,40.66
"46",전라남도,"46150",전라남도 순천시,"2013","2013",-4.75,1,4.87,0,55.52
"46",전라남도,"46150",전라남도 순천시,"2019","2019",-3.01,1,2.6,0,62.63
"46",전라남도,"46720",전라남도 곡성군,"2018","2018",-55.89,5,-1.12,2,62.34
"47",경상북도,"47280",경상북도 문경시,"2013","2013",-53.12,3,-2.09,0,60.85
"47",경상북도,"47130",경상북도 경주시,"2013","2013",-11.44,5,3.21,1,53.14
"48",경상남도,"48720",경상남도 의령군,"2014","2014",-60.11,2,-4.91,1,30.47
"48",경상남도,"48720",경상남도 의령군,"2016","2016",-53.09,4,2.41,0,38.04
"48",경상남도,"48820",경상남도 고성군,"2017","2017",-37.47,5,-5.98,2,70.72
"48",경상남도,"48820",경상남도 고성군,"2014","2014",-44.35,3,7.27,0,65.22
"48",경상남도,"48850",경상남도 하동군,"2017","2017",-46.87,2,0.53,0,65.97
"27",대구광역시,"27230",대구광역시 북구,"2013","2013",-1.52,5,3.45,0,53.77
"28",인천광역시,"28170",인천광역시 미추홀구,"2019","2019",-7.53,2,0.27,1,74.65
"44",충청남도,"44770",충청남도 서천군,"2018","2018",-51.49,5,-1,1,56.42
"45",전라북도,"45140",전라북도 익산시,"2017","2017",-8.25,4,-0.25,1,66.89
"45",전라북도,"45180",전라북도 정읍시,"2016","2016",-45.95,5,4.83,0,51.82
"46",전라남도,"46780",전라남도 보성군,"2013","2013",-68.5,5,-10.01,2,65.72
"46",전라남도,"46900",전라남도 진도군,"2016","2016",-60.69,5,12.78,1,75.39
"46",전라남도,"46910",전라남도 신안군,"2016","2016",-69.21,3,4.24,0,73.74
"47",경상북도,"47820",경상북도 청도군,"2013","2013",-55.31,3,-1.69,1,57.51
"47",경상북도,"47820",경상북도 청도군,"2019","2019",-44.3,5,6.69,0,67.23
"48",경상남도,"48730",경상남도 함안군,"2016","2016",-9.07,1,9.27,0,27.78
"11",서울특별시,"11500",서울특별시 강서구,"2013","2013",1.47,2,0.78,1,53.47
"11",서울특별시,"11500",서울특별시 강서구,"2018","2018",2.84,1,6.68,0,60.05
"11",서울특별시,"11500",서울특별시 강서구,"2017","2017",2.84,0,4.37,0,59.97
"11",서울특별시,"11680",서울특별시 강남구,"2019","2019",-0.31,4,-3.14,1,59.37
"11",서울특별시,"11710",서울특별시 송파구,"2016","2016",-3.37,5,0.9,1,60.62
"26",부산광역시,"26530",부산광역시 사상구,"2016","2016",-20.41,5,0.36,0,72.59
"26",부산광역시,"26530",부산광역시 사상구,"2017","2017",-20.41,5,0.91,1,73.15
"28",인천광역시,"28200",인천광역시 남동구,"2018","2018",11.3,1,3.93,0,59.81
"31",울산광역시,"31170",울산광역시 동구,"2016","2016",-11.08,3,-2.29,1,57.73
"31",울산광역시,"31170",울산광역시 동구,"2019","2019",-11.08,5,-2.52,2,61.38
"41",경기도,"41480",경기도 파주시,"2017","2017",22.65,0,5.46,0,29.54
"41",경기도,"41630",경기도 양주시,"2019","2019",4.44,0,3.63,0,38.09
"42",강원도,"42170",강원도 동해시,"2019","2019",-7.44,5,-1.22,1,62.31
"44",충청남도,"44250",충청남도 계룡시,"2016","2016",-6.02,3,-0.36,1,40.75
"46",전라남도,"46880",전라남도 장성군,"2016","2016",-50.03,1,6.88,0,58.88
"46",전라남도,"46880",전라남도 장성군,"2019","2019",-50.03,2,4.62,0,58.22
"47",경상북도,"47840",경상북도 성주군,"2017","2017",-39.11,2,-0.64,1,56.77
"47",경상북도,"47840",경상북도 성주군,"2019","2019",-39.11,3,3.44,1,55.12
"11",서울특별시,"11215",서울특별시 광진구,"2014","2014",-4.26,4,-0.99,1,66.38
"11",서울특별시,"11380",서울특별시 은평구,"2017","2017",-2.58,4,0.74,1,70.87
"26",부산광역시,"26200",부산광역시 영도구,"2016","2016",-39.29,5,-7.75,1,82.08
"26",부산광역시,"26200",부산광역시 영도구,"2019","2019",-39.29,5,0.13,1,83.78
"26",부산광역시,"26380",부산광역시 사하구,"2016","2016",-13.52,5,1.59,1,81.82
"27",대구광역시,"27140",대구광역시 동구,"2017","2017",-6.1,1,4.75,0,68.57
"41",경기도,"41410",경기도 군포시,"2017","2017",-0.36,3,6.15,0,66.1
"42",강원도,"42720",강원도 홍천군,"2019","2019",-26.64,2,2.56,0,47.08
"42",강원도,"42720",강원도 홍천군,"2018","2018",-26.64,3,1.07,0,47.26
"42",강원도,"42760",강원도 평창군,"2016","2016",-41.89,3,4.6,0,40.12
"43",충청북도,"43110",충청북도 청주시,"2013","2013",3.75,0,4.11,0,58.68
"43",충청북도,"43110",충청북도 청주시,"2019","2019",22.89,0,2.58,0,55.33
"43",충청북도,"43110",충청북도 청주시,"2017","2017",22.89,0,1.28,0,55.36
"43",충청북도,"43720",충청북도 보은군,"2013","2013",-62.3,3,-17.47,2,59.52
"43",충청북도,"43720",충청북도 보은군,"2018","2018",-53,3,1.55,0,62.83
"44",충청남도,"44710",충청남도 금산군,"2013","2013",-49.08,3,-0.31,1,65.39
"44",충청남도,"44710",충청남도 금산군,"2019","2019",-43.03,5,1.98,0,67.75
"45",전라북도,"45740",전라북도 장수군,"2014","2014",-66.41,3,-5.52,1,56.99
"46",전라남도,"46170",전라남도 나주시,"2017","2017",-46.03,1,5.62,0,68.33
"46",전라남도,"46770",전라남도 고흥군,"2013","2013",-66.92,5,-17.05,1,61.94
"48",경상남도,"48310",경상남도 거제시,"2013","2013",17.71,0,3.56,0,50.09
"48",경상남도,"48310",경상남도 거제시,"2017","2017",7.66,1,2.11,0,54.14
"11",서울특별시,"11230",서울특별시 동대문구,"2013","2013",-34.49,2,-6.35,2,75.28
"11",서울특별시,"11650",서울특별시 서초구,"2019","2019",4.55,3,-1.34,2,63.83
"26",부산광역시,"26260",부산광역시 동래구,"2019","2019",-21.77,4,-2.61,1,82.18
"26",부산광역시,"26350",부산광역시 해운대구,"2013","2013",3.42,1,5.41,0,66.71
"27",대구광역시,"27710",대구광역시 달성군,"2013","2013",12.25,1,5.87,0,50.23
"29",광주광역시,"29200",광주광역시 광산구,"2019","2019",7.93,0,4.82,0,48.68
"30",대전광역시,"30170",대전광역시 서구,"2013","2013",-1.66,2,4.1,0,58.47
"41",경기도,"41130",경기도 성남시,"2013","2013",1.6,2,5.17,1,60.62
"41",경기도,"41280",경기도 고양시,"2014","2014",4.41,0,3.05,0,18.99
"41",경기도,"41450",경기도 하남시,"2014","2014",13.48,3,1.09,0,36.82
"41",경기도,"41800",경기도 연천군,"2014","2014",-39.04,2,3.45,2,49.87
"42",강원도,"42190",강원도 태백시,"2013","2013",-54.77,3,-3.66,1,64.38
"42",강원도,"42190",강원도 태백시,"2017","2017",-59.3,5,2.5,0,69.6
"42",강원도,"42190",강원도 태백시,"2014","2014",-54.77,4,1.23,1,64.26
"42",강원도,"42810",강원도 인제군,"2013","2013",-39.78,1,-1.44,2,21.43
"44",충청남도,"44830",충청남도 당진시,"2016","2016",6.51,0,4.56,0,34.16
"47",경상북도,"47210",경상북도 영주시,"2016","2016",-31.13,5,1.11,0,65.56
"47",경상북도,"47760",경상북도 영양군,"2017","2017",-61.92,4,1.82,0,62.57
"47",경상북도,"47850",경상북도 칠곡군,"2016","2016",2.91,0,6.49,0,45.58
"48",경상남도,"48170",경상남도 진주시,"2018","2018",1.49,2,3.4,0,67.31
"48",경상남도,"48170",경상남도 진주시,"2017","2017",1.49,1,3.79,0,68.91
"48",경상남도,"48840",경상남도 남해군,"2016","2016",-51.87,5,4.11,1,66.7
"48",경상남도,"48890",경상남도 합천군,"2014","2014",-62.28,3,-4.41,1,66
"11",서울특별시,"11140",서울특별시 중구,"2018","2018",-43.71,3,-4.85,2,83.52
"26",부산광역시,"26140",부산광역시 서구,"2017","2017",-47.95,5,-1.9,1,88.26
"28",인천광역시,"28140",인천광역시 동구,"2019","2019",-54.2,5,-3.77,2,76.53
"29",광주광역시,"29140",광주광역시 서구,"2013","2013",-2.75,2,3.41,1,49.86
"29",광주광역시,"29140",광주광역시 서구,"2019","2019",-3.3,3,2.09,0,55.24
"31",울산광역시,"31140",울산광역시 남구,"2014","2014",-0.8,1,2.57,0,54.83
"41",경기도,"41500",경기도 이천시,"2019","2019",3.15,1,2.88,0,38.83
"42",강원도,"42230",강원도 삼척시,"2016","2016",-48.26,3,4.31,0,51.51
"42",강원도,"42230",강원도 삼척시,"2019","2019",-48.26,5,0.83,0,55.14
"42",강원도,"42230",강원도 삼척시,"2017","2017",-48.26,4,3.71,0,54.77
"43",충청북도,"43745",충청북도 증평군,"2019","2019",-12.12,1,4.11,0,54.44
"44",충청남도,"44760",충청남도 부여군,"2019","2019",-49.99,5,-1.59,2,70.87
"45",전라북도,"45110",전라북도 전주시,"2018","2018",0.28,3,1.03,0,61.06
"45",전라북도,"45110",전라북도 전주시,"2014","2014",4.24,0,1.94,0,58.68
"45",전라북도,"45710",전라북도 완주군,"2013","2013",-36.71,1,9.48,0,43.93
"47",경상북도,"47750",경상북도 청송군,"2016","2016",-56.6,5,-3.02,0,55.39
"26",부산광역시,"26290",부산광역시 남구,"2018","2018",-17.45,4,-1.02,1,80.96
"27",대구광역시,"27200",대구광역시 남구,"2013","2013",-39.14,5,-9.29,2,75.12
"30",대전광역시,"30200",대전광역시 유성구,"2013","2013",31.82,0,7.54,0,30.01
"31",울산광역시,"31710",울산광역시 울주군,"2019","2019",12.15,1,2.81,0,41.07
"41",경기도,"41270",경기도 안산시,"2016","2016",-6.31,5,4.41,0,38.83
"41",경기도,"41270",경기도 안산시,"2019","2019",-6.31,5,1.34,0,41.08
"41",경기도,"41550",경기도 안성시,"2013","2013",12.93,0,4.02,0,34.49
"41",경기도,"41730",경기도 여주시,"2016","2016",4.76,1,4.61,1,26.44
"43",충청북도,"43760",충청북도 괴산군,"2018","2018",-47.51,0,0.15,2,51.5
"44",충청남도,"44790",충청남도 청양군,"2013","2013",-59.07,4,-8.58,1,62.48
"44",충청남도,"44790",충청남도 청양군,"2018","2018",-49.52,1,4.72,0,67.18
"44",충청남도,"44790",충청남도 청양군,"2014","2014",-59.07,3,2.15,1,63.2
"45",전라북도,"45750",전라북도 임실군,"2016","2016",-62.66,2,6.47,0,53.09
"45",전라북도,"45800",전라북도 부안군,"2016","2016",-55.26,2,0.47,0,63.31
"46",전라남도,"46230",전라남도 광양시,"2013","2013",-8.3,0,3.5,0,50.02
"46",전라남도,"46800",전라남도 장흥군,"2014","2014",-68.34,0,-1.34,2,64.07
"46",전라남도,"46800",전라남도 장흥군,"2019","2019",-59.47,4,3.91,1,65.19
"46",전라남도,"46810",전라남도 강진군,"2017","2017",-56.18,5,0.1,0,68.57
"48",경상남도,"48740",경상남도 창녕군,"2018","2018",-40.23,1,2.78,0,64.21
"48",경상남도,"48740",경상남도 창녕군,"2017","2017",-40.23,0,2.25,0,66.44
"48",경상남도,"48740",경상남도 창녕군,"2014","2014",-52.36,0,2.55,0,60.22
"48",경상남도,"48740",경상남도 창녕군,"2016","2016",-40.23,0,5.35,0,63.05
"49",제주특별자치도,"49130",제주특별자치도 서귀포시,"2017","2017",-13.83,0,3.98,0,58.17
"49",제주특별자치도,"49130",제주특별자치도 서귀포시,"2019","2019",-13.83,0,6.97,0,58.26
"11",서울특별시,"11350",서울특별시 노원구,"2019","2019",-7.94,5,0.29,0,70.16
"28",인천광역시,"28237",인천광역시 부평구,"2014","2014",-0.12,3,-0.21,1,71.02
"28",인천광역시,"28237",인천광역시 부평구,"2013","2013",-0.12,3,1.33,0,68.08
"28",인천광역시,"28237",인천광역시 부평구,"2018","2018",-2.16,4,0.25,1,73.71
"30",대전광역시,"30230",대전광역시 대덕구,"2016","2016",-16.26,4,1.52,0,65.05
