도서관명,시도명,시군구명,도서관유형,휴관일,평일운영시작시각,평일운영종료시각,토요일운영시작시각,토요일운영종료시각,공휴일운영시작시각,공휴일운영종료시각,열람좌석수,자료수(도서),자료수(연속간행물),자료수(비도서),대출가능권수,대출가능일수,소재지도로명주소,운영기관명,도서관전화번호,부지면적,건물면적,홈페이지주소,위도,경도,데이터기준일자,제공기관코드,제공기관명
글빛도서관,서울특별시,성북구,공공도서관,월+법정공휴일,9:00,18:00,9:00,18:00,9:00,18:00,194,19562,19,0,5,14,서울특별시 성북구 길음로7길 20,성북문화재단,02-6956-0559,4143,923.67,https://www.sblib.seoul.kr/sblib/,37.60375093,127.0224649,2022-08-16,3070000,서울특별시 성북구
구립김영삼도서관,서울특별시,동작구,공공도서관,"매주 월요일, 법정공휴일",9:00,22:00,9:00,17:00,0:00,0:00,245,32251,45,151,5,14,서울특별시 동작구 매봉로1,서울특별시 동작구청,02-827-0557,1245,6492.72,http://lib.dongjak.go.kr/,37.50547361,126.9499672,2022-04-20,3190000,서울특별시 동작구
사당솔밭도서관,서울특별시,동작구,공공도서관,"매주 월요일, 법정공휴일",9:00,22:00,9:00,17:00,0:00,0:00,280,65027,31,344,5,14,서울특별시 동작구 솔밭로 86,서울특별시 동작구청,02-585-8411,822.16,1724.86,http://lib.dongjak.go.kr/,37.484056,126.967369,2022-04-20,3190000,서울특별시 동작구
동작어린이도서관,서울특별시,동작구,공공도서관,"매주 월요일, 법정공휴일",9:00,18:00,9:00,17:00,0:00,0:00,130,50442,13,1149,5,14,서울특별시 동작구 장승배기로16길 98,서울특별시 동작구청,02-823-6750,1544,444,http://lib.dongjak.go.kr/,37.50920443,126.943434,2022-04-20,3190000,서울특별시 동작구
대방어린이도서관,서울특별시,동작구,공공도서관,"매주 월요일, 법정공휴일",9:00,18:00,9:00,17:00,0:00,0:00,52,27168,13,342,5,14,서울특별시 동작구 대방동길 55,서울특별시 동작구청,02-813-6740,378,391,http://lib.dongjak.go.kr/,37.50302422,126.9252221,2022-04-20,3190000,서울특별시 동작구
약수도서관,서울특별시,동작구,공공도서관,"매주 월요일, 법정공휴일",9:00,18:00,9:00,17:00,0:00,0:00,47,69841,8,2030,5,14,서울특별시 동작구 양녕로22바길 64,서울특별시 동작구청,02-823-1907,519,598.9,http://lib.dongjak.go.kr/,37.497851,126.9474396,2022-04-20,3190000,서울특별시 동작구
동작샘터도서관,서울특별시,동작구,작은도서관,"매주 월요일, 법정공휴일",9:00,18:00,9:00,17:00,0:00,0:00,22,24346,13,345,5,14,서울특별시 동작구 동작대로29길 63-26,서울특별시 동작구청,02-533-6750,501,241,http://lib.dongjak.go.kr/,37.4883609,126.977553,2022-04-20,3190000,서울특별시 동작구
다울작은도서관,서울특별시,동작구,작은도서관,"매주 월요일, 법정공휴일",9:00,18:00,9:00,17:00,0:00,0:00,20,6797,6,0,5,14,서울특별시 동작구 사당로20길132,서울특별시 동작구청,02-3473-3360,166,183,http://lib.dongjak.go.kr/,37.4788487,126.973246,2022-04-20,3190000,서울특별시 동작구
국사봉숲속작은도서관,서울특별시,동작구,작은도서관,"매주 일요일, 법정공휴일",10:00,18:00,10:00,18:00,0:00,0:00,12,3006,1,0,5,14,서울특별시 동작구 양녕로23길27,서울특별시 동작구청,02-820-9221,36,36,http://lib.dongjak.go.kr/,37.49543206,126.9405909,2022-04-20,3190000,서울특별시 동작구
우리소리도서관,서울특별시,종로구,작은도서관,일+1월1일+설+추석+법정공휴일,9:00,18:00,9:00,18:00,0:00,0:00,40,4189,0,1062,5,15,"서울특별시 종로구 삼일대로30길 47(종로14가동 주민센터 4,5층)",종로문화재단,070-4550-5015,670.1,587.8,http://lib.jongno.go.kr/,37.5744931,126.9902329,2022-04-18,3000000,서울특별시 종로구
청운문학도서관,서울특별시,종로구,공공도서관,월+1월1일+설+추석,10:00,21:00,10:00,21:00,10:00,19:00,115,34046,0,9,5,15,서울특별시 종로구 자하문로36길 40,종로문화재단,070-4680-4032,1238.5,744.8,http://lib.jongno.go.kr/,37.5903786,126.9659189,2022-04-18,3000000,서울특별시 종로구
아름꿈도서관,서울특별시,종로구,공공도서관,일+1월1일+설+추석,10:00,19:00,10:00,19:00,10:00,19:00,97,28262,0,917,5,15,서울특별시 종로구 종로58가길 19,종로문화재단,02-2237-6644,598.6,524.1,http://lib.jongno.go.kr/,37.5726975,127.0171157,2022-04-18,3000000,서울특별시 종로구
어린이청소년국학도서관,서울특별시,종로구,공공도서관,일+1월1일+설+추석+법정공휴일,10:00,21:00,10:00,19:00,0:00,0:00,80,15425,0,0,5,15,서울특별시 종로구 명륜길 26(명륜동 와룡문화센터 5층),종로문화재단,02-747-8336,1243.8,511.6,http://lib.jongno.go.kr/,37.5886859,126.9955389,2022-04-18,3000000,서울특별시 종로구
삼청공원 숲속도서관,서울특별시,종로구,작은도서관,월+1월1일+설+추석,10:00,18:00,10:00,18:00,10:00,18:00,50,8743,79,6,5,15,서울특별시 종로구 북촌로 134-3,북촌인심협동조합,02-734-3900,11306,206.3,http://lib.jongno.go.kr/,37.5879786,126.9840854,2022-04-18,3000000,서울특별시 종로구
월곡꿈그림도서관,서울특별시,성북구,공공도서관,월+법정공휴일,9:00,18:00,9:00,18:00,9:00,18:00,82,18999,9,61,5,14,서울특별시 성북구 화랑로13길 17,성북문화재단,02-6549-1553,340,340,https://www.sblib.seoul.kr/sblib/,37.60477971,127.041073,2022-08-16,3070000,서울특별시 성북구
장위행복누림도서관,서울특별시,성북구,공공도서관,월+법정공휴일,9:00,18:00,9:00,18:00,9:00,18:00,60,12775,16,0,5,14,서울특별시 성북구 장위로21다길 53,성북문화재단,02-6906-9390,398,398,https://www.sblib.seoul.kr/sblib/,37.61589067,127.045836,2022-08-16,3070000,서울특별시 성북구
성북길빛도서관,서울특별시,성북구,공공도서관,월+법정공휴일,9:00,18:00,9:00,18:00,9:00,18:00,250,31649,30,1450,5,14,서울특별시 성북구 숭인로8길 52,성북문화재단,02-6949-0031,1396,1397,https://www.sblib.seoul.kr/sblib/,37.60996089,127.026443,2022-08-16,3070000,서울특별시 성북구
이진아기념도서관,서울특별시,서대문구,공공도서관,매주 월요일 및 법정공휴일(일요일제외),9:00,20:00,9:00,17:00,0:00,0:00,238,166562,110,16193,7,14,서울특별시 서대문구 독립문공원길 80,서대문구도시관리공단,02-360-8600,757,2765,http://lib.sdm.or.kr,37.57295354,126.9555487,2022-10-31,3120000,서울특별시 서대문구
남가좌새롬어린이도서관,서울특별시,서대문구,공공도서관,매주 월요일 및 법정공휴일(일요일제외),9:00,18:00,9:00,17:00,0:00,0:00,75,68794,26,661,7,14,서울특별시 서대문구 증가로10길 16-15,서대문구도시관리공단,02-360-8670,287.9,674.58,http://lib.sdm.or.kr,37.57833984,126.9240465,2022-10-31,3120000,서울특별시 서대문구
홍은도담도서관,서울특별시,서대문구,공공도서관,매주 금요일 및 법정공휴일(일요일제외),9:00,20:00,9:00,17:00,0:00,0:00,65,42911,24,169,7,14,서울특별시 서대문구 홍은중앙로 129,서대문구도시관리공단,02-360-8640,474,697.25,http://lib.sdm.or.kr,37.601701,126.9489544,2022-10-31,3120000,서울특별시 서대문구
알음알음작은도서관,서울특별시,서대문구,작은도서관,"토·일요일, 법정공휴일",9:00,18:00,0:00,0:00,0:00,0:00,30,13515,0,0,7,14,"서울특별시 서대문구 경기대로 40, 충현동자치회관",서대문구도시관리공단,02-330-8164,0,106,http://lib.sdm.or.kr,37.562901,126.9623774,2022-10-31,3120000,서울특별시 서대문구
양원숲속도서관,서울특별시,중랑구,공공도서관,월+법정공휴일(일요일 제외)+근로자의 날(5월 1일)+임시휴관일,9:00,18:00,9:00,17:00,0:00,0:00,248,39337,51,2660,7,14,서울특별시 중랑구 송림길 172 (망우동),중랑문화재단,02-432-0710,,970.78,http://www.jungnanglib.seoul.kr/ywlib/,37.606825,127.110697,2022-11-21,3060000,서울특별시 중랑구
중랑상봉도서관,서울특별시,중랑구,공공도서관,월+법정공휴일(일요일 제외)+근로자의 날(5월 1일)+임시휴관일,9:00,20:00,9:00,17:00,0:00,0:00,268,44683,80,0,7,14,서울특별시 중랑구 동일로114길 10 (상봉동),중랑문화재단,02-2209-0090,1372.69,1753.41,http://www.jungnanglib.seoul.kr/sblib/,37.59289195,127.0808518,2022-11-21,3060000,서울특별시 중랑구
자양4동새마을작은도서관,서울특별시,광진구,작은도서관,토+일+공휴일,13:00,17:00,0:00,0:00,0:00,0:00,12,4826,0,0,3,7,서울특별시 광진구 아차산로24길 17(자양동),,02-462-0395,,,,37.54026298,127.0651113,2022-07-05,3040000,서울특별시 광진구
성북정보도서관,서울특별시,성북구,공공도서관,첫째 주 월+셋째 주 월+법정공휴일,9:00,18:00,9:00,18:00,9:00,18:00,535,177398,42,37604,5,14,서울특별시 성북구 화랑로18자길 13,성북문화재단,02-962-1081,2468,6667,https://www.sblib.seoul.kr/sblib/,37.6049514,127.0505858,2022-08-16,3070000,서울특별시 성북구
아리랑도서관,서울특별시,성북구,공공도서관,둘째 주 월+넷째 주 월+법정공휴일,9:00,18:00,9:00,18:00,9:00,18:00,188,97995,45,9270,5,14,서울특별시 성북구 아리랑로 82,성북문화재단,02-3291-4990,2352,2018,https://www.sblib.seoul.kr/sblib/,37.60005935,127.0139286,2022-08-16,3070000,서울특별시 성북구
해오름도서관,서울특별시,성북구,공공도서관,월+법정공휴일,9:00,18:00,9:00,18:00,9:00,18:00,70,46772,17,1516,5,14,서울특별시 성북구 성북로4길 52,성북문화재단,02-6925-7002,985,342,https://www.sblib.seoul.kr/sblib/,37.59447253,127.012706,2022-08-16,3070000,서울특별시 성북구
종암동새날도서관,서울특별시,성북구,공공도서관,월+법정공휴일,9:00,18:00,9:00,18:00,9:00,18:00,110,45113,20,2309,5,14,서울특별시 성북구 종암로 98-8,성북문화재단,02-6925-6920,724,578,https://www.sblib.seoul.kr/sblib/,37.5990361,127.0352236,2022-08-16,3070000,서울특별시 성북구
서경로꿈마루도서관,서울특별시,성북구,작은도서관,월+법정공휴일,9:00,18:00,9:00,18:00,9:00,18:00,30,11907,16,263,5,14,서울특별시 성북구 서경로 94-1,성북문화재단,02-6925-0300,165,126,https://www.sblib.seoul.kr/sblib/,37.61146229,127.0138628,2022-08-16,3070000,서울특별시 성북구
석관동미리내도서관,서울특별시,성북구,공공도서관,월+법정공휴일,9:00,18:00,9:00,18:00,9:00,18:00,89,36790,21,924,5,14,서울특별시 성북구 한천로66길 203,성북문화재단,02-960-5067,433,542,https://www.sblib.seoul.kr/sblib/,37.61358176,127.0654922,2022-08-16,3070000,서울특별시 성북구
달빛마루도서관,서울특별시,성북구,공공도서관,월+법정공휴일,9:00,18:00,9:00,18:00,9:00,18:00,130,59481,26,1562,5,14,서울특별시 성북구 종암로 167,성북문화재단,02-911-0993,13927,829,https://www.sblib.seoul.kr/sblib/,37.6050584,127.0309893,2022-08-16,3070000,서울특별시 성북구
정릉도서관,서울특별시,성북구,공공도서관,월+법정공휴일,9:00,18:00,9:00,18:00,9:00,18:00,81,35513,27,1118,5,14,서울특별시 성북구 정릉로 242,성북문화재단,02-2038-9928,565,283,https://www.sblib.seoul.kr/sblib/,37.60474125,127.0105819,2022-08-16,3070000,서울특별시 성북구
청수도서관,서울특별시,성북구,공공도서관,월+법정공휴일,9:00,18:00,9:00,18:00,9:00,18:00,95,40619,27,1121,5,14,서울특별시 성북구 보국문로16가길 20,성북문화재단,02-2038-4423,423,462,https://www.sblib.seoul.kr/sblib/,37.61174732,127.0107732,2022-08-16,3070000,서울특별시 성북구
아리랑어린이도서관,서울특별시,성북구,공공도서관,둘째 주 월+넷째 주 월+법정공휴일,9:00,18:00,9:00,18:00,9:00,18:00,110,35130,18,1447,5,14,서울특별시 성북구 아리랑로 75,성북문화재단,02-6906-9362,693,693,https://www.sblib.seoul.kr/sblib/,37.59883044,127.0136249,2022-08-16,3070000,서울특별시 성북구
이음도서관,서울특별시,성북구,작은도서관,토+일+법정공휴일,9:00,18:00,9:00,18:00,9:00,18:00,30,5656,5,0,5,14,서울특별시 성북구 보문로 168,성북문화재단,02-6954-0023,179,179,https://www.sblib.seoul.kr/sblib/,37.5894118,127.0168327,2022-08-16,3070000,서울특별시 성북구
중화어린이도서관,서울특별시,중랑구,공공도서관,일+법정공휴일+근로자의날(5월1일)+임시휴관일,9:00,18:00,10:00,17:00,0:00,0:00,50,25150,0,0,7,14,서울특별시 중랑구 중랑역로3길 28 (중화동),중랑문화재단,02-494-1846,763,133,http://www.jungnanglib.seoul.kr/jhklib,37.595004,127.0748925,2022-11-21,3060000,서울특별시 중랑구
한내행복발전소,서울특별시,노원구　,작은도서관,법정공휴일+일,9:00,18:00,10:00,17:00,0:00,0:00,20,11949,0,0,7,14,서울특별시 노원구 마들로3길 15,노원구구립도서관,070-4206-0061,176,,www.nowonlib.kr,37.62650774,127.0619783,2022-08-25,3100000,서울특별시 노원구
하계어린이도서관,서울특별시,노원구　,공공도서관,법정공휴일+일,9:00,18:00,9:00,17:00,0:00,0:00,142,7932,10,0,7,14,서울특별시 노원구 공릉로58가길 13,노원문화재단,02-979-7644,1261,378.1,www.nowonlib.kr,37.6360959,127.0724932,2022-08-25,3100000,서울특별시 노원구
꿈꾸는작은도서관,서울특별시,노원구　,작은도서관,법정공휴일+일,9:00,18:00,10:00,13:00,0:00,0:00,14,15659,0,0,7,14,서울특별시 노원구 석계로 59,노원구구립도서관,02-2116-2419,65,,www.nowonlib.kr,37.61999132,127.0628836,2022-08-25,3100000,서울특별시 노원구
달내작은도서관,서울특별시,노원구　,작은도서관,법정공휴일+일,9:00,18:00,10:00,13:00,0:00,0:00,18,12264,0,0,7,14,서울특별시 노원구 초안산로5길 28,노원구구립도서관,02-2116-2449,48.29,,www.nowonlib.kr,37.63251005,127.0507812,2022-08-25,3100000,서울특별시 노원구
도란도란작은도서관,서울특별시,노원구　,작은도서관,법정공휴일+일,9:00,18:00,10:00,13:00,0:00,0:00,18,13870,0,0,7,14,서울특별시 노원구 동일로186길 3-24,노원구구립도서관,02-2116-2509,177.14,,www.nowonlib.kr,37.62477828,127.0737488,2022-08-25,3100000,서울특별시 노원구
책이랑친구랑작은도서관,서울특별시,노원구　,작은도서관,법정공휴일+일,9:00,18:00,10:00,13:00,0:00,0:00,8,16932,0,0,7,14,서울특별시 노원구 노원로1길 68,노원구구립도서관,02-2116-2539,142.42,,www.nowonlib.kr,37.62128685,127.083378,2022-08-25,3100000,서울특별시 노원구
가재울작은도서관,서울특별시,노원구　,작은도서관,법정공휴일+일,9:00,18:00,10:00,13:00,0:00,0:00,15,18182,0,0,7,14,서울특별시 노원구 노원로 261,노원구구립도서관,070-4226-5064,201.64,,www.nowonlib.kr,37.64056069,127.0725588,2022-08-25,3100000,서울특별시 노원구
열린작은도서관,서울특별시,노원구　,작은도서관,법정공휴일+일,9:00,18:00,10:00,13:00,0:00,0:00,4,13387,0,0,7,14,서울특별시 노원구 공릉로55길 88,노원구구립도서관,02-2116-2609,69,,www.nowonlib.kr,37.63204371,127.067951,2022-08-25,3100000,서울특별시 노원구
책누리작은도서관,서울특별시,노원구　,작은도서관,법정공휴일+일,9:00,18:00,10:00,13:00,0:00,0:00,25,15062,0,0,7,14,서울특별시 노원구 중계로 143,노원구구립도서관,02-2116-2629,75.49,,www.nowonlib.kr,37.64780319,127.0802848,2022-08-25,3100000,서울특별시 노원구
책사랑북카페,서울특별시,노원구　,작은도서관,법정공휴일+일,9:00,18:00,10:00,13:00,0:00,0:00,46,18388,0,0,7,14,서울특별시 노원구 한글비석로 279,노원구구립도서관,02-2116-2659,175.15,,www.nowonlib.kr,37.65254785,127.077475,2022-08-25,3100000,서울특별시 노원구
하늘작은도서관,서울특별시,노원구　,작은도서관,법정공휴일+일,9:00,18:00,10:00,13:00,0:00,0:00,38,16898,0,0,7,14,서울특별시 노원구 노원로 17길 56,노원구구립도서관,02-2116-2689,207.35,,www.nowonlib.kr,37.64213069,127.0687306,2022-08-25,3100000,서울특별시 노원구
중계사랑북카페,서울특별시,노원구　,작은도서관,법정공휴일+일,9:00,18:00,10:00,13:00,0:00,0:00,30,18001,0,0,7,14,서울특별시 노원구 덕릉로82길 50,노원구구립도서관,02-2116-2729,133,,www.nowonlib.kr,37.65876429,127.0779756,2022-08-25,3100000,서울특별시 노원구
푸른숲작은도서관,서울특별시,노원구　,작은도서관,법정공휴일+일,9:00,18:00,10:00,13:00,0:00,0:00,6,6393,0,0,7,14,서울특별시 노원구 동일로 1697,노원구구립도서관,02-2116-2749,76.3,,www.nowonlib.kr,37.67992867,127.0549625,2022-08-25,3100000,서울특별시 노원구
파랑새작은도서관,서울특별시,노원구　,작은도서관,법정공휴일+일,9:00,18:00,10:00,13:00,0:00,0:00,36,15016,0,0,7,14,서울특별시 노원구 상계로 118,노원구구립도서관,02-2116-2789,107,,www.nowonlib.kr,37.65748394,127.0678654,2022-08-25,3100000,서울특별시 노원구
수락작은도서관,서울특별시,노원구　,작은도서관,법정공휴일+일,9:00,18:00,10:00,13:00,0:00,0:00,39,19434,0,0,7,14,서울특별시 노원구 덕릉로 859,노원구구립도서관,02-2116-2809,227,,www.nowonlib.kr,37.6729097,127.0832363,2022-08-25,3100000,서울특별시 노원구
해솔작은도서관,서울특별시,노원구　,작은도서관,법정공휴일+일,9:00,18:00,10:00,13:00,0:00,0:00,12,14757,0,0,7,14,서울특별시 노원구 한글비석로 434,노원구구립도서관,02-2116-2849,70,,www.nowonlib.kr,37.66297906,127.0693664,2022-08-25,3100000,서울특별시 노원구
반디작은도서관,서울특별시,노원구　,작은도서관,법정공휴일+일,9:00,18:00,10:00,13:00,0:00,0:00,10,14724,0,0,7,14,서울특별시 노원구 동일로227길 97,노원구구립도서관,02-2116-2909,60,,www.nowonlib.kr,37.66673627,127.0515525,2022-08-25,3100000,서울특별시 노원구
한울작은도서관,서울특별시,노원구　,작은도서관,법정공휴일+일,9:00,18:00,10:00,13:00,0:00,0:00,20,16058,0,0,7,14,서울특별시 노원구 한글비석로 487,노원구구립도서관,02-2116-2929,92.2,,www.nowonlib.kr,37.66452106,127.0638188,2022-08-25,3100000,서울특별시 노원구
가온작은도서관,서울특별시,노원구　,작은도서관,법정공휴일+일,9:00,18:00,10:00,13:00,0:00,0:00,11,13578,0,0,7,14,서울특별시 노원구 노원로 530,노원구구립도서관,02-2116-2959,67.5,,www.nowonlib.kr,37.66128661,127.0602619,2022-08-25,3100000,서울특별시 노원구
노원문화원,서울특별시,노원구　,작은도서관,법정공휴일+일,9:00,18:00,10:00,13:00,0:00,0:00,34,20313,0,0,7,14,서울특별시 노원구 동일로 197길 24,노원구구립도서관,02-948-1245,134,,www.nowonlib.kr,37.62879908,127.0698014,2022-08-25,3100000,서울특별시 노원구
상계숲속작은도서관,서울특별시,노원구　,작은도서관,법정공휴일+일,9:00,18:00,10:00,13:00,0:00,0:00,60,12138,0,0,7,14,서울특별시 노원구 동일로 227길 97,노원구구립도서관,02-3391-7889,325,,www.nowonlib.kr,37.66673627,127.0515525,2022-08-25,3100000,서울특별시 노원구
초안산숲속작은도서관,서울특별시,노원구　,작은도서관,법정공휴일+일,9:00,18:00,10:00,13:00,0:00,0:00,50,11442,0,0,7,14,서울특별시 노원구 덕릉로 60길 199,노원구구립도서관,02-905-3900,292,,www.nowonlib.kr,37.63208014,127.0444276,2022-08-25,3100000,서울특별시 노원구
마포어린이영어도서관,서울특별시,마포구,어린이도서관,일+공휴일,10:00,19:00,10:00,18:00,0:00,0:00,20,21706,0,655,4,14,"서울특별시 마포구 도화4길 53, 2층",(학)서강대학교,02-716-3987,,216.48,https://mplib.mapo.go.kr/englib,37.5395351,126.9519221,2022-11-25,3130000,서울특별시 마포구
꿈나래어린이영어도서관,서울특별시,마포구,어린이도서관,일+공휴일,10:00,19:00,10:00,18:00,0:00,0:00,20,20917,0,3306,4,14,"서울특별시 마포구 월드컵로13길 80, 2층",㈜다앤뉴,02-323-1841,,221.33,https://mplib.mapo.go.kr/englib,37.5552351,126.9056841,2022-11-25,3130000,서울특별시 마포구
통인 어린이 작은도서관,서울특별시,종로구,작은도서관,둘째 주 월+넷째 주 월+법정공휴일,10:00,19:00,10:00,17:00,10:00,17:00,50,17040,0,618,5,15,서울특별시 종로구 자하문로13길 20,㈜다앤뉴,02-739-8444,270.9,229.5,http://lib.jongno.go.kr/,37.5804256,126.9705288,2022-04-18,3000000,서울특별시 종로구
도담도담 한옥도서관,서울특별시,종로구,작은도서관,화+법정공휴일,10:00,18:00,10:00,18:00,10:00,18:00,30,7823,0,0,5,15,서울특별시 종로구 숭인동길 43,새마을문고 종로구지부,02-928-1133,188,107.9,http://lib.jongno.go.kr/,37.5769278,127.0218396,2022-04-18,3000000,서울특별시 종로구
청운효자동 북카페,서울특별시,종로구,작은도서관,토+일+법정공휴일,10:00,18:00,0:00,0:00,0:00,0:00,41,7981,0,0,5,15,서울특별시 종로구 자하문로 92(청운효자동 주민센터 2층),액티브봉사단,02-2148-5020,,127,http://lib.jongno.go.kr/,37.5840909,126.9706225,2022-04-18,3000000,서울특별시 종로구
화양동새마을작은도서관,서울특별시,광진구,작은도서관,토+일+공휴일,13:00,17:00,0:00,0:00,0:00,0:00,10,10776,0,0,3,7,서울특별시 광진구 능동로17길 39(화양동),,02-461-2638,,,,37.54653756,127.0713179,2022-07-05,3040000,서울특별시 광진구
꿈꾸는 평창동 작은도서관,서울특별시,종로구,작은도서관,토+일+법정공휴일,10:00,18:00,0:00,0:00,0:00,0:00,13,6967,0,0,5,15,서울특별시 종로구 평창문화로 65(평창동 주민센터 2층),새마을문고 평창동분회,02-2148-5140,,38.5,http://lib.jongno.go.kr/,37.6063736,126.9683668,2022-04-18,3000000,서울특별시 종로구
성신비전스쿨도서관,서울특별시,광진구,작은도서관,월,13:00,19:00,13:00,19:00,0:00,0:00,20,3500,0,0,3,7,서울특별시 광진구 동일로 160(화양동),,02-463-5959,,,,37.546461,127.0666556,2022-07-05,3040000,서울특별시 광진구
이룸도서관,서울특별시,광진구,작은도서관,없음,13:00,18:00,13:00,18:00,9:00,14:00,8,3000,6,0,3,14,서울특별시 광진구 용마산로 49(중곡동),,02-446-0691,,,,37.5579873,127.0875991,2022-07-05,3040000,서울특별시 광진구
사람아이앤지작은도서관,서울특별시,광진구,작은도서관,일,11:00,20:00,11:00,20:00,0:00,0:00,50,6233,2,1,3,7,"서울특별시 광진구 자양로 322, 3층(구의동)",,02-823-4514,,,,37.55392748,127.0940536,2022-07-05,3040000,서울특별시 광진구
샘터작은도서관,서울특별시,광진구,작은도서관,없음,13:00,19:00,13:00,19:00,0:00,0:00,25,10306,0,2,3,7,서울특별시 광진구 용마산로24길 10(중곡동),,02-446-0191,,,,37.5651522,127.087354,2022-07-05,3040000,서울특별시 광진구
국제문학작은도서관,서울특별시,광진구,작은도서관,일,18:00,19:00,13:00,17:00,0:00,0:00,8,2500,3,0,3,7,서울특별시 광진구 광나루로15길 41(군자동),,02-465-7271,,,,37.55012813,127.0696581,2022-07-05,3040000,서울특별시 광진구
사하라작은도서관,서울특별시,광진구,작은도서관,토+일,14:00,18:00,0:00,0:00,0:00,0:00,20,1200,4,0,3,7,"서울특별시 광진구 광장로 78, 2층(광장동, 광성빌딩)",,02-453-7068,,,,37.54761106,127.1056385,2022-07-05,3040000,서울특별시 광진구
성메도서관,서울특별시,마포구,작은도서관,일+공휴일,9:00,18:00,10:00,16:00,0:00,0:00,20,15619,12,0,5,14,"서울특별시 마포구 월드컵북로30길 22, 2층",(사)한국청소년지원네트워크,02-373-4785,,149,https://mplib.mapo.go.kr/libsmall,37.5686111,126.9089751,2022-11-25,3130000,서울특별시 마포구
아름드리도서관,서울특별시,마포구,작은도서관,일+공휴일,10:00,19:00,10:00,16:00,0:00,0:00,20,17984,7,0,5,14,"서울특별시 마포구 방울내로7길 11, 1층",(사)한국청소년지원네트워크,02-322-8639,,181,https://mplib.mapo.go.kr/libsmall,37.5603131,126.9023161,2022-11-25,3130000,서울특별시 마포구
용강도도서관,서울특별시,마포구,작은도서관,일+공휴일,10:00,19:00,10:00,16:00,0:00,0:00,20,15720,17,0,5,14,"서울특별시 마포구 토정로31길 31, 2층",(사)기독교대한감리회사회복지재단,02-716-4785,,190,https://mplib.mapo.go.kr/libsmall,37.5423281,126.9428311,2022-11-25,3130000,서울특별시 마포구
초록숲도서관,서울특별시,마포구,작은도서관,일+공휴일,9:00,18:00,10:00,16:00,0:00,0:00,50,10639,10,0,5,14,"서울특별시 마포구 마포대로11길 44-81, B1층",(사)한국청소년지원네트워크,02-313-4785,,260,https://mplib.mapo.go.kr/libsmall,37.5521611,126.9512251,2022-11-25,3130000,서울특별시 마포구
해오름도서관,서울특별시,마포구,작은도서관,토+공휴일,9:00,18:00,0:00,0:00,0:00,0:00,20,17575,2,0,5,14,"서울특별시 마포구 신촌로26길 10, 2층",(사)한국청소년지원네트워크,02-714-8080,,168,https://mplib.mapo.go.kr/libsmall,37.5558481,126.9423681,2022-11-25,3130000,서울특별시 마포구
자양3동새마을작은도서관,서울특별시,광진구,작은도서관,토+일+공휴일,9:00,17:00,0:00,0:00,0:00,0:00,20,9726,0,0,3,7,서울특별시 광진구 뚝섬로 568(자양동),,02-458-4525,,,,37.53383249,127.0729033,2022-07-05,3040000,서울특별시 광진구
중랑구립정보도서관,서울특별시,중랑구,공공도서관,둘째 주 월+넷째 주 월+법정공휴일(일요일 제외)+근로자의 날(5월 1일)+임시휴관일,7:00,23:00,7:00,22:00,0:00,0:00,555,164565,124,45581,7,14,서울특별시 중랑구 신내로15길 197 (묵동),중랑문화재단,02-490-9113,3307.7,5106,http://www.jungnanglib.seoul.kr/jnlib,37.6151557,127.0869051,2022-11-21,3060000,서울특별시 중랑구
중랑구립면목정보도서관,서울특별시,중랑구,공공도서관,첫째 주 월+셋째 주 월+법정공휴일(일요일 제외)+근로자의 날(5월 1일)+임시휴관일,8:00,23:00,8:00,22:00,0:00,0:00,180,117559,54,0,7,14,서울특별시 중랑구 면목로 397 (면목동),중랑문화재단,02-432-4120,1167,1234,http://www.jungnanglib.seoul.kr/mmlib,37.58735615,127.0875566,2022-11-21,3060000,서울특별시 중랑구
중랑숲어린이도서관,서울특별시,중랑구,공공도서관,월+법정공휴일(일요일 제외)+근로자의 날(5월 1일)+임시휴관일,9:00,18:00,9:00,17:00,0:00,0:00,303,52985,160,4335,7,14,서울특별시 중랑구 망우로73길 46-1 (망우동),중랑문화재단,02-6235-1150,1021.1,977.8,http://www.jungnanglib.seoul.kr/suplib,37.602634,127.103926,2022-11-21,3060000,서울특별시 중랑구
중곡3동새마을작은도서관,서울특별시,광진구,작은도서관,토+일+공휴일,9:30,17:30,0:00,0:00,0:00,0:00,40,3932,0,0,3,7,서울특별시 광진구 동일로76가길 28(중곡동),,02-462-4916,,,,37.56880816,127.0801365,2022-07-05,3040000,서울특별시 광진구
중곡4동새마을작은도서관,서울특별시,광진구,작은도서관,토+일+공휴일,9:00,17:00,0:00,0:00,0:00,0:00,25,5657,0,0,3,7,서울특별시 광진구 긴고랑로 131(중곡동),,02-450-1513,,,,37.55909955,127.0894339,2022-07-05,3040000,서울특별시 광진구
능동새마을작은도서관,서울특별시,광진구,작은도서관,토+일+공휴일,13:00,17:00,0:00,0:00,0:00,0:00,10,8193,0,0,3,7,서울특별시 광진구 천호대로112길 55(능동),,02-453-6525,,,,37.55376123,127.0805504,2022-07-05,3040000,서울특별시 광진구
구의1동새마을작은도서관,서울특별시,광진구,작은도서관,토+일+공휴일,9:30,17:30,0:00,0:00,0:00,0:00,8,8259,0,0,3,7,서울특별시 광진구 광나루로36길 56(구의동),,02-454-2830,,,,37.54249155,127.0856664,2022-07-05,3040000,서울특별시 광진구
광장동새마을작은도서관,서울특별시,광진구,작은도서관,토+일+공휴일,12:00,16:00,0:00,0:00,0:00,0:00,15,5705,0,0,3,7,서울특별시 광진구 광장로 52(광장동),,02-458-8379,,,,37.54688177,127.1030122,2022-07-05,3040000,서울특별시 광진구
자양1동새마을작은도서관,서울특별시,광진구,작은도서관,토+일+공휴일,13:00,17:00,0:00,0:00,0:00,0:00,6,10922,0,0,3,7,서울특별시 광진구 자양로13길 37(자양동),,02-446-0135,,,,37.5344966,127.0823943,2022-07-05,3040000,서울특별시 광진구
자양2동새마을작은도서관,서울특별시,광진구,작은도서관,토+일+공휴일,9:00,17:00,0:00,0:00,0:00,0:00,17,11232,0,0,3,7,서울특별시 광진구 자양로3가길 26(자양동),,02-498-9963,,,,37.52879933,127.0843882,2022-07-05,3040000,서울특별시 광진구
군자동새마을작은도서관,서울특별시,광진구,작은도서관,토+일+공휴일,13:30,17:30,0:00,0:00,0:00,0:00,10,6564,0,0,3,7,서울특별시 광진구 군자로 151(군자동),,02-465-9082,,,,37.55515906,127.0758892,2022-07-05,3040000,서울특별시 광진구
새빛작은도서관,서울특별시,광진구,작은도서관,토+일,9:00,18:00,0:00,0:00,0:00,0:00,30,9250,0,0,5,7,"서울특별시 광진구 아차산로 330 (자양동, 새빛지역아동센터)",,02-3436-6852,,,,37.53727353,127.0794272,2022-07-05,3040000,서울특별시 광진구
예드림작은도서관,서울특별시,광진구,작은도서관,일,10:00,18:00,10:00,15:00,0:00,0:00,40,7821,2,0,5,7,"서울특별시 광진구 구의강변로 96, B101호(구의동, 예드림교회)",,02-6408-0014,,,,37.53914351,127.0943108,2022-07-05,3040000,서울특별시 광진구
평강마을도서관,서울특별시,광진구,작은도서관,일,9:00,18:00,9:00,17:00,0:00,0:00,50,8217,0,0,2,21,"서울특별시 광진구 자양번영로4길 13, 2층(자양동, 평강침례교회)",,02-453-6238,,,,37.53157438,127.0760916,2022-07-05,3040000,서울특별시 광진구
광장현대파크빌도서관,서울특별시,광진구,작은도서관,토+일,9:00,22:00,0:00,0:00,0:00,0:00,17,3300,0,0,0,7,서울특별시 광진구 아차산로 549 (광장동),,02-458-7480,,,,37.54335816,127.1017445,2022-07-05,3040000,서울특별시 광진구
중곡교회작은도서관,서울특별시,광진구,작은도서관,월+일+공휴일,11:00,17:00,0:00,0:00,0:00,0:00,12,2600,0,0,3,14,"서울특별시 광진구 긴고랑로36길 56, 지하1층(중곡동, 중곡교회)",,02-452-4956,,,,37.55696496,127.090785,2022-07-05,3040000,서울특별시 광진구
아름드리작은도서관,서울특별시,광진구,작은도서관,토+일,9:00,18:00,0:00,0:00,0:00,0:00,20,5621,20,0,3,7,"서울특별시 광진구 워커힐로 93, 본관 2층(구의동, 정립회관)",,02-446-1237,,,,37.55053695,127.0979157,2022-07-05,3040000,서울특별시 광진구
아차산아래작은도서관놀자,서울특별시,광진구,작은도서관,월+일,10:00,18:00,13:00,17:00,0:00,0:00,35,7061,3,7,3,7,"서울특별시 광진구 자양로50가길 45, 2층(구의동)",,02-2272-2011,,,,37.55385545,127.0944525,2022-07-05,3040000,서울특별시 광진구
하람도서관,서울특별시,광진구,작은도서관,토+일,10:00,17:00,0:00,0:00,0:00,0:00,12,2000,4,0,3,14,"서울특별시 광진구 용마산로 16길 18, 101호(중곡동)",,02-475-7791,,,,37.56212772,127.0883465,2022-07-05,3040000,서울특별시 광진구
운룡도서관,서울특별시,광진구,작은도서관,토+일,10:00,18:00,0:00,0:00,0:00,0:00,20,20000,8,0,3,14,서울특별시 광진구 자양로43길 85(중곡동),,02-454-3431,,,,37.55419818,127.0893602,2022-07-05,3040000,서울특별시 광진구
더바움문화예술작은도서관,서울특별시,광진구,작은도서관,일,11:00,17:00,9:00,13:00,0:00,0:00,12,4011,7,0,5,30,"서울특별시 광진구 자양로28길 98, 지하1층(구의동)",,02-443-6376,,,,37.54141454,127.0895623,2022-07-05,3040000,서울특별시 광진구
노원중앙도서관,서울특별시,노원구　,공공도서관,법정공휴일(일요일제외)+첫째 주 월+셋째 주 월,8:00,23:00,8:00,23:00,0:00,0:00,847,182714,93,8477,7,14,서울특별시 노원구 노원로34길 43,노원문화재단,02-950-0050,2850,6526,www.nowonlib.kr,37.66109975,127.0650081,2022-08-25,3100000,서울특별시 노원구
노원어린이도서관,서울특별시,노원구　,공공도서관,법정공휴일(일요일제외)+둘째 주 월+넷째 주 월,9:00,18:00,9:00,17:00,0:00,0:00,380,64981,30,5737,7,14,서울특별시 노원구 한글비석로 346(,노원문화재단,02-933-7145,1140,1361.88,www.nowonlib.kr,37.65795085,127.0763791,2022-08-25,3100000,서울특별시 노원구
월계도서관,서울특별시,노원구　,공공도서관,법정공휴일(일요일제외)+첫째 주 월+셋째 주 월,8:00,23:00,8:00,23:00,0:00,0:00,427,92688,67,6085,7,14,서울특별시 노원구 월계로 319,노원문화재단,02-991-0871,701,1962,www.nowonlib.kr,37.628637,127.056121,2022-08-25,3100000,서울특별시 노원구
상계도서관,서울특별시,노원구　,공공도서관,법정공휴일(일요일제외)+둘째 주 월+넷째 주 월,8:00,23:00,8:00,23:00,0:00,0:00,472,77994,90,3352,7,14,서울특별시 노원구 동일로243길 57,노원문화재단,02-3391-7882,1012,2466.45,www.nowonlib.kr,37.67852812,127.0519416,2022-08-25,3100000,서울특별시 노원구
불암도서관,서울특별시,노원구　,공공도서관,법정공휴일(일요일제외)+첫째 주 월+셋째 주 월,9:00,20:00,9:00,17:00,0:00,0:00,255,47415,56,2217,7,14,서울특별시 노원구 중계로 106,노원문화재단,02-935-0721,1397,2726,www.nowonlib.kr,37.64529213,127.0825447,2022-08-25,3100000,서울특별시 노원구
화랑도서관,서울특별시,노원구　,공공도서관,법정공휴일(일요일제외)+월,9:00,22:00,9:00,21:00,0:00,0:00,140,36761,31,3160,7,14,서울특별시 노원구 노원로1나길 10,성공회대,02-973-1318,1019,2595,www.gycenter.or.kr/,37.62151981,127.083006,2022-08-25,3100000,서울특별시 노원구
한내도서관,서울특별시,노원구　,공공도서관,법정공휴일+일,9:00,18:00,9:00,17:00,0:00,0:00,120,14853,0,0,7,14,서울특별시 노원구 마들로 86,노원구구립도서관,02-979-7420,14382,359.37,www.nowonlib.kr,37.62358838,127.0687815,2022-08-25,3100000,서울특별시 노원구
향기나무도서관,서울특별시,노원구　,공공도서관,법정공휴일+일,9:00,18:00,9:00,17:00,0:00,0:00,140,12690,0,0,7,14,서울특별시 노원구 마들로 86,노원구구립도서관,02-2116-4448,330,920,www.nowonlib.kr,37.62358838,127.0687815,2022-08-25,3100000,서울특별시 노원구
공릉도서관,서울특별시,노원구　,공공도서관,법정공휴일+일,9:00,18:00,9:00,17:00,0:00,0:00,112,20429,0,0,7,14,서울특별시 노원구 마들로 86,노원구구립도서관,02-976-3820,992,691,www.nowonlib.kr,37.62358838,127.0687815,2022-08-25,3100000,서울특별시 노원구
월계어린이도서관,서울특별시,노원구　,공공도서관,법정공휴일+일,9:00,18:00,9:00,17:00,0:00,0:00,80,14736,12,0,7,14,서울특별시 노원구 마들로 86,노원구구립도서관,070-4238-5148,1106,2344.12,www.nowonlib.kr,37.62358838,127.0687815,2022-08-25,3100000,서울특별시 노원구
하늘샘작은도서관,서울특별시,서대문구,작은도서관,"토·일요일, 법정공휴일",9:00,18:00,0:00,0:00,0:00,0:00,12,7120,0,0,7,14,"서울특별시 서대문구 독립문로 27, 천연보건분소 5층",서대문구도시관리공단,02-330-8334,0,165,http://lib.sdm.or.kr,37.56960387,126.9613146,2022-10-31,3120000,서울특별시 서대문구
북아현마을 북카페,서울특별시,서대문구,작은도서관,"토·일요일, 법정공휴일",9:00,18:00,0:00,0:00,0:00,0:00,35,7493,0,0,7,14,"서울특별시 서대문구 북아현로 24, 북아현동주민센터 3층",서대문구도시관리공단,02-330-8672,0,90,http://lib.sdm.or.kr,37.559456,126.9570371,2022-10-31,3120000,서울특별시 서대문구
아이누리작은도서관,서울특별시,서대문구,작은도서관,"토·일요일, 법정공휴일",9:00,18:00,0:00,0:00,0:00,0:00,39,12589,0,0,7,14,"서울특별시 서대문구 증가로 13-10, 연희동자치회관",서대문구도시관리공단,02-330-8775,0,160,http://lib.sdm.or.kr,37.56930165,126.9307755,2022-10-31,3120000,서울특별시 서대문구
햇살작은도서관,서울특별시,서대문구,작은도서관,"토·일요일, 법정공휴일",9:00,18:00,0:00,0:00,0:00,0:00,25,7806,0,0,7,14,"서울특별시 서대문구 세검정로1길 45, 홍은1동 자치회관 2층",서대문구도시관리공단,02-330-8461,0,80,http://lib.sdm.or.kr,37.59323535,126.9439056,2022-10-31,3120000,서울특별시 서대문구
행복작은도서관,서울특별시,서대문구,작은도서관,"토·일요일, 법정공휴일",9:00,18:00,0:00,0:00,0:00,0:00,25,8780,0,0,7,14,"서울특별시 서대문구 모래내로 334, 홍은2동주민센터 3층",서대문구도시관리공단,02-330-8788,0,91,http://lib.sdm.or.kr,37.58010825,126.9341521,2022-10-31,3120000,서울특별시 서대문구
논골작은도서관,서울특별시,서대문구,작은도서관,"토·일요일, 법정공휴일",9:00,18:00,0:00,0:00,0:00,0:00,80,9944,0,0,7,14,"서울특별시 서대문구 증가로 13-10, 연희동자치회관",서대문구도시관리공단,02-391-8789,0,223,http://lib.sdm.or.kr,37.56930165,126.9307755,2022-10-31,3120000,서울특별시 서대문구
새싹작은도서관,서울특별시,서대문구,작은도서관,"토·일요일, 법정공휴일",9:00,18:00,0:00,0:00,0:00,0:00,40,13390,0,0,7,14,"서울특별시 서대문구 통일로27길 19, 홍제1동 자치회관",서대문구도시관리공단,02-330-8663,0,125,http://lib.sdm.or.kr,37.58316431,126.9484101,2022-10-31,3120000,서울특별시 서대문구
꿈이있는작은도서관,서울특별시,서대문구,작은도서관,"토·일요일, 법정공휴일",9:00,18:00,0:00,0:00,0:00,0:00,26,8196,0,0,7,14,"서울특별시 서대문구 통일로34길 27, 홍제2동주민센터 2층",서대문구도시관리공단,02-330-8453,0,85,http://lib.sdm.or.kr,37.58610556,126.9493681,2022-10-31,3120000,서울특별시 서대문구
문화촌어린이도서관,서울특별시,서대문구,작은도서관,"토·일요일, 법정공휴일",9:00,18:00,0:00,0:00,0:00,0:00,35,14799,0,0,7,14,"서울특별시 서대문구 세검정로4길 32, 홍제3동주민센터 3층",서대문구도시관리공단,02-330-8991,0,128,http://lib.sdm.or.kr,37.593746,126.9496936,2022-10-31,3120000,서울특별시 서대문구
파랑새작은도서관,서울특별시,서대문구,작은도서관,"토·일요일, 법정공휴일",9:00,18:00,0:00,0:00,0:00,0:00,48,9580,0,0,7,14,"서울특별시 서대문구 모래내로 15길 37, 남가좌1동주민센터 2층",서대문구도시관리공단,02-330-8992,0,124,http://lib.sdm.or.kr,37.57327343,126.9197817,2022-10-31,3120000,서울특별시 서대문구
늘푸른열린작은도서관,서울특별시,서대문구,작은도서관,"토·일요일, 법정공휴일",9:00,18:00,0:00,0:00,0:00,0:00,23,7379,0,0,7,14,"서울특별시 서대문구 수색로 100-55, 북가좌1동주민센터 2층",서대문구도시관리공단,02-330-8554,0,84,http://lib.sdm.or.kr,37.5743693,126.9101357,2022-10-31,3120000,서울특별시 서대문구
가슴따뜻한작은도서관,서울특별시,서대문구,작은도서관,"토·일요일, 법정공휴일",9:00,18:00,0:00,0:00,0:00,0:00,18,5187,0,0,7,14,"서울특별시 서대문구 응암로1길 10, 북가좌2동주민센터 2층",서대문구도시관리공단,02-330-8652,0,16,http://lib.sdm.or.kr,37.581453,126.9111778,2022-10-31,3120000,서울특별시 서대문구
이팝꽃향기작은도서관,서울특별시,서대문구,작은도서관,"토·일요일, 법정공휴일",10:00,16:00,0:00,0:00,0:00,0:00,6,2499,0,0,7,14,서울특별시 서대문구 불광천길 204,서대문구도시관리공단,02-302-9798,0,18,http://lib.sdm.or.kr,37.58373665,126.9109487,2022-10-31,3120000,서울특별시 서대문구
광진정보도서관,서울특별시,광진구,공공도서관,둘째 주 화+넷째 주 화+공휴일,9:00,22:00,9:00,18:00,0:00,0:00,1295,301007,369,20497,7,14,서울특별시 광진구 아차산로78길 90(광장동),광진구시설관리공단,02-3437-5092,,7283,http://www.gwangjinlib.seoul.kr/,37.55107355,127.1106137,2022-07-05,3040000,서울특별시 광진구
자양한강도서관,서울특별시,광진구,공공도서관,둘째 주 월+넷째 주 월+공휴일,9:00,20:00,9:00,18:00,0:00,0:00,370,43604,47,0,7,14,서울특별시 광진구 뚝섬로52길 66(자양동),광진구시설관리공단,02-456-0048,,1650,http://www.gwangjinlib.seoul.kr/,37.52921552,127.077668,2022-07-05,3040000,서울특별시 광진구
중곡문화체육센터도서관,서울특별시,광진구,공공도서관,첫째 주 월+셋째 주 월+공휴일,9:00,22:00,9:00,18:00,0:00,0:00,259,80389,98,0,7,14,서울특별시 광진구 능동로 433(중곡동),광진구시설관리공단,02-3408-4900,,2032,http://www.gwangjinlib.seoul.kr/,37.56777776,127.0848034,2022-07-05,3040000,서울특별시 광진구
자양제4동도서관,서울특별시,광진구,공공도서관,첫째 주 화+셋째 주 화+공휴일,9:00,20:00,9:00,18:00,0:00,0:00,98,26717,4,0,5,14,서울특별시 광진구 뚝섬로26길 58(자양동),광진구시설관리공단,02-465-0737,,333,http://www.gwangjinlib.seoul.kr/,37.5340959,127.0662599,2022-07-05,3040000,서울특별시 광진구
구의제3동도서관,서울특별시,광진구,공공도서관,둘째 주 월+넷째 주 월+공휴일,9:00,20:00,9:00,18:00,0:00,0:00,64,26514,4,0,5,14,서울특별시 광진구 강변역로 17(구의동),광진구시설관리공단,02-454-6294,,305,http://www.gwangjinlib.seoul.kr/,37.53799261,127.091984,2022-07-05,3040000,서울특별시 광진구
군자동도서관,서울특별시,광진구,공공도서관,첫째 주 화+셋째 주 화+공휴일,9:00,20:00,9:00,18:00,0:00,0:00,60,12245,14,0,5,14,"서울특별시 광진구 면목로 13,군자동복합청사 1층",광진구시설관리공단,02-2049-2960,,407,http://www.gwangjinlib.seoul.kr/,37.55553622,127.0754659,2022-07-05,3040000,서울특별시 광진구
중곡1동새마을작은도서관,서울특별시,광진구,작은도서관,토+일+공휴일,9:00,17:00,0:00,0:00,0:00,0:00,12,12237,0,0,3,7,서울특별시 광진구 긴고랑로12길 49(중곡동),,02-461-9058,,,,37.56066681,127.0800508,2022-07-05,3040000,서울특별시 광진구
중곡2동새마을작은도서관,서울특별시,광진구,작은도서관,토+일+공휴일,9:00,17:00,0:00,0:00,0:00,0:00,10,7065,0,0,3,7,서울특별시 광진구 능동로 346(중곡동),,02-458-7036,,,,37.56015047,127.0814764,2022-07-05,3040000,서울특별시 광진구
관악중앙도서관,서울특별시,관악구,공공도서관,화+공휴일,7:00,23:00,9:00,22:00,0:00,0:00,510,198650,64,26348,5,14,서울특별시 관악구 신림로3길 35(신림동),서울특별시 관악구청,02-828-5700,7349,14279,http://lib.gwanak.go.kr/,37.46759765,126.9448709,2022-10-15,3200000,서울특별시 관악구
글빛정보도서관,서울특별시,관악구,공공도서관,수+공휴일,9:00,23:00,9:00,22:00,0:00,0:00,136,66137,56,2341,5,14,서울특별시 관악구 관악로 30길 23,서울특별시 관악구청,02-878-7460,351,693,http://lib.gwanak.go.kr/,37.486252,126.959668,2022-10-15,3200000,서울특별시 관악구
성현동작은도서관,서울특별시,관악구,공공도서관,화+공휴일,9:00,19:00,9:00,17:00,0:00,0:00,60,52273,44,2098,5,14,서울특별시 관악구 관악로 37길 56,서울특별시 관악구청,02-877-7182,,1974,http://lib.gwanak.go.kr/,37.48731296,126.9561835,2022-10-15,3200000,서울특별시 관악구
은천동작은도서관,서울특별시,관악구,공공도서관,화+공휴일,9:00,20:00,9:00,17:00,0:00,0:00,89,46522,45,1516,5,14,서울특별시 관악구 봉천로 33나길 30,서울특별시 관악구청,02-877-1162,1075,2974,http://lib.gwanak.go.kr/,37.48530456,126.942434,2022-10-15,3200000,서울특별시 관악구
조원작은도서관,서울특별시,관악구,공공도서관,수+공휴일,9:00,20:00,9:00,17:00,0:00,0:00,210,62207,62,4748,5,14,서울특별시 관악구 조원로 12길 25,서울특별시 관악구청,02-851-5571,801,2668,http://lib.gwanak.go.kr/,37.48256328,126.907773,2022-10-15,3200000,서울특별시 관악구
숲속작은도서관,서울특별시,관악구,작은도서관,화+공휴일,10:00,18:00,10:00,17:00,0:00,0:00,20,3070,0,0,5,14,서울특별시 관악구 관악산나들길 114,서울특별시 관악구청,070-4118-6154,,,http://lib.gwanak.go.kr/,37.458841,126.9466795,2022-10-15,3200000,서울특별시 관악구
책이랑놀이랑,서울특별시,관악구,작은도서관,화+공휴일,9:00,18:00,9:00,17:00,0:00,0:00,35,13253,13,433,8,14,서울특별시 관악구 행운1길 12 2층,서울특별시 관악구청,02-878-0955,380,902,http://lib.gwanak.go.kr/,37.479992,126.958588,2022-10-15,3200000,서울특별시 관악구
책쉼터,서울특별시,관악구,작은도서관,일+공휴일,10:00,18:00,10:00,17:00,0:00,0:00,20,3723,0,0,2,7,서울특별시 관악구 낙성대로3길 37,서울특별시 관악구청,00-000-0000,10,6985,http://lib.gwanak.go.kr/,37.47306731,126.9603153,2022-10-15,3200000,서울특별시 관악구
낙성대공원도서관,서울특별시,관악구,작은도서관,화+공휴일,9:00,18:00,9:00,17:00,0:00,0:00,39,7634,16,106,5,14,서울특별시 관악구 낙성대로 77,서울특별시 관악구청,02-872-5575,155,114,http://lib.gwanak.go.kr/,37.47197208,126.959371,2022-10-15,3200000,서울특별시 관악구
하난곡작은도서관,서울특별시,관악구,작은도서관,화+공휴일,9:00,18:00,9:00,17:00,0:00,0:00,38,15065,17,668,5,14,서울특별시 관악구 난우10가길 20-7,서울특별시 관악구청,02-868-8994,198,358,http://lib.gwanak.go.kr/,37.47683046,126.919945,2022-10-15,3200000,서울특별시 관악구
용꿈꾸는 작은도서관,서울특별시,관악구,작은도서관,일+공휴일,9:00,22:00,9:00,17:00,0:00,0:00,75,20594,26,419,5,14,서울특별시 관악구 관악로 145,서울특별시 관악구청,02-889-8823,132,230,http://lib.gwanak.go.kr/,37.47821067,126.9515012,2022-10-15,3200000,서울특별시 관악구
도림천에서 용나는 작은도서관,서울특별시,관악구,작은도서관,화+공휴일,9:00,18:00,9:00,17:00,0:00,0:00,12,6935,3,127,5,14,서울특별시 관악구 신림로 297,서울특별시 관악구청,02-877-2722,,43.8,http://lib.gwanak.go.kr/,37.4810115,126.929827,2022-10-15,3200000,서울특별시 관악구
꿈나무 영유아도서관,서울특별시,관악구,작은도서관,화+공휴일,9:00,18:00,9:00,17:00,0:00,0:00,50,7018,0,241,5,14,서울특별시 관악구 신림로3길 35,서울특별시 관악구청,02-828-5721,,,http://lib.gwanak.go.kr/,37.46759765,126.9448709,2022-10-15,3200000,서울특별시 관악구
반포도서관,서울특별시,서초구,공공도서관,월+ 법정공휴일,9:00,22:00,9:00,18:00,9:00,18:00,450,15446,100,5410,5,14,서울특별시 서초구 고무래로 34,(재)서초문화재단,02-520-8700,3593.48,3593.48,http://www.seocholib.or.kr,37.50248861,127.012535,2022-12-06,3210000,서울특별시 서초구
양재도서관,서울특별시,서초구,공공도서관,금+ 법정공휴일,9:00,22:00,9:00,20:00,9:00,20:00,410,68367,80,2273,5,14,서울특별시 서초구 양재천로 33,(재)서초문화재단,02-3486-4050,2985,2985,https://yangjae.seocholib.or.kr/,37.473627,127.0335724,2022-12-06,3210000,서울특별시 서초구
서이도서관,서울특별시,서초구,공공도서관,월+ 법정공휴일,9:00,21:00,9:00,18:00,9:00,18:00,100,24983,24,0,5,14,서울특별시 서초구 서초대로70길 51,(재)서초문화재단,02-3471-1337,364.43,364.43,https://seoi.seocholib.or.kr/,37.492071,127.024905,2022-12-06,3210000,서울특별시 서초구
잠원도서관,서울특별시,서초구,공공도서관,월+ 법정공휴일,9:00,21:00,9:00,18:00,9:00,18:00,80,27362,25,0,5,14,서울특별시 서초구 나루터로 38,(재)서초문화재단,02-3477-8655,313.74,313.74,https://jamwon.seocholib.or.kr/,37.51496916,127.013922,2022-12-06,3210000,서울특별시 서초구
방배도서관,서울특별시,서초구,공공도서관,월+ 법정공휴일,9:00,21:00,9:00,18:00,9:00,18:00,60,21474,23,0,5,14,서울특별시 서초구 방배로 40,(재)서초문화재단,02-3471-3993,271,264,https://bangbae.seocholib.or.kr/,37.47843957,126.999945,2022-12-06,3210000,서울특별시 서초구
서초그림책도서관,서울특별시,서초구,공공도서관,월+ 법정공휴일,9:00,21:00,9:00,18:00,9:00,18:00,109,17098,27,1002,5,14,서울특별시 서초구 명달로 150,(재)서초문화재단,02-3471-0995,316.06,316.06,https://picturebook.seocholib.or.kr/,37.490693,127.005102,2022-12-06,3210000,서울특별시 서초구
서초청소년도서관,서울특별시,서초구,공공도서관,화+ 법정공휴일,10:00,22:00,9:00,20:00,9:00,20:00,224,36923,87,272,5,14,서울특별시 서초구 효령로77길 37,(사)한국청소년지원네트워크,02-3486-9543,1030,1030,https://seocho.seocholib.or.kr/,37.492324,127.0281935,2022-12-06,3210000,서울특별시 서초구
왕십리도선동희망문고,서울특별시,성동구,공공도서관,토+일+법정공휴일,10:00,18:00,0:00,0:00,0:00,0:00,35,6626,1,0,3,14,서울특별시 성동구 상왕십리동 마장로 141,서울특별시 성동구,02-2286-7214,99.35,99.35,,37.56787393,127.0255271,2022-08-25,3030000,서울특별시 성동구
왕십리제2동작은도서관,서울특별시,성동구,공공도서관,토+일+법정공휴일,9:00,18:00,0:00,0:00,0:00,0:00,12,3038,1,0,3,14,서울특별시 성동구 무학봉길 69 (하왕십리동),서울특별시 성동구,02-2286-7223,50.58,50.58,,37.56104233,127.030513,2022-08-25,3030000,서울특별시 성동구
용답동어린이작은도서관,서울특별시,성동구,공공도서관,토+일+법정공휴일,10:00,17:00,0:00,0:00,0:00,0:00,20,6152,1,0,3,14,서울특별시 성동구 용답동 용답중앙23길 20 용답동주민센터,서울특별시 성동구,02-2286-7523,103,103,,37.564066,127.055517,2022-08-25,3030000,서울특별시 성동구
응봉동어린이작은도서관,서울특별시,성동구,공공도서관,토+일+법정공휴일,10:00,17:00,0:00,0:00,0:00,0:00,18,6378,1,0,3,14,서울특별시 성동구 응봉동 독서당로 424,서울특별시 성동구,02-2286-7335,84,84,,37.553118,127.033401,2022-08-25,3030000,서울특별시 성동구
행당제2동어린이작은도서관,서울특별시,성동구,공공도서관,토+일+법정공휴일,9:00,18:00,0:00,0:00,0:00,0:00,40,11759,1,0,3,14,서울특별시 성동구 행당동 행당로9길 9 행당제2동주민센터,서울특별시 성동구,02-2286-7567,100,100,,37.55810983,127.0294148,2022-08-25,3030000,서울특별시 성동구
와서 작은도서관,서울특별시,금천구,작은도서관,"토,일요일/법정공휴일",14:00,17:00,0:00,0:00,0:00,0:00,30,2039,0,0,10,14,"서울특별시 금천구 벚꽃로56길 62, B01",사립,02-859-2414,,198.96,,37.483792,126.883653,2022-02-26,3170000,서울특별시 금천구
우리울 작은도서관,서울특별시,금천구,작은도서관,일요일/법정공휴일,14:00,19:00,14:00,19:00,0:00,0:00,33,1300,0,0,10,14,서울특별시 금천구 범안로12가길 49,사립,070-7573-3321,,59.4,,37.46493455,126.894003,2022-02-26,3170000,서울특별시 금천구
은행나무어린이도서관,서울특별시,금천구,작은도서관,월요일/법정공휴일,10:00,18:00,13:00,18:00,0:00,0:00,40,11101,0,0,10,14,서울특별시 금천구 탑골로 43,사립,02-892-7894,,102.94,,37.45205638,126.9139655,2022-02-26,3170000,서울특별시 금천구
지혜의숲 작은도서관,서울특별시,금천구,작은도서관,토요일/법정공휴일,10:00,18:00,0:00,0:00,0:00,0:00,16,9071,0,0,10,14,"서울특별시 금천구 시흥대로90길 25, 신일교회",사립,070-4192-5822,,59,,37.46181446,126.8992884,2022-02-26,3170000,서울특별시 금천구
참새작은도서관,서울특별시,금천구,작은도서관,일요일/법정공휴일,9:00,20:00,9:00,17:00,0:00,0:00,12,5577,0,0,10,14,서울특별시 금천구 한내로 69-15,금천문화재단,02-2104-5765,,262.34,https://geumcheonlib.seoul.kr,37.45738796,126.8865496,2022-02-26,3170000,서울특별시 금천구
책달샘숲속작은도서관,서울특별시,금천구,작은도서관,"월,일요일/법정공휴일",10:00,18:00,10:00,18:00,0:00,0:00,14,2160,0,0,10,14,"서울특별시 금천구 독산동 373, 감로천생태공원 내",금천문화재단,02-2104-5733,,61.03,,37.46976927,126.9067047,2022-02-26,3170000,서울특별시 금천구
책이든거리작은도서관,서울특별시,금천구,작은도서관,"토,일요일/법정공휴일",11:00,20:00,0:00,0:00,0:00,0:00,16,5091,0,0,10,14,"서울특별시 금천구 가산디지털1로 2, 가산동 677번지",금천문화재단,02-853-3327,,210.96,,37.4666082,126.8876955,2022-02-26,3170000,서울특별시 금천구
책읽는마을 작은도서관,서울특별시,금천구,작은도서관,"토,일요일/법정공휴일",12:00,19:00,0:00,0:00,0:00,0:00,30,6573,0,0,10,14,서울특별시 금천구 독산로74길 31,사립,02-858-9919,,60,,37.46865174,126.904183,2022-02-26,3170000,서울특별시 금천구
책읽는주민사랑방작은도서관,서울특별시,금천구,작은도서관,일요일/법정공휴일,10:00,18:00,9:00,17:00,0:00,0:00,10,3886,0,0,10,14,서울특별시 금천구 금하로21길 20,금천문화재단,02-2104-5729,,33,,37.45235385,126.9081617,2022-02-26,3170000,서울특별시 금천구
청개구리작은도서관,서울특별시,금천구,작은도서관,"월,일요일/법정공휴일",10:00,20:00,9:00,17:00,0:00,0:00,33,10804,2,0,10,14,서울특별시 금천구 독산로 317,금천문화재단,02-2104-5606,,104.98,https://cafe.daum.net/greenfroglib,37.47513218,126.9034704,2022-02-26,3170000,서울특별시 금천구
트리니티 작은도서관,서울특별시,금천구,작은도서관,법정공휴일,9:00,21:00,9:00,21:00,0:00,0:00,12,1320,0,0,10,14,서울특별시 금천구 시흥대로 72길 13,사립,02-802-5390,,34,,37.45717329,126.900233,2022-02-26,3170000,서울특별시 금천구
해오름작은도서관,서울특별시,금천구,작은도서관,일요일/법정공휴일,10:00,20:00,9:00,17:00,0:00,0:00,24,8424,0,0,10,14,"서울특별시 금천구 시흥대로123길 11, 독산1동주민센터",서울특별시 금천구청,02-2104-5569,,100.6,,37.47022076,126.8970434,2022-02-26,3170000,서울특별시 금천구
작은도서관 꿈꾸는 책마을,서울특별시,용산구,작은도서관,"토,일,법정공휴일",9:00,17:00,0:00,0:00,0:00,0:00,15,4696,0,0,3,14,서울특별시 용산구 장문로95,용산구,02-2199-8708,,,https://www.yslibrary.or.kr/small/index.do,37.526301,127.000181,2021-09-15,3020000,서울특별시 용산구
별밭 작은도서관,서울특별시,용산구,작은도서관,"토,일,법정공휴일",9:30,17:30,0:00,0:00,0:00,0:00,36,5470,0,0,3,14,서울특별시 용산구 장문로95,용산구,02-2199-8740,,,https://www.yslibrary.or.kr/small/index.do,37.526301,127.000181,2021-09-15,3020000,서울특별시 용산구
성수2가제3동작은도서관,서울특별시,성동구,공공도서관,토+일+법정공휴일,10:00,18:00,0:00,0:00,0:00,0:00,14,10968,1,0,3,14,서울특별시 성동구 성수동2가 광나루로2길 35 성수2가제3동주민센터,서울특별시 성동구,02-2286-7484,99,99,,37.54822203,127.0552459,2022-08-25,3030000,서울특별시 성동구
송정동늘푸른작은도서관,서울특별시,성동구,공공도서관,토+일+법정공휴일,10:00,17:00,0:00,0:00,0:00,0:00,6,5713,1,0,3,14,서울특별시 성동구 송정동 송정14길 19 송정동주민자치센터,서울특별시 성동구,02-2286-7509,29,29,,37.55101176,127.068522,2022-08-25,3030000,서울특별시 성동구
옥수동북카페,서울특별시,성동구,공공도서관,토+일+법정공휴일,9:00,18:00,0:00,0:00,0:00,0:00,16,3861,1,0,3,14,서울특별시 성동구 독서당로 203,서울특별시 성동구,02-2286-7418,24,24,,37.543671,127.013486,2022-08-25,3030000,서울특별시 성동구
성내도서관,서울특별시,강동구,공공도서관,매주월요일,9:00,18:00,9:00,17:00,9:00,17:00,208,80820,58,0,6,14,"서울특별시 강동구 성안로 106-1 (성내동, 성내도서관)",서울특별시 강동구청,02-471-0044,402.8,1414.86,https://www.gdlibrary.or.kr,37.53284628,127.1333283,2022-08-17,3240000,서울특별시 강동구
해공도서관,서울특별시,강동구,공공도서관,매주화요일,9:00,18:00,9:00,17:00,9:00,17:00,214,87929,47,3133,6,14,"서울특별시 강동구 올림픽로 702 (천호동, 해공공원)",서울특별시 강동구청,02-478-9656,987,1766.93,https://www.gdlibrary.or.kr,37.54394767,127.1255384,2022-08-17,3240000,서울특별시 강동구
강일도서관,서울특별시,강동구,공공도서관,매주화요일,9:00,18:00,9:00,17:00,9:00,17:00,214,93459,30,3136,6,14,"서울특별시 강동구 아리수로93길 9-14,4,5층(강일동)",서울특별시 강동구청,02-427-4004,1252,1208,https://www.gdlibrary.or.kr,37.5650504,127.1739063,2022-08-17,3240000,서울특별시 강동구
암사도서관,서울특별시,강동구,공공도서관,매주월요일,9:00,18:00,9:00,17:00,9:00,17:00,391,93601,34,2069,6,14,"서울특별시 강동구 고덕로20길 42 (암사동, 암사도서관)",서울특별시 강동구청,02-429-0476,642,1759.05,https://www.gdlibrary.or.kr,37.5528007,127.1333457,2022-08-17,3240000,서울특별시 강동구
천호도서관,서울특별시,강동구,공공도서관,매주월요일,9:00,18:00,9:00,17:00,9:00,17:00,138,45727,12,506,6,14,"서울특별시 강동구 성안로31마길 1(천호동, 천호도서관)",서울특별시 강동구청,02-488-7223,2537.81,997,https://www.gdlibrary.or.kr,37.54052196,127.1340837,2022-08-17,3240000,서울특별시 강동구
둔촌도서관,서울특별시,강동구,공공도서관,매주화요일,9:00,18:00,9:00,17:00,9:00,17:00,221,18911,89,0,6,14,"서울특별시 강동구 동남로49길 21-8(둔촌동, 둔촌도서관)",서울특별시 강동구청,02-489-6557,793,996.95,https://www.gdlibrary.or.kr,37.5317359,127.1483674,2022-08-17,3240000,서울특별시 강동구
성동구립청계도서관,서울특별시,성동구,공공도서관,월+법정공휴일,9:00,20:00,9:00,20:00,0:00,0:00,209,49391,33,935,5,14,서울특별시 성동구 상왕십리동 마장로 141,재단법인 성동문화재단,02-2204-7580,1920,1189.55,,37.56787393,127.0255271,2022-08-25,3030000,서울특별시 성동구
성동자활센터푸른하늘공부방청소년작은도서관,서울특별시,성동구,공공도서관,토+일+법정공휴일,10:00,20:00,0:00,0:00,0:00,0:00,30,1803,1,0,3,14,서울특별시 성동구 금호동4가 독서당로 272 금호동 대우 아파트 203동,서울특별시 성동구,070-4920-8859,125,125,,37.54670017,127.0227395,2022-08-25,3030000,서울특별시 성동구
성수1가제1동작은도서관,서울특별시,성동구,공공도서관,토+일+법정공휴일,9:00,18:00,0:00,0:00,0:00,0:00,20,7706,1,0,3,14,서울특별시 성동구 뚝섬로 3길 18 (성수동1가),서울특별시 성동구,02-2286-7422,60,60,,37.542037,127.049686,2022-08-25,3030000,서울특별시 성동구
성수1가제2동어린이작은도서관,서울특별시,성동구,공공도서관,토+일+법정공휴일,10:00,17:00,0:00,0:00,0:00,0:00,16,3906,1,0,3,14,서울특별시 성동구 성수동1가 왕십리로5길 3,서울특별시 성동구,02-2286-7443,35,35,,37.546403,127.0443495,2022-08-25,3030000,서울특별시 성동구
성수2가제1동어린이작은도서관,서울특별시,성동구,공공도서관,토+일+법정공휴일,9:00,18:00,0:00,0:00,0:00,0:00,30,7656,1,0,3,14,서울특별시 성동구 성수동2가 뚝섬로 385-19 성수2가제1동주민센터,서울특별시 성동구,02-2286-7478,59,59,,37.539501,127.054051,2022-08-25,3030000,서울특별시 성동구
꿈나무도서관,서울특별시,구로구,공공도서관,화+공휴일,10:00,19:00,10:00,17:00,0:00,0:00,87,91625,12,1952,5,14,"서울특별시 구로구 구로동로26길 54, 2층 (구로구시설관리공단)",구로문화원,02-860-1623,,638,http://lib.guro.go.kr,37.48987838,126.8865593,2022-03-31,3160000,서울특별시 구로구
꿈마을도서관,서울특별시,구로구,공공도서관,월+공휴일,9:00,22:00,9:00,17:00,0:00,0:00,113,43167,10,0,5,14,서울특별시 구로구 디지털로27다길 65 (2층),구로문화원,02-830-5807,,476,http://lib.guro.go.kr,37.487167,126.890156,2022-03-31,3160000,서울특별시 구로구
구로구립온누리도서관,서울특별시,구로구,공공도서관,화+공휴일,9:00,22:00,9:00,22:00,0:00,0:00,68,36791,10,39,5,14,"서울특별시 구로구 구로중앙로27나길 9, 4층 (온누리관)",구로문화원,02-858-9080,,460,http://lib.guro.go.kr,37.49746124,126.8865524,2022-03-31,3160000,서울특별시 구로구
개봉어린이도서관,서울특별시,구로구,공공도서관,월+공휴일,10:00,19:00,10:00,17:00,0:00,0:00,77,43370,8,513,5,14,서울특별시 구로구 경인로 318-15,구로문화원,02-2066-1695,,492,http://lib.guro.go.kr,37.496705,126.855912,2022-03-31,3160000,서울특별시 구로구
하늘도서관,서울특별시,구로구,공공도서관,화+공휴일,9:00,22:00,9:00,17:00,0:00,0:00,105,38769,10,113,5,14,서울특별시 구로구 구로동로13길 68,구로문화원,02-864-9585,,521,http://lib.guro.go.kr,37.48737567,126.8813483,2022-03-31,3160000,서울특별시 구로구
개봉도서관,서울특별시,구로구,공공도서관,화+공휴일,9:00,22:00,9:00,22:00,0:00,0:00,74,30688,10,0,5,14,서울특별시 구로구 개봉로16길 30-11,구로문화원,02-2689-1695,,275,http://lib.guro.go.kr,37.48952311,126.8579748,2022-03-31,3160000,서울특별시 구로구
글마루한옥어린이도서관,서울특별시,구로구,공공도서관,화+공휴일,10:00,19:00,10:00,17:00,0:00,0:00,60,38113,7,457,5,14,서울특별시 구로구 고척로27바길 7,구로문화원,02-2615-8200,,441,http://lib.guro.go.kr,37.50691506,126.845627,2022-03-31,3160000,서울특별시 구로구
궁동어린이도서관,서울특별시,구로구,공공도서관,화+공휴일,10:00,19:00,10:00,17:00,0:00,0:00,150,22164,12,48,5,14,서울특별시 구로구 오리로 1352,구로문화원,02-2060-8229,,660,http://lib.guro.go.kr,37.502239,126.8292614,2022-03-31,3160000,서울특별시 구로구
신도림어린이영어작은도서관,서울특별시,구로구,공공도서관,월+공휴일,9:00,18:00,10:00,17:00,0:00,0:00,20,14420,41,0,5,14,서울특별시 구로구 신도림로 40,구로문화원,02-2069-0185,,107,http://lib.guro.go.kr,37.50778089,126.880593,2022-03-31,3160000,서울특별시 구로구
구로기적의도서관,서울특별시,구로구,공공도서관,월+공휴일,10:00,20:00,10:00,17:00,0:00,0:00,41,20805,5,0,5,14,서울특별시 구로구 구로중앙로40길 24,책읽는사회문화재단,02-2632-8878,,1210,http://lib.guro.go.kr,37.50673603,126.877312,2022-03-31,3160000,서울특별시 구로구
오류도서관,서울특별시,구로구,공공도서관,토+일+공휴일,9:00,21:00,0:00,0:00,0:00,0:00,72,1500,0,0,0,0,서울특별시 구로구 경인로19길 29-4,서울특별시 구로구청,070-4906-0554,,306.49,http://lib.guro.go.kr,37.49722308,126.8423228,2022-03-31,3160000,서울특별시 구로구
푸르메어린이도서관,서울특별시,마포구,공공도서관,일+공휴일,9:00,18:00,10:00,16:00,0:00,0:00,70,18900,17,500,5,14,"서울특별시 마포구 월드컵북로 494, 1층",푸르메재단,02-6070-9286,,269,https://mplib.mapo.go.kr/purme,37.5846441,126.8805151,2022-11-25,3130000,서울특별시 마포구
성산글마루도서관,서울특별시,마포구,작은도서관,일+공휴일,9:00,18:00,10:00,16:00,0:00,0:00,20,16595,8,0,5,14,"서울특별시 마포구 월드컵북로 235, 3층",(사)한국청소년지원네트워크,02-373-2900,,188,https://mplib.mapo.go.kr/libsmall,37.5697021,126.9014211,2022-11-25,3130000,서울특별시 마포구
꿈을 이루는 도서관,서울특별시,마포구,작은도서관,일+공휴일,10:00,19:00,10:00,16:00,0:00,0:00,20,15810,9,0,5,14,"서울특별시 마포구 마포대로7길 18, 2층",(사)한국청소년지원네트워크,02-706-4785,,107,https://mplib.mapo.go.kr/libsmall,37.5471051,126.9521551,2022-11-25,3130000,서울특별시 마포구
늘푸른소나무도서관,서울특별시,마포구,작은도서관,일+공휴일,9:00,18:00,10:00,16:00,0:00,0:00,20,19289,7,0,5,14,"서울특별시 마포구 백범로 227, 3층",(사)마포문화원,02-718-4785,,174,https://mplib.mapo.go.kr/libsmall,37.5422331,126.9554941,2022-11-25,3130000,서울특별시 마포구
복사골도서관,서울특별시,마포구,작은도서관,일+공휴일,10:00,19:00,10:00,16:00,0:00,0:00,35,15713,12,0,5,14,"서울특별시 마포구 도화4길 53, 3~4층",(학)서강대학교,02-716-5800,,350,https://mplib.mapo.go.kr/libsmall,37.5395351,126.9519221,2022-11-25,3130000,서울특별시 마포구
금호4가동어린이작은도서관,서울특별시,성동구,공공도서관,토+일+법정공휴일,9:00,18:00,0:00,0:00,0:00,0:00,20,7303,1,0,3,14,서울특별시 성동구 금호동4가 독서당로46길 26 금호4가동주민센터,서울특별시 성동구,02-2286-7383,134,134,,37.54715523,127.0224398,2022-08-25,3030000,서울특별시 성동구
마장동작은도서관,서울특별시,성동구,공공도서관,토+일+법정공휴일,9:00,18:00,0:00,0:00,0:00,0:00,20,4989,1,0,3,14,서울특별시 성동구 마장동 마장로42길 11 마장동주민센터,서울특별시 성동구,02-2286-7256,46,46,,37.56631825,127.0454072,2022-08-25,3030000,서울특별시 성동구
사근동어린이놀이터도서관,서울특별시,성동구,공공도서관,토+일+법정공휴일,10:00,17:00,0:00,0:00,0:00,0:00,20,4963,1,0,3,14,서울특별시 성동구 사근동 사근동길 37 사근동공공복합청사,서울특별시 성동구,02-2286-7271,51.8,51.8,,37.56149975,127.0453273,2022-08-25,3030000,서울특별시 성동구
성동구립금호도서관,서울특별시,성동구,공공도서관,월+법정공휴일,7:00,22:00,9:00,20:00,9:00,18:00,204,88391,59,4288,5,14,서울특별시 성동구 금호동1가 난계로 20 금호작은도서관,재단법인 성동문화재단,02-2204-6450,863,1517,,37.55412846,127.0248932,2022-08-25,3030000,서울특별시 성동구
성동구립도서관,서울특별시,성동구,공공도서관,월+법정공휴일,7:00,22:00,7:00,22:00,9:00,18:00,542,228727,107,8941,5,14,서울특별시 성동구 행당동 고산자로10길 9 성동문화정보센터,재단법인 성동문화재단,02-2204-6420,1894,5692,,37.55917871,127.0349587,2022-08-25,3030000,서울특별시 성동구
성동구립무지개도서관,서울특별시,성동구,공공도서관,월+법정공휴일,9:00,21:00,9:00,21:00,9:00,21:00,148,43553,27,1585,5,14,서울특별시 성동구 행당동 고산자로 270 성동구청,재단법인 성동문화재단,02-2286-6025,469,469,,37.5631893,127.0370738,2022-08-25,3030000,서울특별시 성동구
성동구립성수도서관,서울특별시,성동구,공공도서관,월+법정공휴일,8:00,23:00,9:00,20:00,9:00,18:00,212,50929,34,2217,5,14,서울특별시 성동구 뚝섬로 1길 43,재단법인 성동문화재단,02-2204-7592,1014,9726,,37.54542892,127.0469471,2022-08-25,3030000,서울특별시 성동구
성동구립용답도서관,서울특별시,성동구,공공도서관,월+법정공휴일,7:00,22:00,9:00,20:00,9:00,18:00,217,83123,38,3797,5,14,서울특별시 성동구 용답동 용답중앙3길 10 성동구립용답도서관,재단법인 성동문화재단,02-2204-6470,629,1482,,37.56670146,127.051314,2022-08-25,3030000,서울특별시 성동구
구립 청파도서관,서울특별시,용산구,공공도서관,"월,법정공휴일",9:00,21:00,9:00,17:00,9:00,17:00,60,35886,44,397,5,14,서울특별시 용산구 청파로93길 27,용산구,02-714-3931,,,https://www.yslibrary.or.kr/cheongpa/index.do,37.55392482,126.9676059,2021-09-15,3020000,서울특별시 용산구
금호1가동우리동네북카페책단지꿀단지,서울특별시,성동구,공공도서관,토+일+법정공휴일,9:00,17:00,0:00,0:00,0:00,0:00,28,4757,1,0,3,14,서울특별시 성동구 행당로 15 (금호동1가),서울특별시 성동구,02-2286-7343,71,71,,37.554834,127.021637,2022-08-25,3030000,서울특별시 성동구
"금호2,3가동어린이작은도서관",서울특별시,성동구,공공도서관,토+일+법정공휴일,9:00,18:00,0:00,0:00,0:00,0:00,20,8793,1,0,3,14,서울특별시 성동구 금호동2가 무수막18길 1,서울특별시 성동구,02-2286-7374,77,77,,37.553233,127.0208504,2022-08-25,3030000,서울특별시 성동구
중구청 작은도서관,서울특별시,중구,작은도서관,"주말, 법정공휴일",9:00,18:00,0:00,0:00,0:00,0:00,14,8321,5,0,10,14,서울특별시 중구 창경궁로 17,서울특별시 중구 문화관광과,02-3396-4003,4890,106,https://www.junggulib.or.kr,37.56412015,126.9980097,2022-04-06,3010000,서울특별시 중구
회현동 작은도서관,서울특별시,중구,작은도서관,"주말, 법정공휴일",9:00,18:00,0:00,0:00,0:00,0:00,18,3816,0,0,10,14,서울특별시 중구 퇴계로8길 46,서울특별시 중구 문화관광과,02-3396-6558,550,86.5,https://www.junggulib.or.kr,37.557286,126.979356,2022-04-06,3010000,서울특별시 중구
광희동 작은도서관,서울특별시,중구,작은도서관,"주말, 법정공휴일",10:00,17:30,0:00,0:00,0:00,0:00,32,3630,0,0,10,14,서울특별시 중구 퇴계로 303-9,서울특별시 중구 문화관광과,02-2261-3002,131.2,85.96,https://www.junggulib.or.kr,37.56446028,127.005037,2022-04-06,3010000,서울특별시 중구
필동 작은도서관,서울특별시,중구,작은도서관,법정공휴일,10:00,21:00,10:00,17:00,0:00,0:00,10,15062,0,0,10,14,서울특별시 중구 필동로 11,서울특별시 중구 문화관광과,02-2266-4005,212.4,102.08,https://www.junggulib.or.kr,37.560545,126.996237,2022-04-06,3010000,서울특별시 중구
신당동 작은도서관,서울특별시,중구,작은도서관,"설날, 추석",9:00,21:00,10:00,18:00,10:00,18:00,20,14275,0,3,10,14,서울특별시 중구 다산로29길 10,서울특별시 중구 문화관광과,02-2254-1212,325,168.32,https://www.junggulib.or.kr,37.561092,127.013533,2022-04-06,3010000,서울특별시 중구
다산동 작은도서관,서울특별시,중구,작은도서관,"매주 일요일, 법정공휴일",9:00,21:00,10:00,18:00,0:00,0:00,24,10421,0,2,10,14,서울특별시 중구 동호로12길 89,서울특별시 중구 문화관광과,02-2237-5893,127,193.32,https://www.junggulib.or.kr,37.55923048,127.012036,2022-04-06,3010000,서울특별시 중구
약수동 작은도서관,서울특별시,중구,작은도서관,"매월 2주 일요일, 법정공휴일",9:00,21:00,10:00,18:00,0:00,0:00,9,20854,0,0,10,14,서울특별시 중구 동호로5길 19,서울특별시 중구 문화관광과,02-2232-8324,1553,822.37,https://www.junggulib.or.kr,37.551855,127.012567,2022-04-06,3010000,서울특별시 중구
청구동 작은도서관,서울특별시,중구,작은도서관,"설날, 추석",10:00,21:00,10:00,18:00,10:00,18:00,40,14977,0,0,10,14,서울특별시 중구 다산로24가길 23,서울특별시 중구 문화관광과,02-2234-8771,1974,1476,https://www.junggulib.or.kr,37.556314,127.015977,2022-04-06,3010000,서울특별시 중구
신당5동 작은도서관,서울특별시,중구,작은도서관,"설날, 추석",10:00,21:00,10:00,18:00,10:00,18:00,12,11400,0,0,10,14,서울특별시 중구 퇴계로90길 42,서울특별시 중구 문화관광과,02-2253-4901,165.5,71.14,https://www.junggulib.or.kr,37.563437,127.021636,2022-04-06,3010000,서울특별시 중구
동화동 작은도서관,서울특별시,중구,작은도서관,"매주 일요일, 법정공휴일",9:00,21:00,10:00,14:00,0:00,0:00,20,14761,0,0,10,14,서울특별시 중구 다산로36길 100,서울특별시 중구 문화관광과,02-2233-2626,18707.7,291.85,https://www.junggulib.or.kr,37.559982,127.019422,2022-04-06,3010000,서울특별시 중구
황학동 작은도서관,서울특별시,중구,작은도서관,"매주 일요일, 법정공휴일",9:00,21:00,10:00,18:00,0:00,0:00,46,15700,0,0,10,14,서울특별시 중구 난계로11길 52,서울특별시 중구 문화관광과,02-2233-3253,982,375.29,https://www.junggulib.or.kr,37.567423,127.021382,2022-04-06,3010000,서울특별시 중구
초록길도서관,서울특별시,은평구,작은도서관,일요일,10:00,18:00,10:00,18:00,0:00,0:00,40,13500,4,0,3,15,"연서로5길 28 (역촌동, 부호아파트)",,02-357-7279,,,,37.6039323,126.9124473,2021-04-01,3110000,서울특별시 은평구
꿈마루 작은 도서관,서울특별시,은평구,작은도서관,"매주 월, 토, 일",11:00,17:00,0:00,0:00,0:00,0:00,20,1200,0,0,2,7,은평구 진흥로 5길 19,,,,,,37.60262325,126.9188935,2021-04-01,3110000,서울특별시 은평구
청소년문화공간JU역촌동  작은 도서관,서울특별시,은평구,작은도서관,월요일,9:00,20:00,9:00,20:00,9:00,20:00,16,1000,0,0,0,0,서울시 은평구 역말로 14 3층,,02-382-5652,,,,37.60549462,126.9120335,2021-04-01,3110000,서울특별시 은평구
신사어린이도서관,서울특별시,은평구,작은도서관,일요일 법정공휴일,9:00,18:00,9:00,14:00,0:00,0:00,30,15000,23,50,3,14,은평로 38 (신사 종합사회복지관 5층),,070-4757-7026,,,,37.59815825,126.9121456,2021-04-01,3110000,서울특별시 은평구
시루뫼쉼터 (증산동 주민센터),서울특별시,은평구,작은도서관,"토,일요일 법정공휴일",9:00,18:00,0:00,0:00,0:00,0:00,20,2500,0,0,3,14,증산서길 89 4층,,02-351-5395,,,,37.58425844,126.907082,2021-04-01,3110000,서울특별시 은평구
성산작은도서관,서울특별시,은평구,작은도서관,일요일 법정공휴일,12:00,19:00,10:00,15:00,0:00,0:00,15,3000,2,0,2,14,"증산서길 90 (증산동,성산교회)",,02-305-9200,,,,37.58422611,126.9072707,2021-04-01,3110000,서울특별시 은평구
서영 영어전문 작은도서관,서울특별시,은평구,작은도서관,월요일,10:00,17:00,10:00,16:00,10:00,16:00,15,2000,1,0,2,7,증산로11길 7-12,,02-373-7494,,,,37.58660891,126.9112889,2021-04-01,3110000,서울특별시 은평구
이아이야작은도서관,서울특별시,은평구,작은도서관,"토, 일, 법정공휴일",9:00,18:00,9:00,18:00,0:00,0:00,20,1580,0,0,0,0,증산서길 63-6,,,,,,37.58251157,126.9052593,2021-04-01,3110000,서울특별시 은평구
은평노인종합복지관 작은 도서관,서울특별시,은평구,작은도서관,일요일 법정공휴일,8:30,18:00,8:30,15:00,0:00,0:00,10,5069,31,0,3,14,연서로 415 (은평노인 종합복지관1층),,02-385-1351,,,,37.63201412,126.9308177,2021-04-01,3110000,서울특별시 은평구
서울대입구역 U-도서관,서울특별시,관악구,작은도서관,공휴일,6:00,23:59,6:00,23:59,0:00,0:00,0,144,0,0,5,14,서울특별시 관악구 남부순환로 지하 1822,서울특별시 관악구청,00-000-0000,,,http://lib.gwanak.go.kr/,37.48115266,126.9526451,2022-10-15,3200000,서울특별시 관악구
신대방역 U-도서관,서울특별시,관악구,작은도서관,공휴일,6:00,23:59,6:00,23:59,0:00,0:00,0,48,0,0,5,14,서울특별시 동작구 대림로 2(신대방역),서울특별시 관악구청,00-000-0000,,,http://lib.gwanak.go.kr/,37.48757597,126.9131756,2022-10-15,3200000,서울특별시 관악구
무악다솜방,서울특별시,종로구,작은도서관,토+일+법정공휴일,10:00,18:00,0:00,0:00,0:00,0:00,30,6576,0,1,5,15,서울특별시 종로구 통일로14길 36(무악동 주민센터 2층),새마을문고 무악동분회,02-2148-5164,,43.2,http://lib.jongno.go.kr/,37.57600022,126.9581596,2022-04-18,3000000,서울특별시 종로구
홍파랑 북카페,서울특별시,종로구,작은도서관,토+일+법정공휴일,10:00,18:00,0:00,0:00,0:00,0:00,10,7573,0,0,5,15,서울특별시 종로구 송월길 154(교남동 주민센터 2층),새마을문고 교남동분회,02-2148-5197,,34.3,http://lib.jongno.go.kr/,37.5719142,126.9619608,2022-04-18,3000000,서울특별시 종로구
지혜만들기 작은도서관,서울특별시,종로구,작은도서관,토+일+법정공휴일,10:00,18:00,0:00,0:00,0:00,0:00,16,7136,0,56,5,15,서울특별시 종로구 종로35가길 19(종로56가동 주민센터 3층),새마을문고 종로5·6가동분회,02-2148-5285,,46,http://lib.jongno.go.kr/,37.5720608,127.0050305,2022-04-18,3000000,서울특별시 종로구
이화마을 작은도서관,서울특별시,종로구,작은도서관,일+법정공휴일,10:00,17:00,13:00,17:00,0:00,0:00,32,9302,0,0,5,15,서울특별시 종로구 이화장길 33(이화동 주민센터 2층),새마을문고 이화동분회,02-2148-5309,,90,http://lib.jongno.go.kr/,37.5769802,127.0043471,2022-04-18,3000000,서울특별시 종로구
혜화마을 북카페,서울특별시,종로구,작은도서관,토+일+법정공휴일,10:00,18:00,0:00,0:00,0:00,0:00,16,6546,0,0,5,15,서울특별시 종로구 혜화로 12(혜화동 자치회관 4층),새마을문고 혜화동분회,02-2148-5339,,47.2,http://lib.jongno.go.kr/,37.5868552,127.0005661,2022-04-18,3000000,서울특별시 종로구
창이 작은도서관,서울특별시,종로구,작은도서관,토+일+법정공휴일,10:00,18:00,0:00,0:00,0:00,0:00,22,6933,0,0,5,15,서울특별시 종로구 창신길 62(창신2동 주민센터 2층),새마을문고 창신2동분회,02-2148-5439,,64,http://lib.jongno.go.kr/,37.5744498,127.0108719,2022-04-18,3000000,서울특별시 종로구
숭인마루 작은도서관,서울특별시,종로구,작은도서관,토+일+법정공휴일,10:00,18:00,0:00,0:00,0:00,0:00,18,6476,0,0,5,15,서울특별시 종로구 지봉로 86(숭인1동 주민센터 2층),새마을문고 숭인1동분회,02-2148-5496,,69,http://lib.jongno.go.kr/,37.5778226,127.0156271,2022-04-18,3000000,서울특별시 종로구
양천중앙도서관,서울특별시,양천구,공공도서관,금+법정공휴일,9:00,22:00,9:00,18:00,0:00,0:00,388,76099,47,0,5,14,서울특별시 양천구 신정로7길 81(신정동),양천문화재단,02-2699-5919,,5666,http://lib.yangcheon.or.kr,37.51296565,126.8341534,2022-08-01,3140000,서울특별시 양천구
갈산도서관,서울특별시,양천구,공공도서관,월+법정공휴일,9:00,22:00,9:00,18:00,0:00,0:00,95,49726,23,0,5,14,서울특별시 양천구 목동남로 4길 48-6,양천문화재단,02-2645-5919,,2678,http://lib.yangcheon.or.kr,37.508816,126.867312,2022-08-01,3140000,서울특별시 양천구
신월음악도서관,서울특별시,양천구,공공도서관,월+법정공휴일,9:00,22:00,9:00,18:00,0:00,0:00,230,51086,27,10609,5,14,서울특별시 양천구 오목로5길 34,양천문화재단,02-2691-5919,,840,http://lib.yangcheon.or.kr,37.524697,126.840067,2022-08-01,3140000,서울특별시 양천구
미감도서관,서울특별시,양천구,공공도서관,일+법정공휴일,9:00,18:00,9:00,18:00,0:00,0:00,60,19042,7,0,5,14,서울특별시 양천구 목동중앙남로 57-10,양천문화재단,02-2653-5919,,266,http://lib.yangcheon.or.kr,37.538939,126.865463,2022-08-01,3140000,서울특별시 양천구
목마교육도서관,서울특별시,양천구,공공도서관,일+법정공휴일,9:00,22:00,9:00,18:00,0:00,0:00,70,36703,16,0,5,14,서울특별시 양천구 목동서로 41,양천문화재단,02-2652-5919,,543,http://lib.yangcheon.or.kr,37.537144,126.881721,2022-08-01,3140000,서울특별시 양천구
개울건강도서관,서울특별시,양천구,공공도서관,일+법정공휴일,9:00,22:00,9:00,18:00,0:00,0:00,36,29469,15,0,5,14,서울특별시 양천구 중앙로52길 56,양천문화재단,02-2603-5919,,416,http://lib.yangcheon.or.kr,37.525988,126.856603,2022-08-01,3140000,서울특별시 양천구
방아다리문학도서관,서울특별시,양천구,공공도서관,일+법정공휴일,9:00,22:00,9:00,18:00,0:00,0:00,84,28856,20,0,5,14,서울특별시 양천구 화곡로4길 10,양천문화재단,02-2604-5919,,294,http://lib.yangcheon.or.kr,37.538543,126.827143,2022-08-01,3140000,서울특별시 양천구
해맞이역사도서관,서울특별시,양천구,공공도서관,월+법정공휴일,9:00,22:00,9:00,18:00,0:00,0:00,160,30029,20,0,5,14,서울특별시 양천구 지양로 37,양천문화재단,02-2693-5919,,1146,http://lib.yangcheon.or.kr,37.519076,126.835607,2022-08-01,3140000,서울특별시 양천구
영어특성화도서관,서울특별시,양천구,공공도서관,일+법정공휴일,9:00,22:00,9:00,18:00,0:00,0:00,100,63565,25,3554,5,14,서울특별시 양천구 목동동로 81,양천문화재단,02-2642-5919,,715,http://lib.yangcheon.or.kr,37.515936,126.863865,2022-08-01,3140000,서울특별시 양천구
달마을작은도서관,서울특별시,양천구,작은도서관,일+법정공휴일,10:00,18:00,10:00,14:00,0:00,0:00,60,12325,5,0,5,14,서울특별시 양천구 목동중앙본로 120,양천문화재단,02-2644-5919,,177,http://lib.yangcheon.or.kr,37.546114,126.871701,2022-08-01,3140000,서울특별시 양천구
꿈자람작은도서관,서울특별시,양천구,작은도서관,일+법정공휴일,10:00,18:00,10:00,13:00,0:00,0:00,50,12251,3,0,5,14,서울특별시 양천구 목동중앙남로 16나길 55,양천문화재단,02-2646-5919,,168,http://lib.yangcheon.or.kr,37.544781,126.864407,2022-08-01,3140000,서울특별시 양천구
고운달작은도서관,서울특별시,양천구,작은도서관,토+일+법정공휴일,10:00,18:00,0:00,0:00,0:00,0:00,44,7234,5,0,5,14,서울특별시 양천구 곰달래로1길 38,양천문화재단,02-2694-5919,,161,http://lib.yangcheon.or.kr,37.532805,126.831562,2022-08-01,3140000,서울특별시 양천구
고운맘작은도서관,서울특별시,양천구,작은도서관,일+법정공휴일,10:00,18:00,10:00,14:00,0:00,0:00,30,10164,8,0,5,14,서울특별시 양천구 중앙로53길 47,양천문화재단,02-2695-5919,,89,http://lib.yangcheon.or.kr,37.524973,126.844568,2022-08-01,3140000,서울특별시 양천구
달빛마을작은도서관,서울특별시,양천구,작은도서관,토+일+법정공휴일,10:00,18:00,0:00,0:00,0:00,0:00,33,8958,1,0,5,14,서울특별시 양천구 남부순환로 54길 5,양천문화재단,02-2696-5919,,132,http://lib.yangcheon.or.kr,37.533662,126.829096,2022-08-01,3140000,서울특별시 양천구
지양마을작은도서관,서울특별시,양천구,작은도서관,월+일+법정공휴일,10:00,18:00,10:00,18:00,0:00,0:00,20,5742,8,0,5,14,"서울특별시 양천구 지양로17길 33, 파크빌라",양천문화재단,02-2697-5919,,81,http://lib.yangcheon.or.kr,37.521851,126.826659,2022-08-01,3140000,서울특별시 양천구
그린나래미술도서관,서울특별시,양천구,작은도서관,일+법정공휴일,10:00,18:00,9:00,13:00,0:00,0:00,40,10917,6,0,5,14,서울특별시 양천구 중앙로32길 1,양천문화재단,02-2648-5919,,218,http://lib.yangcheon.or.kr,37.518571,126.854299,2022-08-01,3140000,서울특별시 양천구
호롱불작은도서관,서울특별시,양천구,작은도서관,토+일+법정공휴일,9:00,18:00,0:00,0:00,0:00,0:00,35,8614,5,0,5,14,서울특별시 양천구 목동동로 152,양천문화재단,02-2645-5918,,98,http://lib.yangcheon.or.kr,37.519195,126.870565,2022-08-01,3140000,서울특별시 양천구
대조제일교회  꿈꾸는 작은도서관,서울특별시,은평구,작은도서관,"월요일,토요일 법정공휴일",13:00,17:00,13:00,17:00,13:00,17:00,44,8796,10,10,2,14,서울특별시 은평구 역말로10가길 22-12 (대조동),,02-386-6680,,,,37.61191616,126.9253585,2021-04-01,3110000,서울특별시 은평구
징검다리 도서관,서울특별시,은평구,작은도서관,"월,일요일",9:00,17:00,9:00,17:00,9:00,17:00,10,8181,11,0,2,7,서울특별시 은평구 서오릉로 132 (대조동),,02-359-6507,,,,37.61079028,126.918344,2021-04-01,3110000,서울특별시 은평구
은평문화의집 작은도서관 (응암1동 주민센터),서울특별시,은평구,작은도서관,"토,일요일 법정공휴일",9:00,18:00,0:00,0:00,0:00,0:00,40,4216,0,0,3,5,백련산로 179 (응암동),,02-351-5232,,,,37.60075892,126.926904,2021-04-01,3110000,서울특별시 은평구
응암도서관,서울특별시,은평구,작은도서관,월요일 법정공휴일,0:00,0:00,0:00,0:00,8:00,15:00,40,19300,2,50,3,14,응암로16길 12-1 (응암동),,02-359-6744,,,,37.60030754,126.9296354,2021-04-01,3110000,서울특별시 은평구
푸른풀밭 작은도서관,서울특별시,은평구,작은도서관,"토,일요일 법정공휴일",10:00,17:00,0:00,0:00,0:00,0:00,30,3800,0,30,2,7,은평로8길 18 2층 (응암동),,070-4236-0699,,,,37.59883886,126.9200761,2021-04-01,3110000,서울특별시 은평구
응암2동 매바위북카페 (응암2동 주민센터),서울특별시,은평구,작은도서관,"토,일요일 법정공휴일",9:00,17:00,0:00,0:00,0:00,0:00,8,2961,0,0,3,7,백련산로 100 (응암동),,02-351-5246,,,,37.59434778,126.9231689,2021-04-01,3110000,서울특별시 은평구
꿈샘도서관,서울특별시,은평구,작은도서관,주말만 운영,10:00,16:00,10:00,16:00,10:00,16:00,20,7652,0,0,3,7,응암로20길 24(응암동),,02-376-9191,,,,37.59262923,126.9206944,2021-04-01,3110000,서울특별시 은평구
청소년도서관 작공,서울특별시,은평구,작은도서관,일요일 법정공휴일,10:30,19:30,10:30,19:30,0:00,0:00,30,1750,23,125,3,14,서울특별시 은평구 통일로 817 (대조동),,070-7657-1533,,,,37.61491999,126.916186,2021-04-01,3110000,서울특별시 은평구
불광천 작은도서관 (응암정보도서관 운영),서울특별시,은평구,작은도서관,금요일 법정공휴일,9:00,18:00,9:00,18:00,9:00,18:00,10,5670,0,0,3,14,불광천길 370 (불광천 휴게데크 위),,02-308-3117,,,,37.59050939,126.9143901,2021-04-01,3110000,서울특별시 은평구
서문어린이도서관,서울특별시,은평구,작은도서관,월요일 법정공휴일,10:00,15:00,0:00,0:00,10:00,15:00,22,7140,0,0,3,7,가좌로10길 10,,02-375-0025,,,,37.59165203,126.916665,2021-04-01,3110000,서울특별시 은평구
은평어린이영어도서관 (평생학습관 1층),서울특별시,은평구,작은도서관,일요일 법정공휴일,9:00,18:00,9:00,18:00,0:00,0:00,30,16128,7,3499,3,14,서오릉로 87 1층 (역촌동),,070-8933-9912,,,,37.6077869,126.9213295,2021-04-01,3110000,서울특별시 은평구
역마루 작은도서관 (역촌동 주민센터),서울특별시,은평구,작은도서관,"토,일요일 법정공휴일",9:00,18:00,0:00,0:00,0:00,0:00,40,3700,0,0,0,0,연서로 59 (역촌동),,02-351-5304,,,,37.60435017,126.9151783,2021-04-01,3110000,서울특별시 은평구
영광영재도서관,서울특별시,은평구,작은도서관,"월,토요일 법정공휴일",13:00,18:00,0:00,0:00,11:00,14:00,30,7826,36,0,4,7,갈현로7가길 10 제일영광교회(역촌동),,070-4870-4363,,,,37.60304591,126.9089404,2021-04-01,3110000,서울특별시 은평구
예뜰도서관,서울특별시,은평구,작은도서관,월요일 법정공휴일,12:00,17:00,10:00,14:00,10:00,14:00,50,13374,0,0,5,14,은평로3길 10 은광교회(역촌동),,02-2640-3264,,,,37.59970722,126.9150085,2021-04-01,3110000,서울특별시 은평구
녹번만화도서관,서울특별시,은평구,작은도서관,매주월요일,9:00,18:00,9:00,18:00,9:00,18:00,35,3955,1,0,0,0,서울특별시 은평구 은평로 245,,02-356-1676,,,,37.60106842,126.9349099,2021-04-01,3110000,서울특별시 은평구
다섯콩작은도서관,서울특별시,은평구,작은도서관,"월요일,     법정공휴일",11:00,19:00,11:00,17:00,11:00,17:00,42,12160,10,58,5,15,서울특별시 은평구 서오릉로4길 10. 성암비전센터 2층,,02-384-1184,,,,37.60491202,126.9258395,2021-04-01,3110000,서울특별시 은평구
Book Bridge 작은 도서관,서울특별시,은평구,작은도서관,"매주 월, 수",10:00,15:00,0:00,0:00,0:00,0:00,7,5500,2,19,2,14,서울특별시 은평구 통일로 590 B동 204호,,,,,,37.59957186,126.9368368,2021-04-01,3110000,서울특별시 은평구
북한산 힐스테이트  1차 솔숲작은도서관,서울특별시,은평구,작은도서관,일요일 법정공휴일,10:00,18:00,10:00,12:00,14:00,18:00,36,5760,3,0,2,7,서울특별시 은평구 불광로2길 33 1110동 지하 주차장1층,,02-356-4620,,,,37.61248945,126.9356804,2021-04-01,3110000,서울특별시 은평구
은광교회도서관,서울특별시,은평구,작은도서관,"월요일,     법정공휴일",10:00,18:00,10:00,16:00,9:00,15:00,50,9408,4,0,2,7,서울특별시 은평구 통일로68길 11,,02-383-2116,,,,37.6126562,126.92979,2021-04-01,3110000,서울특별시 은평구
바다의 별 작은도서관,서울특별시,은평구,작은도서관,월요일,9:00,22:00,9:00,22:00,6:00,22:00,30,7000,1,0,2,14,서울특별시 은평구 통일로 786(불광동성당),,02-355-0545,,,,37.61492896,126.9262507,2021-04-01,3110000,서울특별시 은평구
비전뜰 도서관,서울특별시,은평구,작은도서관,월요일법정공휴일,14:00,17:00,12:00,17:00,9:00,15:00,18,4245,1,0,3,14,서울특별시 은평구 통일로92길 6,,02-388-4741,,,,37.62596114,126.9208331,2021-04-01,3110000,서울특별시 은평구
다니엘 작은도서관,서울특별시,은평구,작은도서관,"토,일요일       법정공휴일",13:00,17:00,0:00,0:00,0:00,0:00,23,4114,5,24,2,7,서울특별시 은평구 연서로41길 13-3 부림교회,,02-385-0664,,,,37.62578369,126.9275146,2021-04-01,3110000,서울특별시 은평구
천주교연신내성당 북카페,서울특별시,은평구,작은도서관,월요일,9:00,20:00,9:00,20:00,8:00,19:00,6,1300,0,4,0,0,서울특별시 은평구 연서로43길 6,,02-353-6307,,,,37.62715045,126.9286854,2021-04-01,3110000,서울특별시 은평구
꿈담은 작은 도서관,서울특별시,은평구,작은도서관,일요일,13:00,19:00,13:00,19:00,0:00,0:00,12,2000,0,0,10,5,서울특별시 은평구 연서로41길 4,,,,,,37.62566023,126.9285396,2021-04-01,3110000,서울특별시 은평구
갈현1동 고리마루작은도서관 (갈현1동 주민센터),서울특별시,은평구,작은도서관,"토,일요일 법정공휴일",9:00,18:00,0:00,0:00,0:00,0:00,20,4300,0,0,3,7,서울특별시 은평구 갈현로 301 (갈현동),,02-351-5116,,,,37.62359387,126.91677,2021-04-01,3110000,서울특별시 은평구
정임도서관,서울특별시,은평구,작은도서관,월요일 법정공휴일,10:00,14:00,10:00,14:00,9:00,14:00,40,6042,0,0,2,14,서울특별시 은평구 통일로 951 서광교회 (갈현동),,02-387-0691,,,,37.62781878,126.9192927,2021-04-01,3110000,서울특별시 은평구
효경골 마을문고 (갈현2동 주민센터),서울특별시,은평구,작은도서관,"토,일요일 법정공휴일",9:00,18:00,0:00,0:00,0:00,0:00,20,6996,0,0,3,14,서울특별시 은평구 연서로27길 31-6 (갈현동),,02-351-5126,,,,37.61850046,126.9158787,2021-04-01,3110000,서울특별시 은평구
무지개영어도서관,서울특별시,은평구,작은도서관,월요일 법정공휴일,0:00,0:00,0:00,0:00,9:00,18:00,16,2700,0,0,3,3,서울특별시 은평구 서오릉로21길 11 (구산동),,02-383-4880,,,,37.61494677,126.9075233,2021-04-01,3110000,서울특별시 은평구
대조꿈나무어린이도서관,서울특별시,은평구,작은도서관,일요일  법정공휴일,9:00,18:00,9:00,18:00,0:00,0:00,60,14605,4,0,5,14,서울특별시 은평구 연서로20길 24-6 (대조동),,02-382-3959,,,,37.61387527,126.9207138,2021-04-01,3110000,서울특별시 은평구
은뜨락도서관,서울특별시,은평구,공공도서관,"월요일,법정공휴일",9:00,22:00,9:00,18:00,9:00,18:00,188,21569,36,228,5,14,서울특별시 은평구 통일로 972,재단법인횃불장학회,02-389-7635,,1075,https://www.edlib.or.kr,37.63013936,126.9199312,2021-04-01,3110000,서울특별시 은평구
은평작은도서관,서울특별시,은평구,작은도서관,"토,일요일 법정공휴일",9:00,18:00,0:00,0:00,0:00,0:00,14,11751,0,0,3,14,서울특별시 은평구 은평로 195 (은평구청 1층),,02-351-8461,,,,37.60217556,126.9293379,2021-04-01,3110000,서울특별시 은평구
응암정보도서관,서울특별시,은평구,공공도서관,"금요일,법정공휴일",9:00,22:00,9:00,18:00,9:00,18:00,250,60887,171,10771,5,14,서울특별시 은평구 가좌로 7길 15,대한성결교회 유지재단,02-308-2320,877,999,http://www.ealib.or.kr/,37.58596,126.9196809,2021-04-01,3110000,서울특별시 은평구
상림마을작은도서관,서울특별시,은평구,공공도서관,"월요일,법정공휴일",9:00,18:00,9:00,18:00,9:00,18:00,70,34755,49,657,5,14,서울특별시 은평구 진관4로 48-25,사회복지법인 인덕원,02-838-7557,,306,http://www.eplib.or.kr/,37.64422,126.92894,2021-04-01,3110000,서울특별시 은평구
은평뉴타운 도서관,서울특별시,은평구,공공도서관,"금요일,법정공휴일",9:00,22:00,9:00,18:00,9:00,18:00,420,56695,123,2404,5,14,서울특별시 은평구 진관2로 111-51,사회복지법인 인덕원,02-6341-6400,1323,2040,http://www.enlib.or.kr/,37.63724,126.93313,2021-04-01,3110000,서울특별시 은평구
구산동 도서관마을,서울특별시,은평구,공공도서관,"월요일,법정공휴일",9:00,22:00,9:00,18:00,9:00,18:00,350,67936,131,2466,5,14,서울특별시 은평구 연서로 13길 29-23,은평도서관마을 협동조합,02-357-0100,1572,2550,http://www.gsvlib.or.kr/,37.60950866,126.91307,2021-04-01,3110000,서울특별시 은평구
내를건너서숲으로도서관,서울특별시,은평구,공공도서관,"월요일,법정공휴일",9:00,22:00,9:00,18:00,9:00,18:00,170,40250,59,363,5,14,서울특별시 은평구 증산로17길 51,사단법인더불어배움,02-307-6701,1200,1982,http://www.nslib.or.kr,37.591414,126.907816,2021-04-01,3110000,서울특별시 은평구
송파위례도서관,서울특별시,송파구,공공도서관,매주월요일+국가지정공휴일,9:00,22:00,9:00,22:00,9:00,22:00,140,15645,0,0,5,14,서울특별시 송파구 위례광장로 210 (장지동),서울특별시 송파구청,02-402-3003,914,914,http://www.splib.or.kr,37.48116665,127.143936,2021-02-20,3230000,서울특별시 송파구
봉천역 U-도서관,서울특별시,관악구,작은도서관,공휴일,6:00,23:59,6:00,23:59,0:00,0:00,0,112,0,0,5,14,서울특별시 관악구 남부순환로 지하 1721,서울특별시 관악구청,00-000-0000,,,http://lib.gwanak.go.kr/,37.48255622,126.9414953,2022-10-15,3200000,서울특별시 관악구
낙성대역 U-도서관,서울특별시,관악구,작은도서관,공휴일,6:00,23:59,6:00,23:59,0:00,0:00,0,112,0,0,5,14,서울특별시 관악구 남부순환로 지하 1928,서울특별시 관악구청,00-000-0000,,,http://lib.gwanak.go.kr/,37.47706518,126.96341,2022-10-15,3200000,서울특별시 관악구
신림역 U-도서관,서울특별시,관악구,작은도서관,공휴일,6:00,23:59,6:00,23:59,0:00,0:00,0,112,0,0,5,14,서울특별시 관악구 남부순환로 지하 1614,서울특별시 관악구청,00-000-0000,,,http://lib.gwanak.go.kr/,37.484224,126.9298033,2022-10-15,3200000,서울특별시 관악구
봉현작은도서관,서울특별시,관악구,작은도서관,일+공휴일,9:00,18:00,10:00,17:00,0:00,0:00,24,10491,0,333,8,14,서울특별시 관악구 관악로 255-7,서울특별시 관악구청,070-7163-5167,979,1550,http://lib.gwanak.go.kr/,37.48721429,126.956625,2022-10-15,3200000,서울특별시 관악구
청룡작은도서관,서울특별시,관악구,작은도서관,일+공휴일,9:00,18:00,10:00,17:00,0:00,0:00,20,6737,0,3,8,14,서울특별시 관악구 청룡9길 12-39,서울특별시 관악구청,02-876-4041,300,495,http://lib.gwanak.go.kr/,37.478018,126.946457,2022-10-15,3200000,서울특별시 관악구
삼성작은도서관,서울특별시,관악구,작은도서관,일+공휴일,9:00,18:00,10:00,17:00,0:00,0:00,20,10360,0,0,8,14,서울특별시 관악구 호암로 520,서울특별시 관악구청,070-7163-5166,375,642,http://lib.gwanak.go.kr/,37.46411546,126.931802,2022-10-15,3200000,서울특별시 관악구
보라매동 다사랑작은도서관,서울특별시,관악구,작은도서관,토+일+공휴일,10:00,18:00,0:00,0:00,0:00,0:00,15,8596,4,0,8,14,서울특별시 관악구 봉천로 279-8,서울특별시 관악구청,02-876-2879,1556,1308,http://lib.gwanak.go.kr/,37.48817576,126.932778,2022-10-15,3200000,서울특별시 관악구
은천동 한울작은도서관,서울특별시,관악구,작은도서관,토+일+공휴일,10:00,18:00,0:00,0:00,0:00,0:00,20,16381,0,81,8,14,서울특별시 관악구 국회단지2길 29-10,서울특별시 관악구청,02-876-4091,403,455,http://lib.gwanak.go.kr/,37.48691146,126.941527,2022-10-15,3200000,서울특별시 관악구
성현동 파랑새작은도서관,서울특별시,관악구,작은도서관,토+일+공휴일,10:00,18:00,0:00,0:00,0:00,0:00,50,12101,2,42,8,14,서울특별시 관악구 구암길 38,서울특별시 관악구청,02-875-9054,1265,1461,http://lib.gwanak.go.kr/,37.489512,126.9481596,2022-10-15,3200000,서울특별시 관악구
중앙동 새싹작은도서관,서울특별시,관악구,작은도서관,토+일+공휴일,10:00,18:00,0:00,0:00,0:00,0:00,40,6104,4,115,8,14,서울특별시 관악구 양녕로6다길 7,서울특별시 관악구청,02-875-9513,,704,http://lib.gwanak.go.kr/,37.484166,126.949749,2022-10-15,3200000,서울특별시 관악구
청림동 푸른숲작은도서관,서울특별시,관악구,작은도서관,토+일+공휴일,10:00,18:00,0:00,0:00,0:00,0:00,20,8072,3,2,8,14,서울특별시 관악구 관악로40길 39,서울특별시 관악구청,02-876-4090,,786,http://lib.gwanak.go.kr/,37.49184717,126.9586277,2022-10-15,3200000,서울특별시 관악구
행운동 마루작은도서관,서울특별시,관악구,작은도서관,토+일+공휴일,10:00,18:00,0:00,0:00,0:00,0:00,20,6813,0,11,8,14,서울특별시 관악구 행운1길 43,서울특별시 관악구청,02-876-3434,626,1447,http://lib.gwanak.go.kr/,37.48064257,126.957059,2022-10-15,3200000,서울특별시 관악구
청룡동 숯고을작은도서관,서울특별시,관악구,작은도서관,토+일+공휴일,10:00,18:00,0:00,0:00,0:00,0:00,20,10574,2,43,8,14,서울특별시 관악구 쑥고개로 44,서울특별시 관악구청,02-876-4083,779,1441,http://lib.gwanak.go.kr/,37.479107,126.941694,2022-10-15,3200000,서울특별시 관악구
낙성동 우듬지작은도서관,서울특별시,관악구,작은도서관,토+일+공휴일,10:00,18:00,0:00,0:00,0:00,0:00,20,9581,0,15,8,14,서울특별시 관악구 낙성대로4가길 5,서울특별시 관악구청,02-876-4072,924,2004,http://lib.gwanak.go.kr/,37.476264,126.958365,2022-10-15,3200000,서울특별시 관악구
인헌동 보물섬 작은도서관,서울특별시,관악구,작은도서관,토+일+공휴일,10:00,18:00,0:00,0:00,0:00,0:00,24,20274,3,264,8,14,서울특별시 관악구 남부순환로246가길 20,서울특별시 관악구청,02-889-4941,590,1497,http://lib.gwanak.go.kr/,37.475044,126.9653243,2022-10-15,3200000,서울특별시 관악구
남현동 우리작은도서관,서울특별시,관악구,작은도서관,토+일+공휴일,10:00,18:00,0:00,0:00,0:00,0:00,60,17960,3,301,8,14,서울특별시 관악구 남현1가길 29,서울특별시 관악구청,02-525-1334,939,2448,http://lib.gwanak.go.kr/,37.47468786,126.9778675,2022-10-15,3200000,서울특별시 관악구
신림동 굴렁쇠작은도서관,서울특별시,관악구,작은도서관,토+일+공휴일,10:00,18:00,0:00,0:00,0:00,0:00,12,7194,0,9,8,14,서울특별시 관악구 신림동길 14,서울특별시 관악구청,02-877-2727,499,1037,http://lib.gwanak.go.kr/,37.487372,126.927118,2022-10-15,3200000,서울특별시 관악구
신사동 해오름작은도서관,서울특별시,관악구,작은도서관,토+일+공휴일,10:00,18:00,0:00,0:00,0:00,0:00,20,9690,0,26,8,14,서울특별시 관악구 조원로 151-1,서울특별시 관악구청,02-853-7336,369,695,http://lib.gwanak.go.kr/,37.485923,126.9191029,2022-10-15,3200000,서울특별시 관악구
미성동 책의향기작은도서관,서울특별시,관악구,작은도서관,토+일+공휴일,10:00,18:00,0:00,0:00,0:00,0:00,20,8710,7,7,8,14,서울특별시 관악구 난곡로 249,서울특별시 관악구청,02-830-5312,396,721,http://lib.gwanak.go.kr/,37.476132,126.915527,2022-10-15,3200000,서울특별시 관악구
난곡동 책사랑 작은도서관,서울특별시,관악구,작은도서관,토+일+공휴일,10:00,18:00,0:00,0:00,0:00,0:00,16,8656,0,0,8,14,서울특별시 관악구 난곡로 30길 40,서울특별시 관악구청,02-861-7130,836,2271,http://lib.gwanak.go.kr/,37.47102189,126.921644,2022-10-15,3200000,서울특별시 관악구
난향동 뜰안에작은도서관,서울특별시,관악구,작은도서관,토+일+공휴일,10:00,18:00,0:00,0:00,0:00,0:00,22,10916,1,272,8,14,서울특별시 관악구 난곡로 67,서울특별시 관악구청,02-867-1735,1046,1809,http://lib.gwanak.go.kr/,37.46151944,126.918785,2022-10-15,3200000,서울특별시 관악구
서원동 어울작은도서관,서울특별시,관악구,작은도서관,토+일+공휴일,10:00,18:00,0:00,0:00,0:00,0:00,20,7556,0,0,8,14,서울특별시 관악구 신림로 282,서울특별시 관악구청,02-872-5322,558,1311,http://lib.gwanak.go.kr/,37.479734,126.9313649,2022-10-15,3200000,서울특별시 관악구
가온도서관,서울특별시,중구,공공도서관,"매주 월요일, 법정공휴일",10:00,22:00,10:00,22:00,0:00,0:00,93,76319,190,1364,10,14,서울특별시 중구 동호로14길 18,서울특별시중구문화재단,02-2230-2921,486,965.95,https://www.junggulib.or.kr,37.556385,127.010838,2022-04-06,3010000,서울특별시 중구
어울림도서관,서울특별시,중구,공공도서관,"매주 월요일, 법정공휴일",10:00,22:00,10:00,22:00,0:00,0:00,130,83274,137,1582,10,14,서울특별시 중구 다산로38길 66-35,서울특별시중구문화재단,02-2230-2901,618,1557.4,https://www.junggulib.or.kr,37.561723,127.0189303,2022-04-06,3010000,서울특별시 중구
남산타운어린이도서관,서울특별시,중구,공공도서관,"매주 월요일, 법정공휴일",10:00,22:00,10:00,18:00,0:00,0:00,17,34306,79,634,10,14,서울특별시 중구 다산로 32,서울특별시중구문화재단,02-2230-2941,577,274,https://www.junggulib.or.kr,37.547167,127.005677,2022-04-06,3010000,서울특별시 중구
손기정어린이도서관,서울특별시,중구,공공도서관,"매주 월요일, 법정공휴일",10:00,22:00,10:00,18:00,0:00,0:00,70,9101,16,0,10,14,서울특별시 중구 손기정로 101,서울특별시중구문화재단,02-2230-2945,445,448,https://www.junggulib.or.kr,37.5554795,126.964816,2022-04-06,3010000,서울특별시 중구
신당누리도서관,서울특별시,중구,공공도서관,"매주 월요일, 법정공휴일",9:30,22:00,9:30,18:00,0:00,0:00,43,6997,18,0,10,14,서울특별시 중구 다산로33길 2,서울특별시중구문화재단,02-2230-2960,1226,653,https://www.junggulib.or.kr,37.56230079,127.0145942,2022-04-06,3010000,서울특별시 중구
마포중앙도서관,서울특별시,마포구,공공도서관,월+공휴일,9:00,22:00,9:00,20:00,0:00,0:00,620,212121,261,10606,5,14,서울특별시 마포구 성산로 128,서울특별시 마포구청,02-3153-5800,20229,5131,https://mplib.mapo.go.kr/mcl,37.56379544,126.9082019,2022-11-25,3130000,서울특별시 마포구
소금나루도서관,서울특별시,마포구,공공도서관,금+공휴일,9:00,20:00,9:00,18:00,0:00,0:00,189,36801,47,0,5,14,서울특별시 마포구 숭문길 72,서울특별시 마포구청,02-3153-1600,3046.7,2646.91,https://mplib.mapo.go.kr/naru,37.5497771,126.9461511,2022-11-25,3130000,서울특별시 마포구
서강도서관,서울특별시,마포구,공공도서관,화+공휴일,9:00,22:00,9:00,20:00,0:00,0:00,222,73022,82,2155,5,14,"서울특별시 마포구 독막로 165, 3~5층",(사)한국청소년지원네트워크,02-3141-7053,,1184,https://mplib.mapo.go.kr/sglib,37.5477371,126.9320591,2022-11-25,3130000,서울특별시 마포구
고맙습니다신정3동작은도서관,서울특별시,양천구,작은도서관,일+법정공휴일,10:00,18:00,10:00,14:00,0:00,0:00,50,10781,3,0,5,14,서울특별시 양천구 중앙로 209,양천문화재단,02-2692-5919,,178,http://lib.yangcheon.or.kr,37.515147,126.854773,2022-08-01,3140000,서울특별시 양천구
넓은들작은도서관,서울특별시,양천구,작은도서관,토+일+법정공휴일,10:00,18:00,0:00,0:00,0:00,0:00,20,12783,6,0,5,14,서울특별시 양천구 남부순환로 88길 5-7,양천문화재단,02-2060-5919,,183,http://lib.yangcheon.or.kr,37.511433,126.841571,2022-08-01,3140000,서울특별시 양천구
새아름작은도서관,서울특별시,양천구,작은도서관,일+법정공휴일,9:00,18:00,9:00,13:00,0:00,0:00,60,8175,6,0,5,14,서울특별시 양천구 남부순환로 88길 5-7,양천문화재단,02-2694-5198,,249,http://lib.yangcheon.or.kr,37.51143336,126.841513,2022-08-01,3140000,서울특별시 양천구
목1동도서방 (목1동주민센터 2층),서울특별시,양천구,작은도서관,토+일+법정공휴일,9:00,18:00,0:00,0:00,0:00,0:00,12,6373,0,0,5,14,서울특별시 양천구 목동서로 192,서울특별시 양천구청,02-2620-3947,,63,http://lib.yangcheon.or.kr,37.530392,126.8711898,2022-08-01,3140000,서울특별시 양천구
신월7동도서방 (신월7동주민센터 2층),서울특별시,양천구,작은도서관,토+일+법정공휴일,9:00,18:00,0:00,0:00,0:00,0:00,10,6126,0,0,5,14,서울특별시 양천구 남부순환로 70길 16-3,서울특별시 양천구청,02-2698-8338,,34.5,http://lib.yangcheon.or.kr,37.521882,126.834709,2022-08-01,3140000,서울특별시 양천구
신정6동도서방 (신정6동주민센터 2층),서울특별시,양천구,작은도서관,토+일+법정공휴일,9:00,18:00,0:00,0:00,0:00,0:00,12,13412,0,0,5,14,서울특별시 양천구 목동서로 353,서울특별시 양천구청,02-2620-4303,,148.7,http://lib.yangcheon.or.kr,37.517081,126.864388,2022-08-01,3140000,서울특별시 양천구
신정7동도서방 (신정7동주민센터 2층),서울특별시,양천구,작은도서관,토+일+법정공휴일,9:00,18:00,0:00,0:00,0:00,0:00,10,8663,0,0,5,14,서울특별시 양천구 목동동로 37,서울특별시 양천구청,02-2620-4327,,40,http://lib.yangcheon.or.kr,37.51439945,126.8596696,2022-08-01,3140000,서울특별시 양천구
솔샘문화정보도서관,서울특별시,강북구,공공도서관,매월첫째셋째월요일+정부지정공휴일,9:00,22:00,7:00,22:00,0:00,0:00,194,51535,38,2423,5,14,서울특별시 강북구 솔샘로 177 (미아동),서울특별시강북구도시관리공단,02-944-3150,1019,944,http://www.gblib.or.kr/solsem/index.do,37.62047594,127.012452,2022-04-26,3080000,서울특별시 강북구
송중문화정보도서관,서울특별시,강북구,공공도서관,매월첫째셋째월요일+정부지정공휴일,9:00,22:00,7:00,22:00,0:00,0:00,81,27403,15,0,5,14,서울특별시 강북구 도봉로20나길 6 (미아동),서울특별시강북구도시관리공단,02-944-3160,485,511,http://www.gblib.or.kr/songjung/index.do,37.618342,127.0299392,2022-04-26,3080000,서울특별시 강북구
수유문화정보도서관,서울특별시,강북구,공공도서관,매월첫째셋째월요일+정부지정공휴일,9:00,22:00,7:00,22:00,0:00,0:00,191,38183,18,0,5,14,서울특별시 강북구 삼양로 299 (수유동),서울특별시강북구도시관리공단,02-944-3170,990,951,http://www.gblib.or.kr/suyu/index.do,37.63005097,127.017543,2022-04-26,3080000,서울특별시 강북구
미아문화정보도서관,서울특별시,강북구,공공도서관,매월둘째넷째월요일+정부지정공휴일,9:00,22:00,7:00,22:00,0:00,0:00,187,41306,30,0,5,14,서울특별시 강북구 솔매로49길 14 (미아동),서울특별시강북구도시관리공단,02-944-3180,1987,751,http://www.gblib.or.kr/mia/index.do,37.627063,127.026981,2022-04-26,3080000,서울특별시 강북구
삼각산어린이도서관,서울특별시,강북구,공공도서관,매월둘째넷째월요일+정부지정공휴일,9:00,18:00,9:00,17:00,0:00,0:00,180,26928,5,678,5,14,서울특별시 강북구 삼양로19길 34 (미아동),서울특별시강북구도시관리공단,02-944-3190,1500,995,http://www.gblib.or.kr/kids/index.do,37.61514813,127.0207409,2022-04-26,3080000,서울특별시 강북구
금천구립가산도서관,서울특별시,금천구,공공도서관,"매월 둘째,넷째 월요일/법정 공휴일",7:00,22:00,7:00,22:00,0:00,0:00,350,74282,115,8604,10,14,"서울특별시 금천구 가산로5길 43, 금천구립가산정보도서관",금천문화재단,02-865-6817,576,2215,https://geumcheonlib.seoul.kr,37.47349244,126.892128,2022-02-26,3170000,서울특별시 금천구
금천구립금나래도서관,서울특별시,금천구,공공도서관,"매월 마지막주 일요일/신정(1.1), 설연휴, 추석연휴, 석가탄신일, 성탄절, 선거일",9:00,22:00,9:00,22:00,9:00,17:00,321,70141,80,3881,10,14,"서울특별시 금천구 시흥대로73길 70, 구의회 금천구의회",금천문화재단,02-2627-2991,1192,918.19,https://geumcheonlib.seoul.kr,37.45670571,126.8946217,2022-02-26,3170000,서울특별시 금천구
금천구립독산도서관,서울특별시,금천구,공공도서관,"매월 첫째,셋째 월요일/법정 공휴일",7:00,22:00,7:00,22:00,0:00,0:00,408,112521,152,10825,10,14,서울특별시 금천구 독산로 54길 114,금천문화재단,02-863-9544,2540,2205,https://geumcheonlib.seoul.kr,37.46746148,126.9080443,2022-02-26,3170000,서울특별시 금천구
금천구립시흥도서관,서울특별시,금천구,공공도서관,"매월 첫째,셋째 금요일/법정 공휴일",7:00,22:00,7:00,22:00,0:00,0:00,364,71317,64,3881,10,14,서울특별시 금천구 금하로 764,금천문화재단,02-809-8242,8983,2190,https://geumcheonlib.seoul.kr,37.44979757,126.9146349,2022-02-26,3170000,서울특별시 금천구
길빛 작은도서관,서울특별시,금천구,작은도서관,일요일/법정공휴일,10:00,18:00,13:00,15:00,0:00,0:00,20,3000,0,0,10,14,서울특별시 금천구 독산로 16,사립,02-6448-4162,,99.17,,37.4489004,126.9049112,2022-02-26,3170000,서울특별시 금천구
꿈꾸는작은도서관,서울특별시,금천구,작은도서관,"토,일요일/법정공휴일",10:00,18:00,0:00,0:00,0:00,0:00,10,6021,7,0,10,14,서울특별시 금천구 시흥대로18길 40,서울특별시 금천구청,02-2104-5688,,299.25,,37.44033715,126.9060237,2022-02-26,3170000,서울특별시 금천구
꿈씨어린이작은도서관,서울특별시,금천구,작은도서관,일요일/법정공휴일,10:00,20:00,9:00,17:00,0:00,0:00,50,16203,4,0,10,14,서울특별시 금천구 독산로232,서울특별시 금천구청,02-2104-5625,,215.6,,37.47012525,126.8910137,2022-02-26,3170000,서울특별시 금천구
나누리 작은도서관,서울특별시,금천구,작은도서관,"토,일요일/법정공휴일",11:00,19:00,0:00,0:00,0:00,0:00,30,8232,0,0,10,14,"서울특별시 금천구 금하로23길 40, 금화빌딩",사립,02-896-7991,,100,,37.45310408,126.908929,2022-02-26,3170000,서울특별시 금천구
도란도란작은도서관,서울특별시,금천구,작은도서관,"토,일요일/법정공휴일",10:00,20:00,9:00,17:00,0:00,0:00,14,9663,0,0,10,14,서울특별시 금천구 독산로36길 14,서울특별시 금천구청,02-2104-5706,,62,,37.45907378,126.9060907,2022-02-26,3170000,서울특별시 금천구
롯데캐슬1차 작은도서관,서울특별시,금천구,작은도서관,일요일/법정공휴일,10:00,17:00,10:00,14:00,0:00,0:00,30,2500,0,0,10,14,서울특별시 금천구 벚꽃로40,사립,070-4405-8780,,76.39,,37.46005722,126.8928436,2022-02-26,3170000,서울특별시 금천구
맑은누리작은도서관,서울특별시,금천구,작은도서관,"토,일요일/법정공휴일",10:00,18:00,0:00,0:00,0:00,0:00,24,9514,0,0,10,14,서울특별시 금천구 시흥대로58길 36,서울특별시 금천구청,02-2104-5649,,99,,37.45338611,126.9032667,2022-02-26,3170000,서울특별시 금천구
미래향기작은도서관,서울특별시,금천구,작은도서관,일요일/법정공휴일,10:00,20:00,9:00,17:00,0:00,0:00,31,2545,0,0,10,14,서울특별시 금천구 범안로 1240-7,금천문화재단,02-2104-5584,,148.57,,37.46611089,126.899737,2022-02-26,3170000,서울특별시 금천구
산돌어린이도서관,서울특별시,금천구,작은도서관,월요일/법정공휴일,13:00,18:00,13:00,18:00,0:00,0:00,180,1400,0,0,10,14,"서울특별시 금천구 시흥대로75길 12, 산돌문화센타",사립,02-808-7902,,307,,37.45760055,126.898373,2022-02-26,3170000,서울특별시 금천구
샘솟는 작은도서관,서울특별시,금천구,작은도서관,"토,일요일/법정공휴일",13:00,19:00,0:00,0:00,0:00,0:00,35,1700,0,0,10,14,서울특별시 금천구 독산로64길 15,사립,02-854-0500,,79.4,,37.46523095,126.9034346,2022-02-26,3170000,서울특별시 금천구
소망의나무어린이 작은도서관,서울특별시,금천구,작은도서관,법정공휴일,12:00,17:00,11:00,15:00,0:00,0:00,20,6579,0,0,10,14,서울특별시 금천구 금하로11길 14,사립,02-804-9596,,111.35,,37.45455245,126.9037964,2022-02-26,3170000,서울특별시 금천구
강북청소년문화정보도서관,서울특별시,강북구,공공도서관,매월둘째넷째월요일+정부지정공휴일,9:00,22:00,7:00,22:00,0:00,0:00,148,45501,30,153,5,14,서울특별시 강북구 삼양로54길 68 (미아동),서울특별시강북구도시관리공단,02-944-3140,692,1777,http://www.gblib.or.kr/youth/index.do,37.62308028,127.0215541,2022-04-26,3080000,서울특별시 강북구
강북문화정보도서관,서울특별시,강북구,공공도서관,매월둘째넷째월요일+정부지정공휴일,9:00,22:00,7:00,22:00,0:00,0:00,279,212209,66,24414,5,14,서울특별시 강북구 오현로 145 (번동),서울특별시강북구도시관리공단,02-944-3100,8002,5574,http://www.gblib.or.kr/gangbuk/index.do,37.625174,127.0360816,2022-04-26,3080000,서울특별시 강북구
신원동 울타리작은도서관,서울특별시,관악구,작은도서관,토+일+공휴일,10:00,18:00,0:00,0:00,0:00,0:00,20,8072,2,4,8,14,서울특별시 관악구 신원로3길 13-6,서울특별시 관악구청,02-839-1547,385,665,http://lib.gwanak.go.kr/,37.481565,126.927333,2022-10-15,3200000,서울특별시 관악구
서림동 글사랑작은도서관,서울특별시,관악구,작은도서관,토+일+공휴일,10:00,18:00,0:00,0:00,0:00,0:00,20,8882,0,9,8,14,서울특별시 관악구 신림로29길 6,서울특별시 관악구청,02-884-3951,682,780,http://lib.gwanak.go.kr/,37.474961,126.934984,2022-10-15,3200000,서울특별시 관악구
삼성동 샛별작은도서관,서울특별시,관악구,작은도서관,토+일+공휴일,10:00,18:00,0:00,0:00,0:00,0:00,10,8003,2,8,8,14,서울특별시 관악구 호암로 589,서울특별시 관악구청,02-876-2063,,617,http://lib.gwanak.go.kr/,37.4701073,126.932964,2022-10-15,3200000,서울특별시 관악구
대학동 녹두작은도서관,서울특별시,관악구,작은도서관,토+일+공휴일,10:00,18:00,0:00,0:00,0:00,0:00,20,5394,2,0,8,14,서울특별시 관악구 신림로 111,서울특별시 관악구청,02-872-4765,489,1184,http://lib.gwanak.go.kr/,37.470598,126.936927,2022-10-15,3200000,서울특별시 관악구
이촌2동 작은도서관,서울특별시,용산구,작은도서관,"일,법정공휴일",9:00,20:00,0:00,0:00,0:00,0:00,26,5974,0,0,3,14,서울특별시 용산구 이촌로18길 20,용산구,02-2199-8756,,,https://www.yslibrary.or.kr/small/index.do,37.52628148,126.9546578,2021-09-15,3020000,서울특별시 용산구
회나무 작은도서관,서울특별시,용산구,작은도서관,"토,일,법정공휴일",9:00,17:00,0:00,0:00,0:00,0:00,12,6594,0,0,3,14,서울특별시 용산구 회나무로13길 58,용산구,02-2199-8647,,,https://www.yslibrary.or.kr/small/index.do,37.54190232,126.9901964,2021-09-15,3020000,서울특별시 용산구
한남동 작은도서관,서울특별시,용산구,작은도서관,"토,일,법정공휴일",9:30,18:00,0:00,0:00,0:00,0:00,39,8406,0,0,3,14,서울특별시 용산구 이태원로224-19,용산구,02-2199-8742,,,https://www.yslibrary.or.kr/small/index.do,37.53485691,127.000267,2021-09-15,3020000,서울특별시 용산구
서빙고동 작은도서관,서울특별시,용산구,작은도서관,"토,일,법정공휴일",9:00,17:00,0:00,0:00,0:00,0:00,20,4645,0,0,3,14,서울특별시 용산구 서빙고로 279,용산구,02-2199-8687,,,https://www.yslibrary.or.kr/small/index.do,37.5204768,126.9946517,2021-09-15,3020000,서울특별시 용산구
마고정 작은도서관,서울특별시,은평구,작은도서관,"토,일요일 법정공휴일",12:00,18:00,0:00,0:00,0:00,0:00,20,5000,0,0,3,14,진관2로 60(진관동 105) 335동 1층 (관리소 334동),,02-353-1346,,,,37.63395286,126.9237923,2021-04-01,3110000,서울특별시 은평구
꿈지락작은도서관,서울특별시,은평구,작은도서관,"토,일요일 법정공휴일",13:00,17:00,0:00,0:00,0:00,0:00,50,8500,1,0,7,7,진관1로 77-8 401동,,070-7721-1002,,,,37.63174889,126.929022,2021-04-01,3110000,서울특별시 은평구
꿈꾸는i작은도서관,서울특별시,은평구,작은도서관,일요일 법정공휴일,10:00,18:00,10:00,18:00,0:00,0:00,20,11000,0,0,5,10,진관3로 42 (1지구) (은평제일교회),,02-353-2829,,,,37.6402624,126.921021,2021-04-01,3110000,서울특별시 은평구
지웰작은도서관,서울특별시,은평구,작은도서관,"목, 일요일/법정공휴일",13:00,17:00,13:00,17:00,0:00,0:00,45,4800,3,80,3,14,은평구 진관4로 78-38,,02-353-0911,,,,37.64427599,126.9312529,2021-04-01,3110000,서울특별시 은평구
행복 나눔 작은도서관,서울특별시,은평구,작은도서관,"월,일,법정공휴일",10:00,17:30,10:00,18:30,0:00,0:00,20,1200,0,0,0,0,"은평구 갈현로11길 7, 3층 301호",,02-382-0199,,,,37.60535205,126.9096081,2021-04-01,3110000,서울특별시 은평구
그루터기 작은도서관,서울특별시,은평구,작은도서관,"토,일요일 법정공휴일",9:00,18:00,9:00,18:00,9:00,18:00,114,0,0,0,0,0,"은평로10길 26, 301호",,,,,,37.59867127,126.9245748,2021-04-01,3110000,서울특별시 은평구
은평구립도서관,서울특별시,은평구,공공도서관,"월요일,법정공휴일",9:00,22:00,9:00,18:00,9:00,18:00,1039,227853,344,25321,5,14,서울특별시 은평구 통일로 79가길 13-84,사회복지법인 인덕원,02-385-1671,8013,5060,http://www.eplib.or.kr/,37.61898,126.92828,2021-04-01,3110000,서울특별시 은평구
증산정보도서관,서울특별시,은평구,공공도서관,"금요일,법정공휴일",9:00,22:00,9:00,18:00,9:00,18:00,530,69196,196,5456,5,14,서울특별시 은평구 증산로5길 6,사회복지법인 인덕원,02-307-6030,1142,2110,http://www.jsplib.or.kr/,37.58281,126.90768,2021-04-01,3110000,서울특별시 은평구
신길4동공립작은도서관,서울특별시,영등포구,작은도서관,"매주토,일요일",10:00,17:00,0:00,0:00,0:00,0:00,20,5854,0,0,10,21,서울특별시 영등포구 신길로42길1,서울특별시 영등포구청,02-3457-7688,,36,https://www.ydplib.or.kr/small,37.508428,126.911278,2022-07-04,3180000,서울특별시 영등포구
신길3동공립작은도서관,서울특별시,영등포구,작은도서관,"매주토,일요일",10:00,17:00,0:00,0:00,0:00,0:00,6,4612,0,0,10,21,서울특별시 영등포구 신길로41라길13-8,서울특별시 영등포구청,02-846-0399,,40,https://www.ydplib.or.kr/small,37.507285,126.9077506,2022-07-04,3180000,서울특별시 영등포구
신길1동공립작은도서관,서울특별시,영등포구,작은도서관,"매주토,일요일",10:00,17:00,0:00,0:00,0:00,0:00,25,14368,0,0,10,21,서울특별시 영등포구 영등포로84길24-5,서울특별시 영등포구청,070-8895-1184,,97,https://www.ydplib.or.kr/small,37.511135,126.9214408,2022-07-04,3180000,서울특별시 영등포구
양평2동공립작은도서관,서울특별시,영등포구,작은도서관,"매주토,일요일",10:00,17:00,0:00,0:00,0:00,0:00,8,6327,0,0,10,21,서울특별시영등포구 선유로47길30(4층),서울특별시 영등포구청,02-2679-5252,,36,https://www.ydplib.or.kr/small,37.53650136,126.8940377,2022-07-04,3180000,서울특별시 영등포구
양평1동공립작은도서관,서울특별시,영등포구,작은도서관,"매주토,일요일",10:00,17:00,0:00,0:00,0:00,0:00,8,7139,0,0,10,21,서울특별시 영등포구 영등포로11길12,서울특별시 영등포구청,02-2670-1198,,34,https://www.ydplib.or.kr/small,37.523615,126.8882277,2022-07-04,3180000,서울특별시 영등포구
문래동공립작은도서관,서울특별시,영등포구,작은도서관,"매주토,일요일",10:00,17:00,0:00,0:00,0:00,0:00,50,6669,0,0,10,21,서울특별시 영등포구 도림로141가길16,서울특별시 영등포구청,02-2068-8919,,80,https://www.ydplib.or.kr/small,37.5155327,126.8913572,2022-07-04,3180000,서울특별시 영등포구
영등포동공립작은도서관,서울특별시,영등포구,작은도서관,"매주토,일요일",10:00,17:00,0:00,0:00,0:00,0:00,30,6826,0,0,10,21,서울특별시 영등포구 영신로200,서울특별시 영등포구청,02-2636-8222,,194,https://www.ydplib.or.kr/small,37.52510043,126.9032996,2022-07-04,3180000,서울특별시 영등포구
청소년문화의집공립작은도서관,서울특별시,영등포구,작은도서관,"매주토,일요일",10:00,17:00,0:00,0:00,0:00,0:00,8,11261,0,0,10,21,서울특별시 영등포구 영등포로64길15,서울특별시 영등포구청,02-843-5935,,50,https://www.ydplib.or.kr/small,37.51365785,126.9170766,2022-07-04,3180000,서울특별시 영등포구
영등포본동공립작은도서관,서울특별시,영등포구,작은도서관,"매주토,일요일",10:00,17:00,0:00,0:00,0:00,0:00,8,9035,0,0,10,21,서울특별시 영등포구 신길로61길 17,서울특별시 영등포구청,02-847-8883,,65,https://www.ydplib.or.kr/small,37.514649,126.9093387,2022-07-04,3180000,서울특별시 영등포구
구민회관공립작은도서관,서울특별시,영등포구,작은도서관,"매주토,일요일",10:00,17:00,0:00,0:00,0:00,0:00,46,8793,0,0,10,21,서울특별시 영등포구 국회대로 596,서울특별시 영등포구청,02-2678-9997,,128,https://www.ydplib.or.kr/small,37.52601008,126.9001117,2022-07-04,3180000,서울특별시 영등포구
여의샛강마을도서관,서울특별시,영등포구,공공도서관,매주월요일,9:00,20:00,9:00,17:00,9:00,17:00,70,24562,7,11733,10,21,서울특별시 영등포구 여의대로 24,영등포문화재단,02-2629-2222,,458,https://www.ydplib.or.kr,37.5221797,126.9199179,2022-07-04,3180000,서울특별시 영등포구
선유도서관,서울특별시,영등포구,공공도서관,매주월요일,9:00,22:00,9:00,17:00,9:00,17:00,204,72410,68,2757,10,21,서울특별시 영등포구 선유로 43가길 10-8,영등포문화재단,02-2163-0800,896,2340,https://www.ydplib.or.kr,37.53333074,126.892938,2022-07-04,3180000,서울특별시 영등포구
문래도서관,서울특별시,영등포구,공공도서관,매주월요일,9:00,22:00,9:00,17:00,9:00,17:00,225,67083,72,2619,10,21,서울특별시 영등포구 문래로20길 49,영등포문화재단,02-2629-8600,1466,1796,https://www.ydplib.or.kr,37.51685495,126.8908938,2022-07-04,3180000,서울특별시 영등포구
대림도서관,서울특별시,영등포구,공공도서관,매주월요일,9:00,22:00,9:00,17:00,9:00,17:00,188,75155,74,3987,10,21,서울특별시 영등포구 도신로27,영등포문화재단,02-828-3700,727.8,1946,https://www.ydplib.or.kr,37.50431765,126.8960782,2022-07-04,3180000,서울특별시 영등포구
목화마을공립작은도서관,서울특별시,영등포구,작은도서관,"매주토,일요일",10:00,17:00,0:00,0:00,0:00,0:00,24,9350,0,0,10,21,서울특별시 영등포구 선유로 13길 25,서울특별시 영등포구청,02-811-7410,,110,https://www.ydplib.or.kr/small,37.51898057,126.8862787,2022-07-04,3180000,서울특별시 영등포구
대림3동공립작은도서관,서울특별시,영등포구,작은도서관,"매주토,일요일",10:00,17:00,0:00,0:00,0:00,0:00,19,10377,0,0,10,21,서울특별시 영등포구 대림로197,서울특별시 영등포구청,02-832-4705,,66,https://www.ydplib.or.kr/small,37.498301,126.8980362,2022-07-04,3180000,서울특별시 영등포구
대림2동공립작은도서관,서울특별시,영등포구,작은도서관,"매주토,일요일",10:00,17:00,0:00,0:00,0:00,0:00,16,10917,0,0,10,21,서울특별시 영등포구 대림로23길25,서울특별시 영등포구청,02-832-1215,,34,https://www.ydplib.or.kr/small,37.49273981,126.8982518,2022-07-04,3180000,서울특별시 영등포구
대림1동공립작은도서관,서울특별시,영등포구,작은도서관,"매주토,일요일",10:00,17:00,0:00,0:00,0:00,0:00,24,14193,0,0,10,21,서울특별시 영등포구 디지털로441,서울특별시 영등포구청,02-834-4560,,130,https://www.ydplib.or.kr/small,37.49545723,126.905842,2022-07-04,3180000,서울특별시 영등포구
신길7동공립작은도서관,서울특별시,영등포구,작은도서관,"매주토,일요일",10:00,17:00,0:00,0:00,0:00,0:00,18,9244,0,0,10,21,서울특별시 영등포구 여의대방로43길10,서울특별시 영등포구청,070-8895-1186,,39,https://www.ydplib.or.kr/small,37.506385,126.9215136,2022-07-04,3180000,서울특별시 영등포구
신길6동공립작은도서관,서울특별시,영등포구,작은도서관,"매주토,일요일",10:00,17:00,0:00,0:00,0:00,0:00,30,11639,0,0,10,21,서울특별시 영등포구 대방천로 193,서울특별시 영등포구청,02-835-7476,,96,https://www.ydplib.or.kr/small,37.49920238,126.9124289,2022-07-04,3180000,서울특별시 영등포구
신길5동공립작은도서관,서울특별시,영등포구,작은도서관,"매주토,일요일",10:00,17:00,0:00,0:00,0:00,0:00,6,3845,0,0,10,21,서울특별시 영등포구 도림로264,서울특별시 영등포구청,02-836-1005,,66,https://www.ydplib.or.kr/small,37.501614,126.9052198,2022-07-04,3180000,서울특별시 영등포구
여의동공립작은도서관,서울특별시,영등포구,작은도서관,"매주토,일요일",10:00,17:00,0:00,0:00,0:00,0:00,20,9833,0,0,10,21,서울특별시 영등포구 국제금융로124,서울특별시 영등포구청,02-784-2268,,62,https://www.ydplib.or.kr/small,37.517658,126.9346142,2022-07-04,3180000,서울특별시 영등포구
청파 어린이 영어도서관,서울특별시,용산구,작은도서관,"토,일,법정공휴일",10:00,19:00,10:00,17:00,0:00,0:00,24,17368,0,1824,3,14,서울특별시 용산구 청파로49길 34,용산구,02-702-0641,,,https://www.yslibrary.or.kr/small/index.do,37.5454737,126.9685013,2021-09-15,3020000,서울특별시 용산구
용암 어린이 영어도서관,서울특별시,용산구,작은도서관,"토,일,법정공휴일",10:00,19:00,10:00,17:00,0:00,0:00,24,16710,0,2409,3,14,서울특별시 용산구 신흥로3가길21-7,용산구,02-798-4181,,,https://www.yslibrary.or.kr/small/index.do,37.54101876,126.9846929,2021-09-15,3020000,서울특별시 용산구
북카페 청마루,서울특별시,용산구,작은도서관,"토,일,법정공휴일",8:30,18:30,0:00,0:00,0:00,0:00,32,5500,0,0,3,14,서울특별시 용산구 녹사평대로150,용산구,02-2199-8967,,,https://www.yslibrary.or.kr/small/index.do,37.53245265,126.9904783,2021-09-15,3020000,서울특별시 용산구
후암동작은도서관 북앤캠프,서울특별시,용산구,작은도서관,"토,일,법정공휴일",9:00,17:00,0:00,0:00,0:00,0:00,33,6808,0,0,3,14,서울특별시 용산구 후암로32-6,용산구,02-2199-8758,,,https://www.yslibrary.or.kr/small/index.do,37.54869785,126.9781505,2021-09-15,3020000,서울특별시 용산구
해다올 작은도서관,서울특별시,용산구,작은도서관,"토,일,법정공휴일",9:00,17:00,0:00,0:00,0:00,0:00,20,10341,0,0,3,14,서울특별시 용산구 신흥로90,용산구,02-2199-8739,,,https://www.yslibrary.or.kr/small/index.do,37.54607528,126.9855699,2021-09-15,3020000,서울특별시 용산구
남영동 작은도서관,서울특별시,용산구,작은도서관,"토,일,법정공휴일",9:00,17:00,0:00,0:00,0:00,0:00,13,8862,0,0,3,14,서울특별시 용산구 두텁바위로1길 13,용산구,02-775-9260,,,https://www.yslibrary.or.kr/small/index.do,37.54570549,126.9730909,2021-09-15,3020000,서울특별시 용산구
원효로제2동 작은도서관 두드림,서울특별시,용산구,작은도서관,"토,일,법정공휴일",9:30,17:30,0:00,0:00,0:00,0:00,20,5881,0,0,3,14,서울특별시 용산구 효창원로8길 3,용산구,02-2199-8755,,,https://www.yslibrary.or.kr/small/index.do,37.53435322,126.9515483,2021-09-15,3020000,서울특별시 용산구
효창동 작은도서관,서울특별시,용산구,작은도서관,"토,일,법정공휴일",9:00,17:00,0:00,0:00,0:00,0:00,40,11765,0,0,3,14,서울특별시 용산구 효창원로161,용산구,02-2199-8753,,,https://www.yslibrary.or.kr/small/index.do,37.54250925,126.9618379,2021-09-15,3020000,서울특별시 용산구
오렌지나무 작은도서관,서울특별시,용산구,작은도서관,"토,일,법정공휴일",9:00,17:00,0:00,0:00,0:00,0:00,17,7235,0,0,3,14,서울특별시 용산구 새창로12길13,용산구,02-2199-8754,,,https://www.yslibrary.or.kr/small/index.do,37.53895425,126.9575829,2021-09-15,3020000,서울특별시 용산구
한강로동 작은도서관,서울특별시,용산구,작은도서관,"토,일,법정공휴일",9:30,17:30,0:00,0:00,0:00,0:00,34,7522,36,0,3,14,서울특별시 용산구 한강대로38길 28,용산구,02-2199-8743,,,https://www.yslibrary.or.kr/small/index.do,37.52814224,126.9692281,2021-09-15,3020000,서울특별시 용산구
송파어린이영어,서울특별시,송파구,공공도서관,매주월요일+국가지정공휴일,9:00,18:00,9:00,18:00,9:00,18:00,60,18508,11,774,5,14,서울특별시 송파구 오금로 1 (신천동),서울특별시 송파구청,02-415-3567,1430,595,http://www.splib.or.kr,37.5223926,127.102983,2021-02-20,3230000,서울특별시 송파구
돌마리도서관,서울특별시,송파구,공공도서관,매주월요일+국가지정공휴일,9:00,22:00,9:00,22:00,9:00,22:00,55,16360,20,0,5,14,서울특별시 송파구 백제고분로37길 16 (석촌동),서울특별시 송파구청,02-414-7007,265,265,http://www.splib.or.kr,37.50356461,127.1036855,2021-02-20,3230000,서울특별시 송파구
도림동공립작은도서관,서울특별시,영등포구,작은도서관,"매주토,일요일",10:00,17:00,0:00,0:00,0:00,0:00,30,9239,0,0,10,21,서울특별시 영등포구 도신로33길 4,서울특별시 영등포구청,02-833-3036,,74,https://www.ydplib.or.kr/small,37.509967,126.9080504,2022-07-04,3180000,서울특별시 영등포구
당산2동공립작은도서관,서울특별시,영등포구,작은도서관,"매주토,일요일",10:00,17:00,0:00,0:00,0:00,0:00,10,7325,0,0,10,21,서울특별시 영등포구 당산로 235,서울특별시 영등포구청,02-2632-2276,,33,https://www.ydplib.or.kr/small,37.5347082,126.9020869,2022-07-04,3180000,서울특별시 영등포구
당산1동공립작은도서관,서울특별시,영등포구,작은도서관,"매주토,일요일",10:00,17:00,0:00,0:00,0:00,0:00,22,6523,0,0,10,21,서울특별시 영등포구 영등포로25길 24,서울특별시 영등포구청,02-2677-7916,,132,https://www.ydplib.or.kr/small,37.523058,126.898464,2022-07-04,3180000,서울특별시 영등포구
서울특별시교육청송파도서관,서울특별시,송파구,공공도서관,둘째 화+넷째 화+공휴일,7:00,22:00,7:00,22:00,0:00,0:00,1035,241350,637,13242,5,14,서울특별시 송파구 동남로 263,서울특별시교육청,02-3434-3333,6469.68,8259.7,https://splib.sen.go.kr,37.49993098,127.1348112,2022-06-27,7011344,서울특별시교육청 서울특별시교육청송파도서관
송파글마루도서관,서울특별시,송파구,공공도서관,매주월요일+국가지정공휴일,9:00,22:00,9:00,22:00,9:00,22:00,414,66700,103,2261,5,14,서울특별시 송파구 충민로 120 (장지동),서울특별시 송파구청,02-449-8855,3697,3697,http://www.splib.or.kr,37.48083269,127.1304766,2021-02-20,3230000,서울특별시 송파구
송파어린이도서관,서울특별시,송파구,공공도서관,매주월요일+국가지정공휴일,9:00,18:00,9:00,18:00,9:00,18:00,60,84582,43,671,5,14,서울특별시 송파구 올림픽로 105 (잠실동),서울특별시 송파구청,02-418-0303,1273,1273,http://www.splib.or.kr,37.51210126,127.0824285,2021-02-20,3230000,서울특별시 송파구
거마도서관,서울특별시,송파구,공공도서관,국가지정공휴일+2째월요일+4째월요일,8:00,23:00,8:00,23:00,8:00,23:00,244,43658,64,425,5,14,서울특별시 송파구 거마로2길 19 (거여동),서울특별시 송파구청,02-449-2332,886,886,http://www.splib.or.kr,37.493545,127.1468274,2021-02-20,3230000,서울특별시 송파구
소나무언덕1호,서울특별시,송파구,공공도서관,매주월요일+국가지정공휴일,9:00,22:00,9:00,22:00,9:00,22:00,38,18317,7,156,5,14,서울특별시 송파구 올림픽로 47길 9 (풍납동),서울특별시 송파구청,02-475-0266,177,177,http://www.splib.or.kr,37.52741692,127.1180409,2021-02-20,3230000,서울특별시 송파구
소나무언덕2호,서울특별시,송파구,공공도서관,매주월요일+국가지정공휴일,9:00,22:00,9:00,22:00,9:00,22:00,72,22084,10,192,5,14,서울특별시 송파구 석촌호수로 155 (잠실동),서울특별시 송파구청,02-424-0083,329,329,http://www.splib.or.kr,37.50726667,127.0942173,2021-02-20,3230000,서울특별시 송파구
소나무언덕3호,서울특별시,송파구,공공도서관,매주월요일+국가지정공휴일,9:00,22:00,9:00,22:00,9:00,22:00,84,24512,17,221,5,14,서울특별시 송파구 성내천로 319 (마천동),서울특별시 송파구청,02-443-0130,343,343,http://www.splib.or.kr,37.492325,127.156619,2021-02-20,3230000,서울특별시 송파구
소나무언덕4호,서울특별시,송파구,공공도서관,매주월요일+국가지정공휴일,9:00,22:00,9:00,22:00,9:00,22:00,45,16988,30,312,5,14,서울특별시 송파구 송이로 34 (송파동),서울특별시 송파구청,02-419-5100,246,246,http://www.splib.or.kr,37.502207,127.116836,2021-02-20,3230000,서울특별시 송파구
소나무언덕 잠실본동,서울특별시,송파구,공공도서관,매주월요일+국가지정공휴일,9:00,18:00,9:00,18:00,9:00,18:00,63,22534,29,489,5,14,서울특별시 송파구 탄천동로 211 (잠실동),서울특별시 송파구청,02-412-0750,510,510,http://www.splib.or.kr,37.50289457,127.0777053,2021-02-20,3230000,서울특별시 송파구
아리향기작은도서관,서울특별시,강서구,작은도서관,토+일+법정공휴일,9:30,17:30,0:00,0:00,0:00,0:00,40,10347,23,0,3,14,"서울특별시 강서구 양천로67가길 63, 염창동주민센터 2층",미지회,02-2600-7326,895,170,http://lib.gangseo.seoul.kr,37.55377226,126.8709672,2022-03-15,3150000,서울특별시 강서구
생각열매작은도서관,서울특별시,강서구,작은도서관,토+일+법정공휴일,9:00,18:00,0:00,0:00,0:00,0:00,16,9103,0,0,3,14,"서울특별시 강서구 공항대로53가길 55, 등촌1동주민센터 2층",,02-2600-7356,642,147,http://lib.gangseo.seoul.kr,37.55582716,126.8589084,2022-03-15,3150000,서울특별시 강서구
등마루골작은도서관,서울특별시,강서구,작은도서관,토+일+법정공휴일,9:30,17:30,0:00,0:00,0:00,0:00,56,9021,0,0,3,14,"서울특별시 강서구 등촌로 143, 등촌2동주민센터 2층",,02-2600-7381,430,162,http://lib.gangseo.seoul.kr,37.54265881,126.8625043,2022-03-15,3150000,서울특별시 강서구
큰마음작은도서관,서울특별시,강서구,작은도서관,토+일+법정공휴일,9:00,17:00,0:00,0:00,0:00,0:00,30,7681,6,0,3,14,"서울특별시 강서구 화곡로63길 96, 등촌3동주민센터 2층",새마을문고,02-2600-7448,1068,73,http://lib.gangseo.seoul.kr,37.55888772,126.8479197,2022-03-15,3150000,서울특별시 강서구
초록향기작은도서관,서울특별시,강서구,작은도서관,일+법정공휴일,9:00,18:00,9:00,13:00,0:00,0:00,28,8591,0,0,3,14,"서울특별시 강서구 초록마을로5길 29, 화곡본동주민센터 2층",새마을문고,02-2600-7474,744,200,http://lib.gangseo.seoul.kr,37.54404976,126.8476647,2022-03-15,3150000,서울특별시 강서구
꿈터작은도서관,서울특별시,강서구,작은도서관,일+법정공휴일,10:00,17:00,9:30,12:30,0:00,0:00,30,9159,3,0,3,14,"서울특별시 강서구 곰달래로 79, 화곡1동주민센터 3층",,02-2600-7515,637,205,http://lib.gangseo.seoul.kr,37.53050876,126.841592,2022-03-15,3150000,서울특별시 강서구
옹달샘작은도서관,서울특별시,강서구,작은도서관,토+일+법정공휴일,9:00,18:00,0:00,0:00,0:00,0:00,30,8087,3,0,3,14,"서울특별시 강서구 곰달래로37길 13, 화곡2동주민센터 2층",곰달래봉사단,02-2600-7545,680,168,http://lib.gangseo.seoul.kr,37.5318264,126.8544869,2022-03-15,3150000,서울특별시 강서구
책마루작은도서관,서울특별시,강서구,작은도서관,일+법정공휴일,9:30,17:30,9:00,13:00,0:00,0:00,50,9992,0,0,3,14,"서울특별시 강서구 강서로33가길 17, 화곡3동주민센터 2층",,02-2600-7577,1112,255,http://lib.gangseo.seoul.kr,37.54252739,126.8384119,2022-03-15,3150000,서울특별시 강서구
볏고을작은도서관,서울특별시,강서구,작은도서관,일+법정공휴일,10:00,18:00,10:00,14:00,0:00,0:00,20,9151,3,0,3,14,"서울특별시 강서구 곰달래로57가길 26, 화곡4동주민센터2층",,02-2601-2275,3278,94,http://lib.gangseo.seoul.kr,37.53468478,126.8608037,2022-03-15,3150000,서울특별시 강서구
역마을작은도서관,서울특별시,강서구,작은도서관,토+일+법정공휴일,9:00,18:00,0:00,0:00,0:00,0:00,60,6684,0,0,3,14,"서울특별시 강서구 화곡로 312, 화곡6동주민센터 2층",새마을부녀회,02-2600-7660,662,111,http://lib.gangseo.seoul.kr,37.55181585,126.8500753,2022-03-15,3150000,서울특별시 강서구
배다리작은도서관,서울특별시,강서구,작은도서관,토+일+법정공휴일,9:00,18:00,0:00,0:00,0:00,0:00,45,9953,5,0,3,14,"서울특별시 강서구 곰달래로25길 45, 화곡8동주민센터 2층",,02-2600-7701,796,283,http://lib.gangseo.seoul.kr,37.53269442,126.8483305,2022-03-15,3150000,서울특별시 강서구
내발산작은도서관,서울특별시,강서구,작은도서관,토+일+법정공휴일,9:00,17:00,0:00,0:00,0:00,0:00,35,11413,6,0,3,14,"서울특별시 강서구 강서로52길 89, 내발산문화센터 5층",새마을문고,02-2600-7756,675,265,http://lib.gangseo.seoul.kr,37.55749761,126.8431963,2022-03-15,3150000,서울특별시 강서구
도란도란쉼터작은도서관,서울특별시,강서구,작은도서관,토+일+법정공휴일,9:30,17:30,0:00,0:00,0:00,0:00,60,11785,26,0,3,14,"서울특별시 강서구 허준로 30, 가양1동주민센터 2층",,02-2600-7778,1682,347,http://lib.gangseo.seoul.kr,37.56948645,126.8447061,2022-03-15,3150000,서울특별시 강서구
허준마을작은도서관,서울특별시,강서구,작은도서관,토+일+법정공휴일,9:00,17:00,0:00,0:00,0:00,0:00,35,9515,6,0,3,14,"서울특별시 강서구 허준로 93, 가양2동주민센터 2층",,02-2600-7813,1060,265,http://lib.gangseo.seoul.kr,37.56739738,126.851271,2022-03-15,3150000,서울특별시 강서구
도리샘작은도서관,서울특별시,강서구,작은도서관,토+일+법정공휴일,9:00,17:00,0:00,0:00,0:00,0:00,20,7838,26,0,3,14,"서울특별시 강서구 허준로 202, 가양3동주민센터 2층",,02-2600-7856,1013,230,http://lib.gangseo.seoul.kr,37.56108734,126.8605599,2022-03-15,3150000,서울특별시 강서구
책향기작은도서관,서울특별시,강서구,작은도서관,토+일+법정공휴일,9:30,17:30,0:00,0:00,0:00,0:00,48,11543,5,0,3,14,"서울특별시 강서구 강서로47길 54, 발산1동주민센터 2층",새마을문고,02-2600-7979,1047,202,http://lib.gangseo.seoul.kr,37.55311585,126.8331787,2022-03-15,3150000,서울특별시 강서구
송정작은도서관,서울특별시,강서구,작은도서관,토+일+법정공휴일,9:00,17:00,0:00,0:00,0:00,0:00,30,7755,6,0,3,14,"서울특별시 강서구 송정로 45, 공항동주민센터 2층",새마을문고,02-2600-7932,2550,137,http://lib.gangseo.seoul.kr,37.55878245,126.8100731,2022-03-15,3150000,서울특별시 강서구
글벗누리작은도서관,서울특별시,강서구,작은도서관,토+일+법정공휴일,9:00,18:00,0:00,0:00,0:00,0:00,50,10758,1,0,3,14,"서울특별시 강서구 방화대로 330, 방화1동주민센터 2층",새마을문고,02-2600-7962,947,210,http://lib.gangseo.seoul.kr,37.57034422,126.8170529,2022-03-15,3150000,서울특별시 강서구
채움작은도서관,서울특별시,강서구,작은도서관,토+일+법정공휴일,9:00,18:00,0:00,0:00,0:00,0:00,30,7915,7,0,3,14,"서울특별시 강서구 개화동로23길 20, 방화2동주민센터 2층",새마을문고,02-2600-5225,357,63,http://lib.gangseo.seoul.kr,37.56672021,126.8067388,2022-03-15,3150000,서울특별시 강서구
방그리나작은도서관,서울특별시,강서구,작은도서관,일+법정공휴일,10:00,18:00,10:00,13:00,0:00,0:00,34,6545,1,0,3,14,"서울특별시 강서구 금낭화로24길 5, 방화3동주민센터 2층",새마을문고,02-2600-5267,1010,107,http://lib.gangseo.seoul.kr,37.57871815,126.8136588,2022-03-15,3150000,서울특별시 강서구
수명산작은도서관,서울특별시,강서구,작은도서관,일+법정공휴일,9:00,18:00,9:00,18:00,0:00,0:00,60,10669,68,0,3,14,"서울특별시 강서구 수명로1길 131, 내발산동공공기숙사 지하1층",새마을문고,02-2666-0037,3874,284,http://lib.gangseo.seoul.kr,37.5541175,126.8255215,2022-03-15,3150000,서울특별시 강서구
옹기종기작은도서관,서울특별시,강서구,작은도서관,토+일+법정공휴일,10:00,18:00,0:00,0:00,0:00,0:00,33,7660,0,0,3,14,"서울특별시 강서구 공항대로61길 50, 염창동지역정보센터 1층",,02-2600-7324,7359,136,http://lib.gangseo.seoul.kr,37.55302513,126.8667223,2022-03-15,3150000,서울특별시 강서구
해뜰작은도서관,서울특별시,강서구,작은도서관,일+법정공휴일,9:00,18:00,9:00,16:00,0:00,0:00,36,9561,4,0,3,14,"서울특별시 강서구 방화대로48길 40, 방화2복지관 3층",방화2종합사회복지관,02-2662-6669,0,165,http://lib.gangseo.seoul.kr,37.57424491,126.8201677,2022-03-15,3150000,서울특별시 강서구
꿈자람책놀이터작은도서관,서울특별시,강서구,작은도서관,토+일+법정공휴일,9:00,18:00,0:00,0:00,0:00,0:00,30,14470,3,0,3,14,"서울특별시 강서구 개화동로21길 4, 방화11복지관 1층",방화11종합사회복지관,070-5153-8240,0,186,http://lib.gangseo.seoul.kr,37.57071896,126.8057278,2022-03-15,3150000,서울특별시 강서구
초록동작은도서관,서울특별시,강서구,작은도서관,토+일+법정공휴일,9:30,17:30,0:00,0:00,0:00,0:00,50,5526,0,0,3,14,"서울특별시 강서구 초록마을로14길 36, 초록동실버문화센터 2층",연지어르신복지센터,02-2065-7670,390,66,http://lib.gangseo.seoul.kr,37.54114963,126.848508,2022-03-15,3150000,서울특별시 강서구
가람작은도서관,서울특별시,강서구,작은도서관,일+법정공휴일,9:00,17:00,9:00,13:00,0:00,0:00,48,6829,0,0,3,14,"서울특별시 강서구 양천로57길 36, 가양5종합사회복지관 1층",가양5종합사회복지관,02-2668-4603,45601,128,http://lib.gangseo.seoul.kr,37.56462873,126.8535176,2022-03-15,3150000,서울특별시 강서구
솔뫼작은도서관,서울특별시,강서구,작은도서관,일+법정공휴일,10:00,17:00,12:00,16:00,0:00,0:00,20,4860,3,0,3,14,"서울특별시 강서구 가로공원로77길 30, 공원경로당 2층",,02-2690-2468,1981,81,http://lib.gangseo.seoul.kr,37.53811186,126.8386738,2022-03-15,3150000,서울특별시 강서구
꿈꾸는어린이도서관,서울특별시,강서구,공공도서관,월+법정공휴일,9:00,22:00,9:00,22:00,9:00,18:00,220,67099,32,950,7,14,서울특별시 강서구 공항대로 615,KC대학교,02-3663-4025,1100,855,http://lib.gangseo.seoul.kr,37.54733808,126.8733184,2022-03-15,3150000,서울특별시 강서구
우장산숲속도서관,서울특별시,강서구,공공도서관,월+법정공휴일,9:00,22:00,9:00,22:00,9:00,18:00,194,52207,27,572,7,14,서울특별시 강서구 우현로 34,영신교회,02-2696-6690,1653,601,http://lib.gangseo.seoul.kr,37.5482876,126.841835,2022-03-15,3150000,서울특별시 강서구
길꽃어린이도서관,서울특별시,강서구,공공도서관,월+법정공휴일,9:00,22:00,9:00,22:00,9:00,18:00,100,68726,28,1315,7,14,서울특별시 강서구 금낭화로24길 5,영신교회,02-2663-4764,1019,539,http://lib.gangseo.seoul.kr,37.57871815,126.8136588,2022-03-15,3150000,서울특별시 강서구
푸른들청소년도서관,서울특별시,강서구,공공도서관,월+법정공휴일,9:00,22:00,9:00,22:00,9:00,18:00,212,62359,43,942,7,14,서울특별시 강서구 강서로45다길 71,학교법인 백영학원,02-2691-1630,436,707,http://lib.gangseo.seoul.kr,37.5446709,126.8351791,2022-03-15,3150000,서울특별시 강서구
강서영어도서관,서울특별시,강서구,공공도서관,월+법정공휴일,9:00,22:00,9:00,22:00,9:00,18:00,128,39300,44,3009,7,14,서울특별시 강서구 곰달래로57가길 26,학교법인 백영학원,02-2061-2270,3278,541,http://lib.gangseo.seoul.kr,37.53468478,126.8608037,2022-03-15,3150000,서울특별시 강서구
곰달래도서관,서울특별시,강서구,공공도서관,월+법정공휴일,9:00,22:00,9:00,22:00,9:00,20:00,423,67141,56,1680,7,14,서울특별시 강서구 강서로5길 50,학교법인 백영학원,02-2065-3785,3210,1641,http://lib.gangseo.seoul.kr,37.52905871,126.848899,2022-03-15,3150000,서울특별시 강서구
등빛도서관,서울특별시,강서구,공공도서관,월+법정공휴일,9:00,22:00,9:00,22:00,9:00,22:00,386,83332,74,3630,7,14,서울특별시 강서구 강서로62길 48,학교법인 백영학원,02-3664-6990,948,2281,http://lib.gangseo.seoul.kr,37.5624556,126.8423755,2022-03-15,3150000,서울특별시 강서구
가양도서관,서울특별시,강서구,공공도서관,월+법정공휴일,9:00,22:00,9:00,22:00,9:00,18:00,467,51571,57,980,7,14,서울특별시 강서구 양천로61길 101,학교법인 한국그리스도의교회학원,02-3665-8797,3014,1535,http://lib.gangseo.seoul.kr,37.55996148,126.8655601,2022-03-15,3150000,서울특별시 강서구
서울특별시교육청 도서관,서울특별시,동대문구,,,,,,,,,,,,,,,,,,,,,37.5738566,127.0241852,,,
동대문구정보화도서관,서울특별시,동대문구,,,,,,,,,,,,,,,,,,,,,37.5899695,127.0472897,,,
동대문구 영유아플라자(제기점),서울특별시,동대문구,,,,,,,,,,,,,,,,,,,,,37.5837078,127.034634,,,
배봉산숲속도서관,서울특별시,동대문구,,,,,,,,,,,,,,,,,,,,,37.5784431,127.0627351,,,
장안어린이도서관,서울특별시,동대문구,,,,,,,,,,,,,,,,,,,,,37.571245,127.073201,,,
이문체육문화센터 어린이도서관,서울특별시,동대문구,,,,,,,,,,,,,,,,,,,,,37.6022444,127.0687022,,,
이문어린이도서관,서울특별시,동대문구,,,,,,,,,,,,,,,,,,,,,37.5988944,127.0538436,,,
동대문구답십리도서관,서울특별시,동대문구,,,,,,,,,,,,,,,,,,,,,37.573193,127.0503603,,,
용두어린이영어도서관,서울특별시,동대문구,,,,,,,,,,,,,,,,,,,,,37.5761083,127.030319,,,
휘경어린이도서관,서울특별시,동대문구,,,,,,,,,,,,,,,,,,,,,37.5886838,127.0606078,,,
동대문구 영유아플라자(답십리점),서울특별시,동대문구,,,,,,,,,,,,,,,,,,,,,37.5720265,127.047918,,,
동대문책마당도서관,서울특별시,동대문구,,,,,,,,,,,,,,,,,,,,,37.5743917,127.0398966,,,
