,학교종류명,설립구분,표준학교코드,학교명,영문학교명,관할조직명,도로명우편번호,도로명주소,도로명상세주소,전화번호,홈페이지주소,팩스번호,남녀공학구분명,고등학교구분명,산업체특별학급존재여부,고등학교일반실업구분명,특수목적고등학교계열명,입시전후기구분명,주야구분명,설립일자,개교기념일,시도교육청코드,시도교육청명,소재지명,적재일시,lng,lat
0,고등학교,사립,7011508,선일빅데이터고등학교,SUNIL BIGDATA HIGHSCHOOL,서울특별시교육청,3322,서울특별시 은평구 갈현로29길 27,/ 선일빅데이터고등학교 (갈현동),02-355-5648,https://bigdata.sen.hs.kr/,02-354-0935,여,특성화고,N,전문계,,전기,주간,19850108,19850311,B10,서울특별시교육청,서울특별시,20220731,126.9119931,37.62030421
1,고등학교,사립,7011507,대경생활과학고등학교,Daekyeong Life Science High School,서울특별시교육청,4592,서울특별시 중구 매봉18길 111,(신당동),02-2235-5155,http://daekyeong.sen.hs.kr,02-2237-9142,남여공학,특성화고,N,전문계,,전기,주간,19560228,19560416,B10,서울특별시교육청,서울특별시,20220731,127.0169792,37.55637326
2,고등학교,사립,7011506,서울매그넷고등학교,Seoul Magnet High School,서울특별시교육청,8656,서울특별시 금천구 탑골로10길 45,(시흥동/ 동일여자상업고등학교),02-807-6333,seoulmagnet.sen.hs.kr,02-804-9040,여,특성화고,N,전문계,,전기,주간,19870112,19870303,B10,서울특별시교육청,서울특별시,20220731,126.9158199,37.45193626
3,고등학교,사립,7011505,광운인공지능고등학교,Kwangwoon Artificial Intelligence High School,서울특별시교육청,1890,서울특별시 노원구 광운로1길 24,(월계동/광운중학교/전자공업고등학교),02-918-7761,http://kwangwoon.sen.hs.kr,02-917-5091,남,특성화고,N,전문계,,전기,주간,19340520,19340520,B10,서울특별시교육청,서울특별시,20220731,127.0565452,37.61923977
4,고등학교,공립,7011499,덕수고등학교(일반고),Duksoo High School,서울특별시교육청,5846,서울특별시 송파구 위례북로 10,(거여동/ 덕수고등학교),02-6952-2801,https://duksoowr.sen.hs.kr,02-449-9069,남여공학,일반고,N,일반계,,전기,주간,19100413,19100413,B10,서울특별시교육청,서울특별시,20220731,127.1470836,37.48560069
5,고등학교,공립,7011498,서울인공지능고등학교,SEOUL ARTIFICIAL INTELLIGENCE HIGHSCHOOL,서울특별시교육청,5771,서울특별시 송파구 양산로 21,(거여동),6711-0508/6711-0595,https://seoulai.sen.hs.kr,02-6711-0599,남여공학,특성화고,N,전문계,,전기,주간,19910301,19910301,B10,서울특별시교육청,서울특별시,20220731,127.1420854,37.49164824
6,고등학교,공립,7011495,용산철도고등학교,Yongsan Railroad High School,서울특별시교육청,4388,서울특별시 용산구 서빙고로 24,(한강로3가/ 용산철도고등학교),02-6905-7777,http://yongsan-th.sen.hs.kr,02-6905-7890,남여공학,특성화고,N,전문계,,전기,주간,19630518,19630518,B10,서울특별시교육청,서울특별시,20220731,126.9673581,37.52434158
7,고등학교,사립,7011494,서울동산고등학교,Seoul Dongsan High School,서울특별시교육청,1832,서울특별시 노원구 공릉로 257,(공릉동),02-971-0903,http://seouldongsan.sen.hs.kr,02-973-3052,남여공학,특성화고,N,전문계,,전기,주간,19680302,19680429,B10,서울특별시교육청,서울특별시,20220731,127.0739984,37.63077798
8,고등학교,사립,7011493,인덕과학기술고등학교,Induk Science and Technology High School,서울특별시교육청,1878,서울특별시 노원구 초안산로 12,/ 인덕과학기술고등학교 (월계동/ 인덕대학교/인덕공업고등학교),02-902-2060,http://induk.sen.hs.kr,02-996-9278,남여공학,특성화고,N,전문계,,전기,주간,19631214,19631214,B10,서울특별시교육청,서울특별시,20220731,127.0544999,37.63034387
9,고등학교,사립,7011492,서울신정고등학교,Seoul Shinjeong High School,서울특별시교육청,7736,서울특별시 강서구 등촌로13아길 20,(화곡동/ 서울신정고등학교),02-2644-3543,http://shinjeong.sen.hs.kr,02-2644-0021,여,특성화고,N,전문계,,전기,주간,19780130,19780130,B10,서울특별시교육청,서울특별시,20220731,126.8570622,37.53838143
10,고등학교,사립,7011491,서일문화예술고등학교,SEOIL CULTURE  ARTS HIGH SCHOOLl,서울특별시교육청,3094,서울특별시 종로구 지봉로17길 49,(창신동),02-763-5863,http://seoil.sen.hs.kr,02-765-8573,남여공학,특성화고,N,전문계,,전기,주간,19661208,19690715,B10,서울특별시교육청,서울특별시,20220731,127.0127927,37.57937936
11,고등학교,사립,7011490,동명생활경영고등학교,Dongmyung Career and Business High School,서울특별시교육청,3390,서울특별시 은평구 통일로 793,(대조동),02-383-2628,http://dmgcab.sen.hs.kr/,02-389-5011,여,특성화고,N,전문계,,전기,주간,19210603,19210603,B10,서울특별시교육청,서울특별시,20220731,126.9228204,37.61441879
12,고등학교,사립,7011489,단국대학교부속소프트웨어고등학교,Dankook University Software High School,서울특별시교육청,6278,서울특별시 강남구 도곡로64길 21,(대치동 1013),02-2116-0115,http://dankook.sen.hs.kr,02-2116-0176,남,특성화고,N,전문계,,전기,주간,19471103,19501103,B10,서울특별시교육청,서울특별시,20220731,127.0577682,37.49561749
13,고등학교,사립,7011488,광신방송예술고등학교,KWANGSHIN BROADCASTING ARTS HIGH SCHOOL,서울특별시교육청,8847,서울특별시 관악구 광신길 141,(신림동/ 광신방송예술고등학교),02-881-8612,http://ksmedia.sen.hs.kr,02-881-8637,남여공학,특성화고,N,전문계,,전기,주간,19051010,19051010,B10,서울특별시교육청,서울특별시,20220731,126.9259406,37.4644762
14,고등학교,사립,7011487,고명외식고등학교,Komyung Food Service High School,서울특별시교육청,2828,서울특별시 성북구 북악산로 870,(돈암동),02-928-8366,http://komyung.sen.hs.kr,02-924-6059,남여공학,특성화고,N,전문계,,전기,주간,19560221,19560221,B10,서울특별시교육청,서울특별시,20220731,127.0191869,37.59767468
15,고등학교,사립,7011486,서울의료보건고등학교,Seoul Medical Healthcare High School,서울특별시교육청,4502,서울특별시 중구 만리재로37길 30,(만리동1가),02-392-6666,http://smh.sen.hs.kr,02-392-2233,여,특성화고,N,전문계,,전기,주간,19710531,19921002,B10,서울특별시교육청,서울특별시,20220731,126.9667203,37.55729809
16,고등학교,사립,7011482,영락의료과학고등학교,YOUNGNAK MEDICAL-SCIENCE HIGH SCHOOL,서울특별시교육청,8831,서울특별시 관악구 청룡16길 25,(봉천동/ 서울영락고등학교/ 영락의료과학고등학교),02-884-1004,http://youngnak-c.sen.hs.kr,02-876-2708,남여공학,특성화고,N,전문계,,전기,주간,19520610,19590409,B10,서울특별시교육청,서울특별시,20220731,126.9454164,37.47654259
17,고등학교,사립,7011457,풍문고등학교,Poongmoon High School,서울특별시교육청,6373,서울특별시 강남구 자곡로 152,(자곡동),02-3451-8800,http://poongmoon.sen.hs.kr,02-732-4536,남여공학,일반고,N,일반계,,후기,주간,19440410,19440410,B10,서울특별시교육청,서울특별시,20220731,127.0999634,37.47133617
18,고등학교,공립,7011319,금호고등학교,GeumhoHighSchool,서울특별시교육청,4727,서울특별시 성동구 금호로 118,(금호동1가),02-2022-0800,http://geumho.sen.hs.kr,02-2022-0840,남여공학,일반고,N,일반계,,전기,주간,20170301,20170522,B10,서울특별시교육청,서울특별시,20220731,127.0234338,37.5536215
19,고등학교,공립,7011318,도선고등학교,DOSUN HIGH SCHOOL,서울특별시교육청,4701,서울특별시 성동구 마장로 156,(하왕십리동),02-2292-8176,http://dosun.sen.hs.kr,02-2292-7556,남여공학,일반고,N,일반계,,전기,주간,20170301,20170524,B10,서울특별시교육청,서울특별시,20220731,127.0269957,37.56684395
20,고등학교,사립,7011316,신진과학기술고등학교,SHINJIN SCIENCE TECHNOLOGY HIGH SCHOOL,서울특별시교육청,3453,서울특별시 은평구 은평로6길 16,(응암동/학교법인신진학원),02-385-3451,http://shinjin.sen.hs.kr,02-383-3481,남여공학,특성화고,N,전문계,,전기,주간,19700130,19700316,B10,서울특별시교육청,서울특별시,20220731,126.9188364,37.59871385
21,고등학교,사립,7011315,선정국제관광고등학교,Sunjung International Tourism High School,서울특별시교육청,3327,서울특별시 은평구 서오릉로20길 19,/ 선정국제관광고등학교 (갈현동),02-3156-1600,http://sjt.sen.hs.kr,02-352-5073,남여공학,특성화고,N,전문계,,전기,주간,19941005,19500522,B10,서울특별시교육청,서울특별시,20220731,126.9090316,37.61870451
22,고등학교,사립,7011312,계성고등학교,Gyeseong High School,서울특별시교육청,2720,서울특별시 성북구 길음로 63,/ 계성고등학교 (길음동),02-728-6100,gyeseong.sen.hs.kr,02-776-7086,남여공학,일반고,N,일반계,,후기,주간,19440908,19440908,B10,서울특별시교육청,서울특별시,20220731,127.0201836,37.6074936
23,고등학교,사립,7011311,서울항공비즈니스고등학교,SEOUL AERO BUSINESS HIGH SCHOOL,서울특별시교육청,7597,서울특별시 강서구 방화대로34길 13,(방화동),02-2665-5900,http://sab.sen.hs.kr,02-2666-0065,남여공학,특성화고,N,전문계,,전기,주간,19870109,19870605,B10,서울특별시교육청,서울특별시,20220731,126.8170408,37.56921778
24,고등학교,사립,7011213,서울컨벤션고등학교,SEOUL CONVENTION HIGH SCHOOL,서울특별시교육청,5225,서울특별시 강동구 동남로 964,/ 서울컨벤션고등학교 (고덕동),02-3427-7400,http://seoul-chs.sen.hs.kr,02-3427-7711,남여공학,특성화고,N,전문계,,전기,주간,19611215,19611215,B10,서울특별시교육청,서울특별시,20220731,127.1582159,37.55928456
25,고등학교,사립,7011186,대일관광고등학교,Daeil Tourism High School,서울특별시교육청,8051,서울특별시 양천구 신정이펜1로 11,/ 대일관광고등학교 (신정동/ 대일관광고등학교),070-4377-8871,http://daeil-tour.sen.hs.kr,02-2603-7361,여,특성화고,N,전문계,,전기,주간,19800926,19800926,B10,서울특별시교육청,서울특별시,20220731,126.8349067,37.51141377
26,고등학교,사립,7011184,예림디자인고등학교,Yerim Design High School,서울특별시교육청,8248,서울특별시 구로구 오리로21길 2,(궁동/예림디자인고등학교),02-2617-2333,http://yerim.sen.hs.kr,02-2615-5415,여,특성화고,N,전문계,,전기,주간,19651205,20211205,B10,서울특별시교육청,서울특별시,20220731,126.827683,37.50035507
27,고등학교,공립,7011180,서울도시과학기술고등학교,Seoul Urban Science Technical High School,서울특별시교육청,2736,서울특별시 성북구 종암로 196,(하월곡동/서울도시과학기술고등학교),02-940-2500,http://www.sust.hs.kr,02-940-2508,남여공학,특목고,N,전문계,산업수요 맞춤형 고등학교,전기,주간,19640108,19640108,B10,서울특별시교육청,서울특별시,20220731,127.0330442,37.6078128
28,고등학교,사립,7011179,성덕고등학교,Seongdeok High School,서울특별시교육청,5306,서울특별시 강동구 구천면로 396,(천호동),02-475-4620,http://ssd.hs.kr,02-3784-6939,남여공학,일반고,N,일반계,,후기,주간,19761228,19770905,B10,서울특별시교육청,서울특별시,20220731,127.1415413,37.54985454
29,고등학교,공립,7011169,가재울고등학교,Gajaeul High School,서울특별시교육청,3709,서울특별시 서대문구 수색로 100-35,(북가좌동),02-6351-0500,http://www.gajaeul.hs.kr,02-307-6605,남여공학,일반고,N,일반계,,후기,주간,20130301,20130501,B10,서울특별시교육청,서울특별시,20220731,126.9095297,37.5743637
30,고등학교,공립,7011113,휘봉고등학교,HWIBONG High School,서울특별시교육청,2511,서울특별시 동대문구 한천로 290,(휘경동),02-2116-7211,http://hwibong.sen.hs.kr,02-2249-7121,남여공학,일반고,N,일반계,,후기,주간,20120106,20120501,B10,서울특별시교육청,서울특별시,20220731,127.0689407,37.58637236
31,고등학교,공립,7011112,잠일고등학교,Jamil High School,서울특별시교육청,5501,서울특별시 송파구 백제고분로 21,(잠실동),02-2141-2000,http://jamil.sen.hs.kr,02-414-9973,남여공학,일반고,N,일반계,,후기,주간,20120301,20120506,B10,서울특별시교육청,서울특별시,20220731,127.0823677,37.51455438
32,고등학교,공립,7011111,구암고등학교,Guahm High School,서울특별시교육청,8723,서울특별시 관악구 성현로 57,(봉천동/구암고등학교),02-879-9823,http://www.guahm.hs.kr,02-879-1981,남여공학,일반고,N,일반계,,후기,주간,20120301,20120501,B10,서울특별시교육청,서울특별시,20220731,126.9497832,37.49245985
33,고등학교,국립,7011109,서울대학교사범대학부설고등학교,Seoul National University High School,교육부,2796,서울특별시 성북구 월곡로 6,(종암동),02-913-7305,https://snu.sen.hs.kr/,02-919-5275,남여공학,일반고,N,일반계,,후기,주간,19460901,19461015,B10,서울특별시교육청,서울특별시,20220731,127.0381204,37.59472384
34,고등학교,사립,7011089,화곡보건경영고등학교,Hwagok Nursing And Business High School,서울특별시교육청,7638,서울특별시 강서구 강서로45길 70,(내발산동/ 화곡보건경영고등학교),070-8644-6300,http://www.hwagok-gii.hs.kr,02-2664-2803,여,특성화고,N,전문계,,전기,주간,19870108,19870916,B10,서울특별시교육청,서울특별시,20220731,126.8326573,37.5484056
35,고등학교,사립,7011088,영신간호비즈니스고등학교,YOUNGSHIN NURSING BUSINESSS HIGH SCHOOL,서울특별시교육청,1721,서울특별시 노원구 중계로16나길 13,/ 영신간호비즈니스고등학교 (중계동),02-951-5772,http://youngshin.sen.hs.kr,02-3391-9702,여,특성화고,N,전문계,,전기,주간,19921007,19930508,B10,서울특별시교육청,서울특별시,20220731,127.0835087,37.65254851
36,고등학교,사립,7011087,홍익디자인고등학교,Hongik Design High School,서울특별시교육청,3977,서울특별시 마포구 성미산로 111,(연남동),02-3140-1256,http://hid.sen.hs.kr,02-3140-1340,여,특성화고,N,전문계,,전기,주간,19920727,19920727,B10,서울특별시교육청,서울특별시,20220731,126.9191663,37.56351064
37,고등학교,사립,7011086,동구마케팅고등학교,DONGGOO MARKETING HIGH SCHOOL,서울특별시교육청,2834,서울특별시 성북구 성북로8길 71,/ 동구마케팅고등학교 (성북동),02-762-1301,donggoo.sen.hs.kr,02-747-6525,여,특성화고,N,전문계,,전기,주간,19420617,19420617,B10,서울특별시교육청,서울특별시,20220731,127.0082153,37.59410587
38,고등학교,사립,7011085,송곡관광고등학교,Songgok Tourism High School,서울특별시교육청,2057,서울특별시 중랑구 양원역로 67,(망우동),02-432-1837,http://www.sgi.hs.kr,02-433-2183,여,특성화고,N,전문계,,전기,주간,19970902,19970524,B10,서울특별시교육청,서울특별시,20220731,127.1051455,37.60668904
39,고등학교,사립,7011084,세그루패션디자인고등학교,Segeuru Fashion Design High School,서울특별시교육청,1375,서울특별시 도봉구 시루봉로 53,/ 세그루패션디자인고등학교 (쌍문동),02-993-0211,http://sfd.sen.hs.kr,02-998-7912,여,특성화고,N,전문계,,전기,주간,19741227,19740915,B10,서울특별시교육청,서울특별시,20220731,127.0267031,37.65627502
40,고등학교,공립,7010985,삼각산고등학교,Samgaksan High School,서울특별시교육청,1199,서울특별시 강북구 삼양로19길 40,(미아동/삼각산고등학교),02-980-2290,http://samgaksan.hs.kr,02-989-6930,남여공학,일반고,N,일반계,,후기,주간,20110301,20110301,B10,서울특별시교육청,서울특별시,20220731,127.0201079,37.61628573
41,고등학교,공립,7010984,선사고등학교,SUNSA HIGH SCHOOL,서울특별시교육청,5237,서울특별시 강동구 고덕로25길 17,/ 선사고등학교 (암사동),02-426-1749,http://www.sunsa.hs.kr,02-426-1748,남여공학,일반고,N,일반계,,후기,주간,20110301,20110501,B10,서울특별시교육청,서울특별시,20220731,127.1357756,37.55631588
42,고등학교,공립,7010983,신도고등학교,SINDO HIGH SCHOOL,서울특별시교육청,3312,서울특별시 은평구 통일로 961,(진관동),02-3157-0021,http://www.sindo.hs.kr,02-3157-0035,남여공학,일반고,N,일반계,,후기,주간,20110301,20110301,B10,서울특별시교육청,서울특별시,20220731,126.9187486,37.62913251
43,고등학교,사립,7010965,동양고등학교,Dongyang High School,서울특별시교육청,7529,서울특별시 강서구 허준로 50,(가양동/동양고등학교),02-2657-0800,http://www.dongyang.hs.kr,02-3664-9463,남,일반고,N,일반계,,후기,주간,19530519,19530519,B10,서울특별시교육청,서울특별시,20220731,126.8468888,37.56903024
44,고등학교,공립,7010964,서울금융고등학교,Seoul Finance High School,서울특별시교육청,7909,서울특별시 양천구 가로공원로61길 19,/ 서울금융고등학교 (신월동),02-2694-3710,http://www.seoulfc.hs.kr,02-2690-6754,남여공학,특성화고,N,전문계,,전기,주간,19841217,19841217,B10,서울특별시교육청,서울특별시,20220731,126.8259146,37.53765955
45,고등학교,사립,7010962,은평메디텍고등학교,Eunpyeong MediTech High School,서울특별시교육청,3306,서울특별시 은평구 진관2로 57-57,(진관동/은평메디텍고등학교),070-4020-6800,http://www.eunpyeong.hs.kr,02-357-0836,남여공학,특성화고,N,전문계,,전기,주간,19700302,19910807,B10,서울특별시교육청,서울특별시,20220731,126.9297048,37.63534652
46,고등학교,사립,7010960,서울아이티고등학교,Seoul Information Technology High School,서울특별시교육청,1773,서울특별시 노원구 섬밭로 299,(중계동/서울아이티고등학교),02-948-1901,http://www.seoulit.hs.kr,02-977-8269,남여공학,특성화고,N,전문계,,전기,주간,19921030,19921030,B10,서울특별시교육청,서울특별시,20220731,127.0624493,37.64241844
47,고등학교,공립,7010959,문현고등학교,MUNHYEON HIGH SCHOOL,서울특별시교육청,5811,서울특별시 송파구 충민로 115,(장지동),02-6951-8702,http://munhyeon.sen.hs.kr,02-3012-0880,남여공학,일반고,N,일반계,,후기,주간,20100301,20100301,B10,서울특별시교육청,서울특별시,20220731,127.1287623,37.48131355
48,고등학교,공립,7010958,강일고등학교,GANGIL HIGH SCHOOL,서울특별시교육청,5213,서울특별시 강동구 아리수로98길 40,(강일동),02-428-6200,http://www.gang-il.hs.kr,02-428-6810,남여공학,일반고,N,일반계,,후기,주간,20100301,20100404,B10,서울특별시교육청,서울특별시,20220731,127.1779035,37.5638281
49,고등학교,사립,7010918,하나고등학교,Hana Academy Seoul,서울특별시교육청,3305,서울특별시 은평구 연서로 535,/ 하나고등학교 (진관동),02-6913-1111,http://www.hana.hs.kr,02-6913-1785,남여공학,자율고,N,일반계,,전기,주간,20090821,20091031,B10,서울특별시교육청,서울특별시,20220731,126.9369302,37.64163759
50,고등학교,공립,7010917,압구정고등학교,Apgujeong High School,서울특별시교육청,6003,서울특별시 강남구 압구정로39길 20,/ 압구정고등학교 (압구정동),02-549-0214,http://www.apgujeong.hs.kr/,02-515-8610,남여공학,일반고,N,일반계,,후기,주간,19861217,19870506,B10,서울특별시교육청,서울특별시,20220731,127.0327116,37.53113395
51,고등학교,사립,7010916,상일미디어고등학교,Sangil Media High School,서울특별시교육청,5282,서울특별시 강동구 천호대로219길 61,/ 상일미디어고등학교 (상일동),02-428-0733,http://www.sangilmedia.hs.kr,02-3427-0733,남여공학,특성화고,N,전문계,,전기,주간,19831226,19841006,B10,서울특별시교육청,서울특별시,20220731,127.1708235,37.54858748
52,고등학교,사립,7010911,한세사이버보안고등학교,Hansei Cyber Security High School,서울특별시교육청,4129,서울특별시 마포구 마포대로11길 44-80,(아현동),02-362-0130,http://www.hansei.org,02-312-3996,남여공학,특성화고,N,전문계,,전기,주간,19941005,19941005,B10,서울특별시교육청,서울특별시,20220731,126.9520784,37.55179832
53,고등학교,사립,7010910,염광여자메디텍고등학교,Yumkwang Girls` Meditech High School,서울특별시교육청,1874,서울특별시 노원구 월계로45가길 9,/ 염광여자메디텍고등학교 (월계동),02-994-3104,http://www.ykm.hs.kr,02-903-2813,여,특성화고,N,전문계,,전기,주간,19680301,19680301,B10,서울특별시교육청,서울특별시,20220731,127.0492646,37.63028445
54,고등학교,사립,7010908,리라아트고등학교,Lila Art High School,서울특별시교육청,4628,서울특별시 중구 소파로2길,/ 24 (예장동/리라아트고등학교),02-775-6541,http://www.lila.hs.kr,02-319-0681,남여공학,특성화고,N,전문계,,전기,주간,19520520,19520520,B10,서울특별시교육청,서울특별시,20220731,127.05047,37.6307787
55,고등학교,사립,7010906,서울공연예술고등학교,School of Performing Arts/ Seoul,서울특별시교육청,8249,서울특별시 구로구 오리로22나길 16-26,/ 서울공연예술고등학교 (궁동),02-3281-9760,http://sopa.hs.kr,02-3281-9768,남여공학,특목고,N,일반계,예술계열,전기,주간,19660306,19661002,B10,서울특별시교육청,서울특별시,20220731,126.8326087,37.49993066
56,고등학교,공립,7010889,성동글로벌경영고등학교,Seongdong Global Business High School,서울특별시교육청,4566,서울특별시 중구 퇴계로 375,(신당동/ 성동글로벌경영고등학교),02-2252-1932,http://sdglobal.sen.hs.kr,02-2235-7150,여,특성화고,N,전문계,,전기,주간,19610303,19610303,B10,서울특별시교육청,서울특별시,20220731,127.0135246,37.56585472
57,고등학교,공립,7010888,서울문화고등학교,Seoul Culture High School,서울특별시교육청,1338,서울특별시 도봉구 마들로 598,/ 서울문화고등학교 (방학동),02-955-9100,http://seoulculture.sen.hs.kr,02-3491-7697,남여공학,특성화고,N,전문계,,전기,주간,19831226,19840507,B10,서울특별시교육청,서울특별시,20220731,127.0472858,37.66413143
58,고등학교,공립,7010887,미양고등학교,Miyang High School,서울특별시교육청,1190,서울특별시 강북구 인수봉로 39,/ 미양고등학교 (미아동),02-982-6104,http://mi-yang.hs.kr,02-982-6106,남여공학,자율고,N,일반계,,후기,주간,20090301,20090610,B10,서울특별시교육청,서울특별시,20220731,127.0121792,37.62366717
59,고등학교,공립,7010886,성수고등학교,Seongsu High School,서울특별시교육청,4768,서울특별시 성동구 서울숲길 18,/ 성수고등학교 (성수동1가),02-6913-3520,http://seongsu.sen.hs.kr,02-461-3346,남여공학,일반고,N,일반계,,후기,주간,20090301,20090301,B10,서울특별시교육청,서울특별시,20220731,127.0382534,37.54734181
60,고등학교,공립,7010885,수명고등학교,Sumyeong High School,서울특별시교육청,7635,서울특별시 강서구 수명로2길 15,/ 수명고등학교 (내발산동),02-2660-5500,http://www.sumyeong.hs.kr,02-2660-5519,남여공학,일반고,N,일반계,,후기,주간,20090301,20090504,B10,서울특별시교육청,서울특별시,20220731,126.8247662,37.54976186
61,고등학교,공립,7010884,신도림고등학교,Shindorim High School,서울특별시교육청,8200,서울특별시 구로구 경인로67길 159,(신도림동/신도림고등학교),02-2068-7979,https://shindorim.sen.hs.kr/,02-2068-7622,남여공학,일반고,N,일반계,,후기,주간,20090301,20090301,B10,서울특별시교육청,서울특별시,20220731,126.8820838,37.51406292
62,고등학교,공립,7010883,진관고등학교,Jingwan High School,서울특별시교육청,3302,서울특별시 은평구 진관4로 26,(진관동),02-358-0783,http://www.jingwan.hs.kr,02-358-0866,남여공학,일반고,N,일반계,,후기,주간,20090102,20090604,B10,서울특별시교육청,서울특별시,20220731,126.9243825,37.64333857
63,고등학교,공립,7010882,은평고등학교,Eunpyeong High School,서울특별시교육청,3429,서울특별시 은평구 갈현로15길 47,(구산동/ 은평고등학교),02-383-0872,http://ep.sen.hs.kr,02-383-0860,남여공학,일반고,N,일반계,,후기,주간,20090301,20090301,B10,서울특별시교육청,서울특별시,20220731,126.905808,37.60915205
64,고등학교,사립,7010837,성암국제무역고등학교,Seong-Am International Trade High School,서울특별시교육청,1174,서울특별시 강북구 도봉로29길 52,(미아동/ 성암국제무역고등학교),02-2179-1717,http://seongam.sen.hs.kr,02-985-5399,여,특성화고,N,전문계,,전기,주간,19600219,19601001,B10,서울특별시교육청,서울특별시,20220731,127.0239059,37.62041353
65,고등학교,공립,7010836,서울방송고등학교,Seoul Broadcasting High School,서울특별시교육청,4731,서울특별시 성동구 동호로5길 131,(옥수동),02-2281-0091,https://seb.sen.hs.kr,02-2281-0095,남여공학,특성화고,N,전문계,,전기,주간,19911030,19911030,B10,서울특별시교육청,서울특별시,20220731,127.0110373,37.54777448
66,고등학교,사립,7010835,경복비즈니스고등학교,Kyungbok Business High School,서울특별시교육청,7589,서울특별시 강서구 화곡로 379,(등촌동),02-3661-3425,http://www.kbb.hs.kr,02-3661-8372,여,특성화고,N,전문계,,전기,주간,19721002,19721002,B10,서울특별시교육청,서울특별시,20220731,126.8526703,37.55809726
67,고등학교,사립,7010833,대동세무고등학교,Daedong Taxation High School,서울특별시교육청,3057,서울특별시 종로구 계동길 84-10,(계동),02-763-1631,http://daedong.sen.hs.kr,02-763-1632,남여공학,특성화고,N,전문계,,전기,주간,19250418,19250418,B10,서울특별시교육청,서울특별시,20220731,126.9879513,37.58158273
68,고등학교,공립,7010828,한강미디어고등학교,Hangang Media High School,서울특별시교육청,7206,서울특별시 영등포구 선유로55길 22,(양평동4가/한강미디어고등학교),02-2671-1448,http://www.hangang-ech.hs.kr,02-2635-6399,남여공학,특성화고,N,전문계,,전기,주간,19950110,19950110,B10,서울특별시교육청,서울특별시,20220731,126.897109,37.53930105
69,고등학교,공립,7010827,구현고등학교,Guhyun High School,서울특별시교육청,8217,서울특별시 구로구 경인로53가길 17,(구로동),02-2628-8916,http://www.guhyun.hs.kr,02-2628-8915,남여공학,자율고,N,일반계,,후기,주간,20080301,20080301,B10,서울특별시교육청,서울특별시,20220731,126.8744182,37.50228322
70,고등학교,사립,7010818,해성여자고등학교,Haesung Girls’ High School,서울특별시교육청,2505,서울특별시 동대문구 전농로20길 31,(전농동/해성여자고등학교),02-2244-5318,http://haesung-g.hs.kr,070-8769-9458,여,일반고,N,일반계,,후기,주간,20080301,20080301,B10,서울특별시교육청,서울특별시,20220731,127.0569769,37.5818726
71,고등학교,공립,7010817,서울국제고등학교,Seoul Global High School,서울특별시교육청,3066,서울특별시 종로구 성균관로13길 40,/ 서울국제고 (명륜1가),02-743-9385,http://sghs.sen.hs.kr,02-743-9409,남여공학,특목고,N,일반계,국제계열,전기,주간,20070719,20080507,B10,서울특별시교육청,서울특별시,20220731,126.9954907,37.59179115
72,고등학교,공립,7010816,세종과학고등학교,Sejong Science High School,서울특별시교육청,8258,서울특별시 구로구 오리로21길 79,(궁동),02-2060-4133,http://www.sjsh.hs.kr,02-2060-4144,남여공학,특목고,N,일반계,과학계열,전기,주간,20080301,20080415,B10,서울특별시교육청,서울특별시,20220731,126.8273517,37.4975694
73,고등학교,사립,7010813,보인고등학교,Boin High School,서울특별시교육청,5742,서울특별시 송파구 오금로49길 18,/ 보인고등학교 (오금동),02-2043-6021,http://www.boin.hs.kr,02-449-8063,남,자율고,N,일반계,,전기,주간,19080608,19080608,B10,서울특별시교육청,서울특별시,20220731,127.1395178,37.4975692
74,고등학교,사립,7010811,해성국제컨벤션고등학교,HAESUNG INTERNATIONAL CONVENTION HIGH SCHOOL,서울특별시교육청,2505,서울특별시 동대문구 전농로20길 31,/ 해성국제컨벤션고등학교 (전농동),070-8786-1300,http://www.haesung.hs.kr,02-2214-1958,여,특성화고,N,전문계,,전기,주간,19560328,19610404,B10,서울특별시교육청,서울특별시,20220731,127.0569769,37.5818726
75,고등학교,사립,7010810,예일디자인고등학교,Yale Design High School,서울특별시교육청,3412,서울특별시 은평구 연서로 117,/ 예일디자인고등학교 (구산동),02-380-0855,http://yaledesign.sen.hs.kr,02-380-0880,여,특성화고,N,전문계,,전기,주간,19930926,19930926,B10,서울특별시교육청,서울특별시,20220731,126.9147928,37.6109459
76,고등학교,공립,7010809,서울전자고등학교,Seoul Electronics High School,서울특별시교육청,6761,서울특별시 서초구 과천대로 852-23,(방배동),02-6011-4100,http://e-seoul.sen.hs.kr,02-597-9693,남여공학,특성화고,N,전문계,,전기,주간,19940105,19940506,B10,서울특별시교육청,서울특별시,20220731,126.9882459,37.46949097
77,고등학교,공립,7010808,덕수고등학교,Duksoo High School,서울특별시교육청,4764,서울특별시 성동구 왕십리로 199,(행당동),02-2292-5707,http://duksoo.sen.hs.kr,02-2299-0703,남여공학,특성화고,N,전문계,,전기,주간,19100413,19100413,B10,서울특별시교육청,서울특별시,20220731,127.0411418,37.55526422
78,고등학교,공립,7010806,상암고등학교,Sang-am High School,서울특별시교육청,3903,서울특별시 마포구 월드컵북로 445,(상암동),02-373-0041,http://www.sangam.hs.kr,02-373-0068,남여공학,자율고,N,일반계,,후기,주간,20070104,20070510,B10,서울특별시교육청,서울특별시,20220731,126.8833945,37.58134141
79,고등학교,공립,7010805,원묵고등학교,Wonmook High School,서울특별시교육청,2041,서울특별시 중랑구 숙선옹주로 82,/ 원묵고등학교 (묵동),02-3422-3573,http://wonmook.hs.kr,02-3422-2578,남여공학,자율고,N,일반계,,후기,주간,20031219,20070531,B10,서울특별시교육청,서울특별시,20220731,127.0855078,37.61523231
80,고등학교,사립,7010797,고려대학교사범대학부속고등학교,Korea University High School,서울특별시교육청,2708,서울특별시 성북구 정릉로 161,/ 고려대학교사범대학부속고등학교 (정릉동),02-914-7483,http://koreahi.hs.kr,02-942-0732,남,일반고,N,일반계,,후기,주간,19680311,19680311,B10,서울특별시교육청,서울특별시,20220731,127.0028302,37.60783857
81,고등학교,사립,7010795,서울영상고등학교,Seoul Visual Media High School,서울특별시교육청,8021,서울특별시 양천구 목동로11길 46,/ 서울영상고등학교 (신정동),02-2602-7121,youngsang.hs.kr,02-2606-1804,남여공학,특성화고,N,전문계,,전기,주간,19611208,19611208,B10,서울특별시교육청,서울특별시,20220731,126.8602935,37.52330444
82,고등학교,사립,7010793,한양대학교사범대학부속고등학교,Hanyang High School Attached to the College of Education/ Hanyang University,서울특별시교육청,4761,서울특별시 성동구 마조로 42,(사근동),02-2200-3520,http://www.hanyang-u.hs.kr/,02-2298-3173,남여공학,자율고,N,일반계,,전기,주간,19600515,19600515,B10,서울특별시교육청,서울특별시,20220731,127.042324,37.56191884
83,고등학교,공립,7010766,효문고등학교,Hyomun High School,서울특별시교육청,1372,서울특별시 도봉구 우이천로 432,(쌍문동/효문중 고등학교),02-992-0778,http://hyomun.sen.hs.kr,02-992-0528,남여공학,일반고,N,일반계,,후기,주간,20051229,20060605,B10,서울특별시교육청,서울특별시,20220731,127.0184005,37.65269871
84,고등학교,공립,7010765,신서고등학교,Sinseo High School,서울특별시교육청,8021,서울특별시 양천구 은행정로 42,/ 신서고등학교 (신정동),02-2690-0400,http://sinseo.sen.hs.kr,02-2690-2227,남여공학,일반고,N,일반계,,후기,주간,20060105,20060525,B10,서울특별시교육청,서울특별시,20220731,126.8602096,37.52391432
85,고등학교,공립,7010764,세현고등학교,Se Hyun High School,서울특별시교육청,7531,서울특별시 강서구 허준로 227,/ 세현고등학교 (가양동),02-3663-1495,http://sehyun.hs.kr,02-3663-1056,남여공학,일반고,N,일반계,,후기,주간,20060301,20060506,B10,서울특별시교육청,서울특별시,20220731,126.8636211,37.56043066
86,고등학교,사립,7010747,이화여자대학교병설미디어고등학교,Ewha Media High School,서울특별시교육청,2061,서울특별시 중랑구 망우로73길 56,/ 02061 (망우동),02-2209-0146,https://ewhamedia.sen.hs.kr,02-438-1549,여,특성화고,N,전문계,,전기,주간,19690110,19690918,B10,서울특별시교육청,서울특별시,20220731,127.1053324,37.6031324
87,고등학교,사립,7010746,동국대학교사범대학부속여자고등학교,Girls High School Attached To College Of Education/ Dongguk University,서울특별시교육청,5038,서울특별시 광진구 광나루로36길 47,/ 동국대부속여고 (구의동),02-2049-1577,http://donggukgirls.hs.kr,02-2049-1588,여,일반고,N,일반계,,후기,주간,19300620,19300620,B10,서울특별시교육청,서울특별시,20220731,127.0869731,37.54192936
88,고등학교,사립,7010744,목동고등학교,Mokdong High School,서울특별시교육청,8099,서울특별시 양천구 목동동로2길 68,/ 목동고등학교 (신정동),02-2652-1701,https://mokdong.sen.hs.kr/,02-2652-9229,여,일반고,N,일반계,,후기,주간,19891208,19900914,B10,서울특별시교육청,서울특별시,20220731,126.8601984,37.50921598
89,고등학교,사립,7010741,서울디자인고등학교,Seoul Design High School,서울특별시교육청,4140,서울특별시 마포구 백범로 139,/ 서울디자인고등학교 (염리동),02-715-2261,http://www.seodi.hs.kr,02-716-6967,남여공학,특성화고,N,전문계,,전기,주간,19550112,19550112,B10,서울특별시교육청,서울특별시,20220731,126.9469053,37.54670177
90,고등학교,사립,7010740,대진디자인고등학교,Daejin Design High School,서울특별시교육청,6352,서울특별시 강남구 광평로39길 93,(수서동/대진디자인고등학교),02-2226-8418,http://www.daejindesign.hs.kr,02-2226-4863,남여공학,특성화고,N,전문계,,전기,주간,19940325,19950302,B10,서울특별시교육청,서울특별시,20220731,127.0959793,37.49042815
91,고등학교,사립,7010739,서울관광고등학교,Seoul Tourism High School,서울특별시교육청,8714,서울특별시 관악구 은천로15길 25,(봉천동/서울관광고등학교),02-886-9165,http://seoul-tour.sen.hs.kr,02-872-9170,남여공학,특성화고,N,전문계,,전기,주간,19780315,19780315,B10,서울특별시교육청,서울특별시,20220731,126.9437608,37.48781542
92,고등학교,공립,7010738,서울로봇고등학교,Seoul Robotics High School,서울특별시교육청,6363,서울특별시 강남구 광평로20길 63,/ 서울로봇고등학교 (일원동),02-2226-2141,http://srobot.sen.hs.kr,02-2226-5346,남여공학,특목고,N,전문계,산업수요 맞춤형 고등학교,전기,주간,19940104,19940104,B10,서울특별시교육청,서울특별시,20220731,127.0841549,37.48074142
93,고등학교,공립,7010737,성동공업고등학교,Seongdong Technical High School,서울특별시교육청,4571,서울특별시 중구 다산로 290,(흥인동),070-8685-7600,http://www.sdth.hs.kr,02-2234-1950,남여공학,특성화고,N,전문계,,전기,주간,19440401,19440401,B10,서울특별시교육청,서울특별시,20220731,127.0172817,37.56936315
94,고등학교,공립,7010736,불암고등학교,Buram High School,서울특별시교육청,1736,서울특별시 노원구 중계로 155,(중계동),02-936-7500,http://www.buram.hs.kr,02-936-9100,남여공학,일반고,N,일반계,,후기,주간,20050301,20050301,B10,서울특별시교육청,서울특별시,20220731,127.0803058,37.64915853
95,고등학교,공립,7010735,월계고등학교,Wolgye High School,서울특별시교육청,1874,서울특별시 노원구 초안산로5길 66,(월계동/월계고등학교),02-908-0062,http://wg.hs.kr,02-908-0260,남여공학,일반고,N,일반계,,후기,주간,20050105,20050301,B10,서울특별시교육청,서울특별시,20220731,127.0487159,37.63173301
96,고등학교,공립,7010734,선유고등학교,Seonyoo High School,서울특별시교육청,7209,서울특별시 영등포구 선유로 227,/ 선유고등학교 (양평동4가),02-2069-0036,http://seonyoo.sen.hs.kr,02-2069-2626,남여공학,일반고,N,일반계,,후기,주간,20050105,20050526,B10,서울특별시교육청,서울특별시,20220731,126.8948507,37.53390162
97,고등학교,사립,7010721,서서울생활과학고등학교,Seoseoul Life Science High School,서울특별시교육청,8248,서울특별시 구로구 오리로 1355-10,/ 서서울생활과학고등학교 (궁동),02-2613-5272,http://ssls.sen.hs.kr,02-2612-0554,남여공학,특성화고,N,전문계,,전기,주간,19720305,19720331,B10,서울특별시교육청,서울특별시,20220731,126.82826,37.50382919
98,고등학교,사립,7010712,영동일고등학교,Youngdongil High School,서울특별시교육청,5555,서울특별시 송파구 석촌호수로 93,/ 영동일고등학교 (잠실동),02-430-6822,http://www.ydi.hs.kr,02-430-3595,남여공학,일반고,N,일반계,,후기,주간,19771230,19780324,B10,서울특별시교육청,서울특별시,20220731,127.0894437,37.50997465
99,고등학교,공립,7010703,자운고등학교,Jawoon High School,서울특별시교육청,1412,서울특별시 도봉구 노해로69길 150,(창동),02-998-2929,http://jawoon.sen.hs.kr,02-998-2942,남여공학,일반고,N,일반계,,후기,주간,20020527,20040423,B10,서울특별시교육청,서울특별시,20220731,127.0506907,37.65904641
100,고등학교,공립,7010702,신현고등학교,Shinhyeon High School,서울특별시교육청,2075,서울특별시 중랑구 봉화산로 174,/ 신현고등학교 (상봉동),02-3422-2713,http://shinhyeon.sen.hs.kr,02-3422-2716,남여공학,일반고,N,일반계,,후기,주간,20040301,20040429,B10,서울특별시교육청,서울특별시,20220731,127.0929499,37.60524904
101,고등학교,공립,7010701,문정고등학교,Munjeong High School,서울특별시교육청,5809,서울특별시 송파구 송이로34길 62,(문정동/문정고등학교),02-406-0061,http://mj.sen.hs.kr,02-406-6756,남여공학,일반고,N,일반계,,후기,주간,20071101,20080422,B10,서울특별시교육청,서울특별시,20220731,127.1266921,37.4851785
102,고등학교,공립,7010700,등촌고등학교,Deung Chon High School,서울특별시교육청,7580,서울특별시 강서구 공항대로39길 115,/ 등촌고등학교 (등촌동),02-3665-6045,http://www.dch.hs.kr,02-3665-6047,남여공학,자율고,N,일반계,,후기,주간,20040301,20040301,B10,서울특별시교육청,서울특별시,20220731,126.8450461,37.56294522
103,고등학교,공립,7010699,도봉고등학교,Dobong High School,서울특별시교육청,1302,서울특별시 도봉구 도봉산길 27,(도봉동/도봉고등학교),02-3491-4283,http://db2004.hs.kr,02-3491-4287,남여공학,일반고,N,일반계,,후기,주간,20031230,20040504,B10,서울특별시교육청,서울특별시,20220731,127.0425784,37.68675501
104,고등학교,공립,7010698,경일고등학교,Kyungil High School,서울특별시교육청,4779,서울특별시 성동구 성수일로 27,/ 경일고등학교 (성수동1가),02-463-3520,http://kyungil.sen.hs.kr,02-463-4072,남여공학,자율고,N,일반계,,후기,주간,20040506,20040506,B10,서울특별시교육청,서울특별시,20220731,127.0478683,37.54382982
105,고등학교,사립,7010697,서울문영여자고등학교,Seoul Moonyoung Girls` High School,서울특별시교육청,8833,서울특별시 관악구 관악로 85,/ 서울문영여자고등학교 (봉천동),02-873-3622,http://www.moonyoung.seoul.kr,02-873-3625,여,일반고,N,일반계,,후기,주간,19911107,19911107,B10,서울특별시교육청,서울특별시,20220731,126.9509181,37.47290457
106,고등학교,사립,7010594,염광고등학교,Yumkwang High School,서울특별시교육청,1874,서울특별시 노원구 월계로45가길 9,(월계동),02-905-4221,http://yumkwang.hs.kr,02-994-0122,남여공학,일반고,N,일반계,,후기,주간,19821019,19830302,B10,서울특별시교육청,서울특별시,20220731,127.0492646,37.63028445
107,고등학교,사립,7010593,상명고등학교,Sangmyung High School,서울특별시교육청,1758,서울특별시 노원구 덕릉로 553,(중계동),02-971-6211,http://www.sangmyung.hs.kr,02-971-6216,남여공학,일반고,N,일반계,,후기,주간,19371201,19370517,B10,서울특별시교육청,서울특별시,20220731,127.0677013,37.64954079
108,고등학교,사립,7010591,미래산업과학고등학교,Mirae High School of Science and Technology,서울특별시교육청,1717,서울특별시 노원구 덕릉로82길 54,(중계동),02-933-7671,http://www.mist.hs.kr,02-933-7855,남여공학,특성화고,N,전문계,,전기,주간,19940301,19940323,B10,서울특별시교육청,서울특별시,20220731,127.0784407,37.65877948
109,고등학교,공립,7010590,방산고등학교,Bangsan High School,서울특별시교육청,5645,서울특별시 송파구 오금로27길 18,(방이동),02-418-2602,http://bangsan.sen.hs.kr,02-418-9963,남여공학,일반고,N,일반계,,후기,주간,20030301,20030930,B10,서울특별시교육청,서울특별시,20220731,127.1204696,37.50839952
110,고등학교,공립,7010589,누원고등학교,Noowon High School,서울특별시교육청,1318,서울특별시 도봉구 마들로 849,/ 누원고등학교 (도봉동),02-3492-7595,http://www.noowon.hs.kr,02-3492-7598,남여공학,일반고,N,일반계,,후기,주간,20030106,20030506,B10,서울특별시교육청,서울특별시,20220731,127.0499327,37.68556896
111,고등학교,사립,7010572,서울디지텍고등학교,Seoul Digitech High School,서울특별시교육청,4346,서울특별시 용산구 회나무로12길 27,(이태원동),02-798-3641,http://www.sdh.hs.kr,02-794-0822,남여공학,특성화고,N,전문계,,전기,주야간,19751004,19751004,B10,서울특별시교육청,서울특별시,20220731,126.9906177,37.53896942
112,고등학교,사립,7010569,미림여자정보과학고등학교,Mirim Girls’ Information Science High School,서울특별시교육청,8821,서울특별시 관악구 호암로 546,(신림동),02-872-4071,http://www.e-mirim.hs.kr,02-887-0856,여,특목고,N,전문계,산업수요 맞춤형 고등학교,전기,주간,19910301,19910531,B10,서울특별시교육청,서울특별시,20220731,126.9319279,37.4661018
113,고등학교,공립,7010564,노원고등학교,Nowon High School,서울특별시교육청,1675,서울특별시 노원구 노원로 586,(상계동),02-937-0078,http://www.nowon.hs.kr,02-951-4607,남여공학,일반고,N,일반계,,후기,주간,19881223,19890427,B10,서울특별시교육청,서울특별시,20220731,127.0540195,37.66180319
114,고등학교,공립,7010563,경인고등학교,Kyeongin High School,서울특별시교육청,8275,서울특별시 구로구 경인로46길 31,/ 경인고등학교 (고척동),02-2618-3043,http://kyeongin.sen.hs.kr,02-2618-3093,남여공학,일반고,N,일반계,,후기,주간,20020301,20020516,B10,서울특별시교육청,서울특별시,20220731,126.8654289,37.49599268
115,고등학교,공립,7010562,창동고등학교,Changdong High School,서울특별시교육청,1483,서울특별시 도봉구 노해로62길 7,(창동/ 창동고등학교),02-3146-0600,http://changdong.sen.hs.kr,02-994-7622,남여공학,일반고,N,일반계,,후기,주간,20020301,20020301,B10,서울특별시교육청,서울특별시,20220731,127.0388191,37.65103577
116,고등학교,공립,7010560,독산고등학교,Doksan High School,서울특별시교육청,8551,서울특별시 금천구 문성로 64,/ 독산고등학교 (독산동),02-857-6248,http://doksan.sen.hs.kr,02-857-6247,남여공학,일반고,N,일반계,,후기,주간,20011231,20020504,B10,서울특별시교육청,서울특별시,20220731,126.9109396,37.47621872
117,고등학교,공립,7010559,수락고등학교,Surak High School,서울특별시교육청,1602,서울특별시 노원구 동일로245길 143,(상계동/수락고등학교),070-8677-2100,http://surak.sen.hs.kr,02-935-1460,남여공학,자율고,N,일반계,,후기,주간,20020301,20020426,B10,서울특별시교육청,서울특별시,20220731,127.053571,37.68290777
118,고등학교,사립,7010552,청원여자고등학교,Cheongwon Girls’ High School,서울특별시교육청,1672,서울특별시 노원구 한글비석로 506,/ 청원여자고등학교 (상계동/청원초/중/고등학교),02-3399-7811,http://www.cheongwon-gh.hs.kr,02-3399-7842,여,일반고,N,일반계,,후기,주간,20010301,20010510,B10,서울특별시교육청,서울특별시,20220731,127.0625329,37.66525155
119,고등학교,사립,7010547,이화여자대학교사범대학부속이화금란고등학교,Ewha Womans University High School,서울특별시교육청,3759,서울특별시 서대문구 성산로 560,/ 이대부속고등학교 (대신동),02-361-6200,http://edaebugo.sen.hs.kr,02-313-5602,남여공학,자율고,N,일반계,,전기,주간,19580215,19580401,B10,서울특별시교육청,서울특별시,20220731,126.9473557,37.56638886
120,고등학교,사립,7010544,오류고등학교,Oryu High School,서울특별시교육청,8248,서울특별시 구로구 오리로21길 2,(궁동/ 오류고등학교),02-2684-2300,http://oryu.hs.kr,02-2685-5980,여,일반고,N,일반계,,후기,주간,19991127,19991127,B10,서울특별시교육청,서울특별시,20220731,126.827683,37.50035507
121,고등학교,사립,7010537,세명컴퓨터고등학교,Semyeong Computer High School,서울특별시교육청,3337,서울특별시 은평구 통일로92가길 33,/ 세명컴퓨터고등학교 (불광동),02-354-1323,http://www.smc.hs.kr,02-388-1381,남여공학,특성화고,N,전문계,,전기,주간,19740429,19740429,B10,서울특별시교육청,서울특별시,20220731,126.9235455,37.62784757
122,고등학교,공립,7010536,선린인터넷고등학교,Sunrin Internet High School,서울특별시교육청,4314,서울특별시 용산구 원효로97길 33-4,(청파동3가),02-713-6211,http://sunrint.sen.hs.kr,02-704-0960,남여공학,특성화고,N,전문계,,전기,주간,18990624,18990624,B10,서울특별시교육청,서울특별시,20220731,126.9660387,37.54276984
123,고등학교,사립,7010377,한양공업고등학교,Hanyang Technical High School,서울특별시교육청,4566,서울특별시 중구 을지로 299,(신당동),02-2238-5181,http://www.hanyang.hs.kr,02-2235-3154,남,특성화고,N,전문계,,전기,주간,19450901,19450901,B10,서울특별시교육청,서울특별시,20220731,127.0114433,37.5658716
124,고등학교,사립,7010372,정화여자상업고등학교,Jeonghwa Girls’ Commercial High School,서울특별시교육청,2480,서울특별시 동대문구 홍릉로15길 50,(제기동)정화여자상업고등학교,02-966-9333,http://jeonghwa.sen.hs.kr,02-965-9155,여,특성화고,N,전문계,,전기,주간,19080901,19080901,B10,서울특별시교육청,서울특별시,20220731,127.0410703,37.58604864
125,고등학교,사립,7010370,일신여자상업고등학교,ILSHIN Girls’ Commercial High School,서울특별시교육청,5676,서울특별시 송파구 송파대로38길 8,(송파동/일신여자상업고등학교),02-2140-8223,http://ilshin.sen.hs.kr,02-2140-8224,여,특성화고,N,전문계,,전기,주간,19560316,19580406,B10,서울특별시교육청,서울특별시,20220731,127.1142413,37.50179413
126,고등학교,사립,7010365,유한공업고등학교,Yuhan Technical High School,서울특별시교육청,8360,서울특별시 구로구 경인로 8,(항동),02-2610-0993,http://yuhan.sen.hs.kr,02-2618-1868,남여공학,특성화고,N,전문계,,전기,주간,19641229,19641229,B10,서울특별시교육청,서울특별시,20220731,126.8232907,37.4879766
127,고등학교,사립,7010356,영등포공업고등학교,YeongDeungPo Technical High School,서울특별시교육청,7524,서울특별시 강서구 허준로5길 15,(가양동),02-2659-2981,https://younggong.sen.hs.kr,02-2659-2986,남,특성화고,N,전문계,,전기,주간,19530409,19530409,B10,서울특별시교육청,서울특별시,20220731,126.8500283,37.56983562
128,고등학교,사립,7010346,수도전기공업고등학교,Sudo Electric Technical High School,서울특별시교육청,6324,서울특별시 강남구 개포로 410,/ 수도전기공업고등학교 (개포동),070-4673-9800,http://www.sudo.hs.kr,02-529-6381,남여공학,특목고,N,전문계,산업수요 맞춤형 고등학교,전기,주간,19240301,19240302,B10,서울특별시교육청,서울특별시,20220731,127.0644787,37.48493754
129,고등학교,사립,7010340,서울여자상업고등학교,Seoul Girls’ Commercial High School,서울특별시교육청,8833,서울특별시 관악구 관악로 85,(봉천동/서울여자상업고등학교),02-873-3613,http://sys.sen.hs.kr,02-873-3620,여,특성화고,N,전문계,,전기,주간,19260929,19260929,B10,서울특별시교육청,서울특별시,20220731,126.9509181,37.47290457
130,고등학교,사립,7010317,덕일전자공업고등학교,Deogil Electronic Technical High School,서울특별시교육청,8357,서울특별시 구로구 서해안로21길 5-12,(오류동),02-2613-2762,http://di.sen.hs.kr,02-2681-0528,남여공학,특성화고,N,전문계,,전기,주간,19941005,19941005,B10,서울특별시교육청,서울특별시,20220731,126.8371345,37.49053652
131,고등학교,공립,7010292,휘경공업고등학교,Hwigyeong Technical High School,서울특별시교육청,2511,서울특별시 동대문구 겸재로 21,/ 휘경공업고등학교 (휘경동),02-2216-3643,http://hgt.sen.hs.kr,02-2216-3646,남여공학,특성화고,N,전문계,,전기,주간,19971220,19980702,B10,서울특별시교육청,서울특별시,20220731,127.0694509,37.58515301
132,고등학교,공립,7010288,성수공업고등학교,Seongsu Technical High School,서울특별시교육청,4780,서울특별시 성동구 뚝섬로 365,(성수동2가/성수공업고등학교),02-3409-0944,http://sungsu.sen.hs.kr,02-3409-0945,남여공학,특성화고,N,전문계,,전기,주간,19980301,19980605,B10,서울특별시교육청,서울특별시,20220731,127.0509602,37.54056943
133,고등학교,공립,7010278,서울공업고등학교,Seoul Technical High School,서울특별시교육청,6955,서울특별시 동작구 대방동1길 46,/ 서울공업고등학교 (대방동),02-2082-1810,http://seoul-th.sen.hs.kr,02-825-2030,남여공학,특성화고,Y,전문계,,전기,주간,18990505,18990505,B10,서울특별시교육청,서울특별시,20220731,126.922363,37.50190126
134,고등학교,공립,7010272,경기상업고등학교,Gyeonggi Commercial High School,서울특별시교육청,3047,서울특별시 종로구 자하문로 136,(청운동),02-737-6490,http://ggc.sen.hs.kr,02-722-0504,남여공학,특성화고,N,전문계,,전기,주간,19230206,19230514,B10,서울특별시교육청,서울특별시,20220731,126.9700571,37.58925853
135,고등학교,공립,7010271,경기기계공업고등학교,Gyeonggi Mechanical Technical High School,서울특별시교육청,1810,서울특별시 노원구 공릉로 264,(하계동),02-2289-1600,http://www.ggmt.hs.kr,02-978-4327,남여공학,특성화고,N,전문계,,전기,주간,19570215,19570215,B10,서울특별시교육청,서울특별시,20220731,127.0749285,37.63224005
136,고등학교,공립,7010270,강서공업고등학교,Gangseo Technical High School,서울특별시교육청,7514,서울특별시 강서구 방화대로47길 9,(방화동/강서공업고등학교),02-2666-2106,https://gangseo-th.sen.hs.kr/,02-2666-2161,남여공학,특성화고,N,전문계,,전기,주간,19940105,19940105,B10,서울특별시교육청,서울특별시,20220731,126.8161817,37.57603409
137,고등학교,사립,7010268,휘문고등학교,Whimoon High School,서울특별시교육청,6183,서울특별시 강남구 역삼로 541,(대치동),02-500-9500,http://whimoon.hs.kr/,02-568-7079,남,자율고,N,일반계,,전기,주간,19060501,19060501,B10,서울특별시교육청,서울특별시,20220731,127.0619939,37.50528945
138,고등학교,사립,7010267,휘경여자고등학교,Hwikyung Girls` High School,서울특별시교육청,2503,서울특별시 동대문구 한천로 247,(휘경동/휘경여자고등학교),02-2245-2307,http://hwikyung.sen.hs.kr,02-2213-2803,여,일반고,N,일반계,,후기,주간,19750303,19750519,B10,서울특별시교육청,서울특별시,20220731,127.0674341,37.58190052
139,고등학교,사립,7010266,환일고등학교,Hwanil High School,서울특별시교육청,4500,서울특별시 중구 환일길 47,(만리동2가),02-390-7113,http://hwanil.hs.kr,02-363-5200,남,일반고,N,일반계,,후기,주간,19470624,19470624,B10,서울특별시교육청,서울특별시,20220731,126.9625884,37.55375593
140,고등학교,사립,7010265,화곡고등학교,Hwagok High School,서울특별시교육청,7640,서울특별시 강서구 강서로45길 69,/ 화곡고등학교 (내발산동),070-8277-2900,http://hwagok.sen.hs.kr,02-2662-1825,남,일반고,N,일반계,,후기,주간,19780130,19780130,B10,서울특별시교육청,서울특별시,20220731,126.8315357,37.54793611
141,고등학교,사립,7010264,홍익대학교사범대학부속여자고등학교,Hongik University Girls` High School,서울특별시교육청,3967,서울특별시 마포구 성미산로 51,(성산동/ 여자고등학교),02-331-7584,http://hongik68.sen.hs.kr,02-331-7300,여,일반고,N,일반계,,후기,주간,19671229,19680312,B10,서울특별시교육청,서울특별시,20220731,126.9129287,37.55966516
142,고등학교,사립,7010263,홍익대학교사범대학부속고등학교,HONGIK University High School,서울특별시교육청,2835,서울특별시 성북구 성북로14가길 23,(성북동/홍익대학교부속중고등학교),02-762-0826,hongik.sen.hs.kr,02-765-4549,남,일반고,N,일반계,,후기,주간,19540304,19540412,B10,서울특별시교육청,서울특별시,20220731,127.002805,37.59366662
143,고등학교,사립,7010262,혜원여자고등학교,Hyewon Girls’ High School,서울특별시교육청,2174,서울특별시 중랑구 봉우재로58길 39,(망우동),02-434-5946,http://hyewon.sen.hs.kr,02-437-6687,여,일반고,N,일반계,,후기,주간,19721226,19730305,B10,서울특별시교육청,서울특별시,20220731,127.0970427,37.59327987
144,고등학교,사립,7010261,혜성여자고등학교,Hyesung Girls’ High School,서울특별시교육청,1749,서울특별시 노원구 노원로16길 2,(하계동),02-972-4040,http://www.hyesung.hs.kr,02-972-0992,여,일반고,N,일반계,,후기,주간,19821130,19821010,B10,서울특별시교육청,서울특별시,20220731,127.0736197,37.64055021
145,고등학교,사립,7010260,현대고등학교,Hyundai Senior High School,서울특별시교육청,6000,서울특별시 강남구 압구정로 127,(압구정동/ 현대고등학교),02-546-6323,http://www.hyundai.hs.kr,02-514-3106,남여공학,자율고,N,일반계,,전기,주간,19841217,19850429,B10,서울특별시교육청,서울특별시,20220731,127.0223773,37.5254805
146,고등학교,사립,7010259,한영외국어고등학교,Hanyoung Foreign Language High School,서울특별시교육청,5279,서울특별시 강동구 동남로 832,(상일동),02-6954-1703,http://hyfl.sen.hs.kr,02-429-0360,남여공학,특목고,N,일반계,외국어계열,전기,주간,19900301,19900418,B10,서울특별시교육청,서울특별시,20220731,127.1569276,37.54908447
147,고등학교,사립,7010258,한영고등학교,Hanyoung High School,서울특별시교육청,5279,서울특별시 강동구 동남로 832,(상일동/ 한영고등학교),02-6954-1504,http://hanyoung.hs.kr,02-6954-1244,남여공학,일반고,N,일반계,,후기,주간,19330418,19330418,B10,서울특별시교육청,서울특별시,20220731,127.1569276,37.54908447
148,고등학교,사립,7010255,한성여자고등학교,Hansung Girls’ High School,서울특별시교육청,2876,서울특별시 성북구 삼선교로16길 117,/ 한성여자고등학교 (삼선동2가),02-742-2845,http://www.hansung-g.sen.hs.kr,02-743-8182,여,일반고,N,일반계,,후기,주간,19451005,19451005,B10,서울특별시교육청,서울특별시,20220731,127.0117427,37.5830649
149,고등학교,사립,7010254,한성고등학교,Hanseong High School,서울특별시교육청,3771,서울특별시 서대문구 북아현로1길 24,(북아현동),02-363-4943,http://hanseong.sen.hs.kr,02-364-6926,남,일반고,N,일반계,,후기,주간,19280925,19280925,B10,서울특별시교육청,서울특별시,20220731,126.9544565,37.55909644
150,고등학교,사립,7010253,한서고등학교,Hanseo High School,서울특별시교육청,7507,서울특별시 강서구 양천로11길 47,(방화동),02-2662-0021,http://hanseo.hs.kr,02-2664-0028,남여공학,일반고,N,일반계,,후기,주간,19840217,19850311,B10,서울특별시교육청,서울특별시,20220731,126.8081439,37.5747927
151,고등학교,사립,7010252,한국삼육고등학교,Hankook Sahmyook High School,서울특별시교육청,1795,서울특별시 노원구 화랑로 815,(공릉동),02-6395-3636,https://sahmyook.sen.hs.kr,02-971-8029,남여공학,일반고,N,일반계,,후기,주간,19491113,19491113,B10,서울특별시교육청,서울특별시,20220731,127.1088503,37.64335737
152,고등학교,사립,7010251,한광고등학교,Hankwang High School,서울특별시교육청,7732,서울특별시 강서구 등촌로13길 110,(화곡동),070-7458-1003,www.hankwang.hs.kr,02-2652-4529,남여공학,일반고,N,일반계,,후기,주간,19870119,19870119,B10,서울특별시교육청,서울특별시,20220731,126.8579393,37.53884371
153,고등학교,사립,7010250,한가람고등학교,Hangaram High School,서울특별시교육청,7984,서울특별시 양천구 목동서로 15,(목동),02-2642-3862,http://www.hangaram.hs.kr,02-2642-3865,남여공학,자율고,N,일반계,,전기,주간,19961210,19961210,B10,서울특별시교육청,서울특별시,20220731,126.8840075,37.53746204
154,고등학교,사립,7010248,충암고등학교,Choongam High School,서울특별시교육청,3481,서울특별시 은평구 가좌로5길 5,(응암동),02-309-0236,http://www.cham.sen.hs.kr,02-302-8779,남,일반고,N,일반계,,후기,주간,19680110,19681109,B10,서울특별시교육청,서울특별시,20220731,126.9218095,37.58464029
155,고등학교,사립,7010247,청원고등학교,Cheong-won High School,서울특별시교육청,1672,서울특별시 노원구 한글비석로 506,/ 청원고등학교 (상계동),02-3399-7771,http://www.cheongwon.hs.kr,02-3399-7774,남,일반고,N,일반계,,후기,주간,19881112,19890510,B10,서울특별시교육청,서울특별시,20220731,127.0625329,37.66525155
156,고등학교,사립,7010246,창문여자고등학교,Changmun Girls’ High School,서울특별시교육청,1237,서울특별시 강북구 월계로 61,/ 창문여자고등학교 (미아동),02-986-1701,http://www.changmun.hs.kr,02-985-1316,여,일반고,N,일반계,,후기,주간,19741227,19751010,B10,서울특별시교육청,서울특별시,20220731,127.035828,37.61340092
157,고등학교,사립,7010245,진선여자고등학교,Jinseon Girls’ High School,서울특별시교육청,6213,서울특별시 강남구 선릉로85길 27,(진선여자고등학교/역삼동),02-2148-0400,http://www.jinseon.hs.kr,02-561-7210,여,일반고,N,일반계,,후기,주간,19761228,19761228,B10,서울특별시교육청,서울특별시,20220731,127.0482866,37.50230289
158,고등학교,사립,7010244,진명여자고등학교,Jinmyeong Girls’ High School,서울특별시교육청,8002,서울특별시 양천구 목동로 170,/ 진명여자고등학교 (목동),02-2643-1711,http://jm.sen.hs.kr,02-2649-8327,여,일반고,N,일반계,,후기,주간,19060421,19060421,B10,서울특별시교육청,서울특별시,20220731,126.8654652,37.52408341
159,고등학교,사립,7010243,중앙여자고등학교,Jung-Ang Girls’ High School,서울특별시교육청,3762,서울특별시 서대문구 북아현로11가길 7,(북아현동),02-362-3062,http://jungang-girls.sen.hs.kr,02-393-5129,여,일반고,N,일반계,,후기,주간,19401010,19401010,B10,서울특별시교육청,서울특별시,20220731,126.9540593,37.56317672
160,고등학교,사립,7010241,중앙대학교사범대학부속고등학교,CHUNGANG UNIVERSITY HIGH SCHOOL,서울특별시교육청,6277,서울특별시 강남구 선릉로 207,/ 중앙대학교사범대학부속고등학교 (도곡동),02-579-4005,http://www.cau.hs.kr,02-572-7455,남여공학,일반고,N,일반계,,후기,주간,19340415,19340415,B10,서울특별시교육청,서울특별시,20220731,127.0516901,37.49184257
161,고등학교,사립,7010240,중앙고등학교,Choong-ang High School,서울특별시교육청,3051,서울특별시 종로구 창덕궁길 164,(계동),02-742-1321,http://choongang.sen.hs.kr,02-745-6322,남,자율고,N,일반계,,전기,주간,19080620,19080620,B10,서울특별시교육청,서울특별시,20220731,126.9874726,37.58378822
162,고등학교,사립,7010239,중산고등학교,Jungsan High School,서울특별시교육청,6350,서울특별시 강남구 일원로14길 22,(일원동/중산고등학교),02-2112-9000,http://www.jungsan.hs.kr,02-2226-0196,남,일반고,N,일반계,,후기,주간,19940301,19940325,B10,서울특별시교육청,서울특별시,20220731,127.0814285,37.48574293
163,고등학교,사립,7010238,중동고등학교,Joongdong High School,서울특별시교육청,6338,서울특별시 강남구 일원로 7,(일원동),02-3411-0100,www.joongdong.hs.kr,02-3411-0154,남,자율고,N,일반계,,전기,주간,19060510,19060510,B10,서울특별시교육청,서울특별시,20220731,127.0806601,37.49371341
164,고등학교,사립,7010237,정의여자고등학교,Jeong Eui Girls’ High School,서울특별시교육청,1438,서울특별시 도봉구 노해로49길 69,(쌍문동/정의여자고등학교),02-992-5104,http://jeongeui.sen.hs.kr,02-991-0876,여,일반고,N,일반계,,후기,주간,19760305,19761007,B10,서울특별시교육청,서울특별시,20220731,127.0324273,37.65335584
165,고등학교,사립,7010236,정신여자고등학교,Chungshin Girls’ High School,서울특별시교육청,5571,서울특별시 송파구 올림픽로4길 16,/ 정신여자고등학교 (잠실동),02-423-4014,http://chungshin.sen.hs.kr,02-420-9607,여,일반고,N,일반계,,후기,주간,18871020,19871020,B10,서울특별시교육청,서울특별시,20220731,127.0738473,37.50945384
166,고등학교,사립,7010235,재현고등학교,Jaehyun High School,서울특별시교육청,1717,서울특별시 노원구 덕릉로82길 64,/ 재현고등학교 (중계동),02-932-4812,http://jaehyun.sen.hs.kr,02-6000-9358,남,일반고,N,일반계,,후기,주간,19780303,19780303,B10,서울특별시교육청,서울특별시,20220731,127.0807998,37.66129064
167,고등학교,사립,7010234,장훈고등학교,Janghoon High School,서울특별시교육청,7316,서울특별시 영등포구 영등포로64길 26,/ 장훈고등학교 (신길동),02-842-6921,http://www.janghoon.hs.kr,02-831-7435,남,자율고,N,일반계,,전기,주간,19640113,19640113,B10,서울특별시교육청,서울특별시,20220731,126.9162285,37.51334559
168,고등학교,사립,7010233,장충고등학교,Jangchung High School,서울특별시교육청,4603,서울특별시 중구 동호로15길 93,(신당동),02-2233-9990,http://www.jangchung.hs.kr,02-2236-6660,남,일반고,N,일반계,,후기,주간,19470901,19470901,B10,서울특별시교육청,서울특별시,20220731,127.006415,37.5535149
169,고등학교,사립,7010232,잠실여자고등학교,Jamsil Girls’ High School,서울특별시교육청,5676,서울특별시 송파구 송파대로38길 8,(송파동) 잠실여자고등학교,02-2140-8031,http://www.jamsilg.hs.kr,02-2140-8024,여,일반고,N,일반계,,후기,주간,19821130,19830513,B10,서울특별시교육청,서울특별시,20220731,127.1142413,37.50179413
170,고등학교,사립,7010231,인창고등학교,Inchang High School,서울특별시교육청,3746,서울특별시 서대문구 경기대로 65,/ 인창고등학교 (충정로2가),02-360-3700,http://www.inchang.ne.kr,02-360-3737,남,일반고,N,일반계,,후기,주간,19531010,19531010,B10,서울특별시교육청,서울특별시,20220731,126.9640232,37.56488513
171,고등학교,사립,7010230,이화여자외국어고등학교,Ewha Girls’ Foreign Language High School,서울특별시교육청,4516,서울특별시 중구 통일로4길 30,(순화동),02-2176-1992,http://www.ewha-gfh.hs.kr,02-2176-1994,여,특목고,N,일반계,외국어계열,전기,주간,19910911,19910911,B10,서울특별시교육청,서울특별시,20220731,126.9696417,37.56557732
172,고등학교,사립,7010227,이화여자고등학교,Ewha Girls’ High School,서울특별시교육청,4516,서울특별시 중구 정동길,/ 26 (정동),02-752-3353,http://www.ewha.hs.kr,02-319-0669,여,자율고,N,일반계,,전기,주간,18860531,18860531,B10,서울특별시교육청,서울특별시,20220731,126.971863,37.5657341
173,고등학교,사립,7010226,은광여자고등학교,Eunkwang Girls’ High School,서울특별시교육청,6264,서울특별시 강남구 남부순환로359길 36,(도곡동),02-3462-2005,http://www.eunkwang.hs.kr,02-3462-2002,여,일반고,N,일반계,,후기,주간,19550315,19461015,B10,서울특별시교육청,서울특별시,20220731,127.0350215,37.48834845
174,고등학교,사립,7010223,우신고등학교,Wooshin High School,서울특별시교육청,8258,서울특별시 구로구 부일로 917,/ 우신고등학교 (궁동),02-2610-1518,http://wooshin.sen.hs.kr,02-2610-1599,남,일반고,N,일반계,,후기,주간,19740105,19740523,B10,서울특별시교육청,서울특별시,20220731,126.8263536,37.49490231
175,고등학교,사립,7010222,용화여자고등학교,Yonghwa Girls’ High School,서울특별시교육청,1687,서울특별시 노원구 동일로 1461,/ 용화여자고등학교 (상계동/용화여자고등학교),02-950-3500,http://www.yonghwa.hs.kr/,02-933-1677,여,일반고,N,일반계,,후기,주간,19871215,19870422,B10,서울특별시교육청,서울특별시,20220731,127.0582807,37.65913138
176,고등학교,사립,7010221,용문고등학교,Yongmoon High School,서울특별시교육청,2843,서울특별시 성북구 고려대로17가길 46,(안암동2가/ 용문중고등학교),02-928-3871,http://www.ymoon.hs.kr/,02-927-0860,남,일반고,N,일반계,,후기,주간,19461012,19461012,B10,서울특별시교육청,서울특별시,20220731,127.0246608,37.58869033
177,고등학교,사립,7010220,오산고등학교,Osan High School,서울특별시교육청,4396,서울특별시 용산구 보광로7길 17,(보광동),02-7999-500,http://www.osan.hs.kr,02-7999-699,남,일반고,N,일반계,,후기,주간,19070515,19070515,B10,서울특별시교육청,서울특별시,20220731,127.0008872,37.52358051
178,고등학교,사립,7010219,예일여자고등학교,Yale Girls’ High School,서울특별시교육청,3412,서울특별시 은평구 연서로 117,/ 예일여자고등학교 (구산동/수위실),02-380-0812,www.yale.hs.kr,02-380-0840,여,일반고,N,일반계,,후기,주간,19650926,19650926,B10,서울특별시교육청,서울특별시,20220731,126.9147928,37.6109459
179,고등학교,사립,7010218,영훈고등학교,Younghoon High School,서울특별시교육청,1211,서울특별시 강북구 도봉로13가길 19,(미아동/학교법인영훈학원),02-986-2500,http://www.younghoon.hs.kr,02-983-0217,남여공학,일반고,N,일반계,,후기,주간,19721229,19730327,B10,서울특별시교육청,서울특별시,20220731,127.0280933,37.61468187
180,고등학교,사립,7010217,영파여자고등학교,Youngpa Girls` High School,서울특별시교육청,5529,서울특별시 송파구 올림픽로 565,/ 영파여자고등학교 (풍납동),02-483-8881,http://youngpa.hs.kr,02-488-2358,여,일반고,N,일반계,,후기,주간,19721229,19671028,B10,서울특별시교육청,서울특별시,20220731,127.1197395,37.53273562
181,고등학교,사립,7010216,영일고등학교,Youngil High School,서울특별시교육청,7669,서울특별시 강서구 등촌로51가길 26,/ 영일고등학교 (등촌동),02-2653-8134,http://youngil.hs.kr,02-2652-2846,남,일반고,N,일반계,,후기,주간,19740607,19750515,B10,서울특별시교육청,서울특별시,20220731,126.8620589,37.54728726
182,고등학교,사립,7010215,영신여자고등학교,Youngshin Girls’ High School,서울특별시교육청,1721,서울특별시 노원구 중계로16나길 13,(중계동/영신여자고등학교),02-930-8455,http://ys.sen.hs.kr,02-934-8565,여,일반고,N,일반계,,후기,주간,19871215,19871215,B10,서울특별시교육청,서울특별시,20220731,127.0835087,37.65254851
183,고등학교,사립,7010214,영락고등학교,Youngnak High School,서울특별시교육청,8831,서울특별시 관악구 청룡16길 25,/ 영락고등학교 (봉천동),02-884-1003,https://yrgo.sen.hs.kr/,02-884-8741,남여공학,일반고,N,일반계,,후기,주간,19590409,19550301,B10,서울특별시교육청,서울특별시,20220731,126.9454164,37.47654259
184,고등학교,사립,7010212,영동고등학교,Young Dong High School,서울특별시교육청,6065,서울특별시 강남구 선릉로 742,(청담동/ 영동고등학교),02-542-5071,yd.sen.hs.kr,02-542-5075,남,일반고,N,일반계,,후기,주간,19720418,19730603,B10,서울특별시교육청,서울특별시,20220731,127.0437393,37.52138901
185,고등학교,사립,7010209,양천고등학교,Yangcheon High School,서울특별시교육청,8108,서울특별시 양천구 신정로14길 13,(신정동/양천고등학교),02-2605-5996,http://www.yangcheoncschool.net,02-2605-5986,남,일반고,N,일반계,,후기,주간,19840206,19840312,B10,서울특별시교육청,서울특별시,20220731,126.8452028,37.5083206
186,고등학교,사립,7010208,양정고등학교,Yangchung High School,서울특별시교육청,7985,서울특별시 양천구 안양천로 1039,(목동/양정고등학교),02-2649-7071,http://www.yangchung.hs.kr,02-2649-7079,남,자율고,N,일반계,,전기,주간,19050512,19050512,B10,서울특별시교육청,서울특별시,20220731,126.8877343,37.53539226
187,고등학교,사립,7010206,신일고등학교,Shin-il High School,서울특별시교육청,1133,서울특별시 강북구 솔매로49길 20,(미아동/신일중고등학교),02-989-4151,http://www.shin-il.hs.kr,02-986-9565,남,자율고,N,일반계,,전기,주간,19661013,19661013,B10,서울특별시교육청,서울특별시,20220731,127.0284031,37.62796722
188,고등학교,사립,7010205,신광여자고등학교,Shinkwang Girls’ High School,서울특별시교육청,4313,서울특별시 용산구 청파로 263,/ 신광여자고등학교 (청파동3가),02-710-6940,http://www.shinkwang.hs.kr,02-703-6910,여,일반고,N,일반계,,후기,주간,19530608,19530608,B10,서울특별시교육청,서울특별시,20220731,126.9694475,37.54289988
189,고등학교,사립,7010204,숭의여자고등학교,Soongeui Girls’ High School,서울특별시교육청,6944,서울특별시 동작구 여의대방로36길 79,/ 숭의여자고등학교 (대방동),02-810-7800,http://soongeui.sen.hs.kr,02-813-0976,여,일반고,N,일반계,,후기,주간,19031031,19031031,B10,서울특별시교육청,서울특별시,20220731,126.9292433,37.50736414
190,고등학교,사립,7010203,숭실고등학교,Soongsil High School,서울특별시교육청,3445,서울특별시 은평구 은평터널로7길 6,(신사동),02-373-5910,http://www.soongsil.net,02-374-7166,남,일반고,N,일반계,,후기,주간,18971010,18971010,B10,서울특별시교육청,서울특별시,20220731,126.9024039,37.59327482
191,고등학교,사립,7010202,숭문고등학교,Soongmoon High School,서울특별시교육청,4126,서울특별시 마포구 숭문길 99,(대흥동),02-716-2980,http://soongmoon.sen.hs.kr,02-711-2980,남,자율고,N,일반계,,전기,주간,19460828,19460828,B10,서울특별시교육청,서울특별시,20220731,126.9457689,37.55089081
192,고등학교,사립,7010201,숙명여자고등학교,Sookmyung Girls’ High School,서울특별시교육청,6277,서울특별시 강남구 남부순환로 2807,/ 숙명여자고등학교 (도곡동),02-3462-5011,http://www.sookmyung.hs.kr,02-3462-0791,여,일반고,N,일반계,,후기,주간,19060522,19060522,B10,서울특별시교육청,서울특별시,20220731,127.0526126,37.49147536
193,고등학교,사립,7010200,송곡여자고등학교,Songgok Girls’ High School,서울특별시교육청,2057,서울특별시 중랑구 양원역로 67,(망우동),02-434-4598,http://www.songgok.hs.kr,02-438-8508,여,일반고,N,일반계,,후기,주간,19721231,19730524,B10,서울특별시교육청,서울특별시,20220731,127.1051455,37.60668904
194,고등학교,사립,7010199,송곡고등학교,Songgok High School,서울특별시교육청,2062,서울특별시 중랑구 양원역로 50,(망우동/송곡고등학교),02-435-0660,http://sg.hs.kr,02-437-3093,남,일반고,N,일반계,,후기,주간,19861231,19861231,B10,서울특별시교육청,서울특별시,20220731,127.1064637,37.60584544
195,고등학교,사립,7010198,세화여자고등학교,Sehwa Girls’ High School,서울특별시교육청,6548,서울특별시 서초구 신반포로 56-7,/ 세화여자고등학교,02-537-2131,http://www.sehwa-gs.hs.kr,02-595-6586,여,자율고,N,일반계,,전기,주간,19771230,19780303,B10,서울특별시교육청,서울특별시,20220731,126.99423,37.50199646
196,고등학교,사립,7010197,세화고등학교,Sehwa High School,서울특별시교육청,6548,서울특별시 서초구 신반포로 56-7,(반포동),02-594-8721,http://www.sehwa.hs.kr,02-599-3101,남,자율고,N,일반계,,전기,주간,19861230,19861230,B10,서울특별시교육청,서울특별시,20220731,126.99423,37.50199646
197,고등학교,사립,7010196,성심여자고등학교,Sacred Heart Girls’ High School,서울특별시교육청,4361,서울특별시 용산구 원효로19길 49,/ 성심여자고등학교 (원효로4가),02-702-5501,http://sacredheart.sen.hs.kr,02-711-6887,여,일반고,N,일반계,,후기,주간,19600126,19600401,B10,서울특별시교육청,서울특별시,20220731,126.9545934,37.53420937
198,고등학교,사립,7010195,성신여자고등학교,Sungshin Girls’ High School,서울특별시교육청,2840,서울특별시 성북구 동소문로26가길 80,(돈암동),02-6930-9100,http://www.sungshin.hs.kr,02-924-0540,여,일반고,N,일반계,,후기,주간,19360428,19360428,B10,서울특별시교육청,서울특별시,20220731,127.0224072,37.59428963
199,고등학교,사립,7010194,성보고등학교,Sungbo High School,서울특별시교육청,8773,서울특별시 관악구 남부순환로156길 39,(신림동/성보고등학교),02-862-8409,http://www.sungbo.hs.kr,02-3281-6851,남,일반고,N,일반계,,후기,주간,19811231,19820531,B10,서울특별시교육청,서울특별시,20220731,126.9209573,37.48072837
200,고등학교,사립,7010193,성남고등학교,Sungnam High School,서울특별시교육청,6946,서울특별시 동작구 대방동길 74,/ 성남고등학교 (대방동),02-815-3645,http://www.sungnam.sen.hs.kr,02-815-1333,남,일반고,N,일반계,,후기,주간,19380224,19380425,B10,서울특별시교육청,서울특별시,20220731,126.9266153,37.50528157
201,고등학교,사립,7010192,선화예술고등학교,Sunhwa Arts High School,서울특별시교육청,4991,서울특별시 광진구 천호대로 664,(능동),02-2204-1303,http://www.sunhwa.org,02-458-4582,남여공학,특목고,N,일반계,예술계열,전기,주간,19741201,19760705,B10,서울특별시교육청,서울특별시,20220731,127.0870952,37.5509798
202,고등학교,사립,7010191,선정고등학교,Sunjung High School,서울특별시교육청,3327,서울특별시 은평구 서오릉로20길 19,/ 선정고등학교 (갈현동),02-3156-1500,http://www.sunjung.hs.kr,02-355-2259,남여공학,일반고,N,일반계,,후기,주간,19500522,19500522,B10,서울특별시교육청,서울특별시,20220731,126.9090316,37.61870451
203,고등학교,사립,7010190,선일여자고등학교,Sunil Girls’ High School,서울특별시교육청,3322,서울특별시 은평구 갈현로29길 27,(갈현동),02-355-6691,http://sunil.sen.hs.kr,02-388-1698,여,일반고,N,일반계,,후기,주간,19711227,19711227,B10,서울특별시교육청,서울특별시,20220731,126.9119931,37.62030421
204,고등학교,사립,7010189,선덕고등학교,Sunduck High School,서울특별시교육청,1375,서울특별시 도봉구 시루봉로 53,/  선덕고등학교 (쌍문동),02-997-4111,http://sunduck.sen.hs.kr,02-994-1797,남,자율고,N,일반계,,전기,주간,19821003,19830305,B10,서울특별시교육청,서울특별시,20220731,127.0267031,37.65627502
205,고등학교,사립,7010188,서울외국어고등학교,Seoul Foreign Language High School,서울특별시교육청,1489,서울특별시 도봉구 덕릉로66길 22,(창동),1670-1005,http://sfl.sen.hs.kr,02-994-2435,남여공학,특목고,N,일반계,외국어계열,전기,주간,19931005,19931005,B10,서울특별시교육청,서울특별시,20220731,127.0515087,37.64578079
206,고등학교,사립,7010187,서울예술고등학교,Seoul Arts High School,서울특별시교육청,3011,서울특별시 종로구 평창문화로 70,/ 서울예술고등학교 (평창동),02-2287-0500,http://yego.or.kr,02-2287-0400,남여공학,특목고,N,일반계,예술계열,전기,주간,19530321,19530321,B10,서울특별시교육청,서울특별시,20220731,126.9678907,37.60575682
207,고등학교,사립,7010186,서울세종고등학교,Seoul Sejong High School,서울특별시교육청,6348,서울특별시 강남구 광평로51길 36,/ 서울세종고등학교 (수서동),070-8668-3119,http://www.seoulsejong.hs.kr/,02-451-3292,남여공학,일반고,N,일반계,,후기,주간,19581228,19581228,B10,서울특별시교육청,서울특별시,20220731,127.1027968,37.49038935
208,고등학교,사립,7010185,서울미술고등학교,Seoul Art High School,서울특별시교육청,8802,서울특별시 관악구 남부순환로247길 26,(봉천동/서울미술고등학교),02-872-2111,http://www.seoul-art.or.kr,02-872-2115,남여공학,일반고,N,일반계,,전기,주간,19710926,19720525,B10,서울특별시교육청,서울특별시,20220731,126.9667485,37.47669631
209,고등학교,사립,7010183,서문여자고등학교,Suhmoon Girls’ High School,서울특별시교육청,6565,서울특별시 서초구 동광로12길 84,(방배동/서문여자고등학교),02-599-6061,http://suhmoon.sen.hs.kr,02-594-8065,여,일반고,N,일반계,,후기,주간,19721229,19721229,B10,서울특별시교육청,서울특별시,20220731,126.9845458,37.48891973
210,고등학교,사립,7010182,서라벌고등학교,Sorabol High School,서울특별시교육청,1745,서울특별시 노원구 한글비석로5길 18,/ (중계1동 313/ 서라벌고등학교),02-2092-2200,http://sorabol.sen.hs.kr,02-2092-2270,남,일반고,N,일반계,,후기,주간,19560305,19560305,B10,서울특별시교육청,서울특별시,20220731,127.0758406,37.64525653
211,고등학교,사립,7010181,상일여자고등학교,Sangil Girls High School,서울특별시교육청,5282,서울특별시 강동구 천호대로219길 61,/ 상일여자고등학교 (상일동),02-428-0435,http://sangil.hs.kr,02-481-3130,여,일반고,N,일반계,,후기,주간,19791006,19791006,B10,서울특별시교육청,서울특별시,20220731,127.1708235,37.54858748
212,고등학교,사립,7010179,상문고등학교,Sangmoon High School,서울특별시교육청,6707,서울특별시 서초구 명달로 45,(방배동/상문고등학교),02-586-3141,http://www.sangmoon.hs.kr,02-586-3136,남,일반고,N,일반계,,후기,주간,19721223,19721223,B10,서울특별시교육청,서울특별시,20220731,127.0039168,37.47975543
213,고등학교,사립,7010178,상명대학교사범대학부속여자고등학교,Girls` High School Attached to College of Education/ Sangmyung University,서울특별시교육청,3016,서울특별시 종로구 홍지문2길 20,(홍지동/상명대학교),02-396-6302,http://sangmyung-agh.hs.kr,02-396-6305,여,일반고,N,일반계,,후기,주간,19661219,19670307,B10,서울특별시교육청,서울특별시,20220731,126.9551595,37.60410891
214,고등학교,사립,7010174,보성여자고등학교,Bosung Girls` High School,서울특별시교육청,4338,서울특별시 용산구 신흥로3가길 66,/ 보성여자고등학교 (용산동2가),7040003030,http://www.bosung.hs.kr,27984145,여,일반고,N,일반계,,후기,주간,19071010,19071010,B10,서울특별시교육청,서울특별시,20220731,126.9842842,37.54308154
215,고등학교,사립,7010173,보성고등학교,Posung High School,서울특별시교육청,5649,서울특별시 송파구 양재대로 1278,(방이동/보성중고등학교),02-2152-2430,http://posung.sen.hs.kr,02-449-9355,남,일반고,N,일반계,,후기,주간,19060905,19060905,B10,서울특별시교육청,서울특별시,20220731,127.1357293,37.52008989
216,고등학교,사립,7010172,백암고등학교,Baegam High School,서울특별시교육청,8080,서울특별시 양천구 신정로13길 16,/ 백암고등학교 (신정동),02-2696-0110,http://baegam.sen.hs.kr,02-2691-0111,남여공학,일반고,N,일반계,,후기,주간,19840409,19841217,B10,서울특별시교육청,서울특별시,20220731,126.844377,37.51219626
217,고등학교,사립,7010171,배화여자고등학교,Paiwha Girls` High School,서울특별시교육청,3039,서울특별시 종로구 필운대로1길 34,(필운동/배화여자고등학교),02-724-0300,http://paiwha.sen.hs.kr/,02-723-0752,여,일반고,N,일반계,,후기,주간,18981002,18981002,B10,서울특별시교육청,서울특별시,20220731,126.9672919,37.57954401
218,고등학교,사립,7010170,배재고등학교,Paichai High School,서울특별시교육청,5234,서울특별시 강동구 고덕로 227,(고덕동/배재중 고등학교),02-428-1885,www.paichai.hs.kr,02-429-7845,남,자율고,N,일반계,,전기,주간,18850608,18850608,B10,서울특별시교육청,서울특별시,20220731,127.1502473,37.55505939
219,고등학교,사립,7010169,배문고등학교,Baemoon High School,서울특별시교육청,4305,서울특별시 용산구 효창원로 258,(서계동),02-3480-7100,http://www.baemoon.hs.kr,02-714-0062,남,일반고,N,일반계,,후기,주간,19551231,19551231,B10,서울특별시교육청,서울특별시,20220731,126.9639041,37.54991872
220,고등학교,사립,7010168,배명고등학교,Baemyeong High School,서울특별시교육청,5598,서울특별시 송파구 삼학사로 11,/ 배명고등학교 (삼전동),070-4014-2632,http://www.bm.hs.kr,02-421-8716,남,일반고,N,일반계,,후기,주간,19490307,19341007,B10,서울특별시교육청,서울특별시,20220731,127.0958118,37.4976895
221,고등학교,사립,7010167,미림여자고등학교,Mirim Girls’ High School,서울특별시교육청,8821,서울특별시 관악구 호암로 546,/ 미림여자고등학교 (신림동),02-886-1811,http://www.mirim.hs.kr,02-878-2188,여,일반고,N,일반계,,후기,주간,19671230,19790531,B10,서울특별시교육청,서울특별시,20220731,126.9319279,37.4661018
222,고등학교,사립,7010166,문일고등학교,Moonil High School,서울특별시교육청,8634,서울특별시 금천구 시흥대로47길 45,(시흥동),02-802-2301,http://moonil.hs.kr,02-893-5094,남,일반고,N,일반계,,후기,주간,19741227,19741227,B10,서울특별시교육청,서울특별시,20220731,126.8987207,37.44891526
223,고등학교,사립,7010163,명지고등학교,Myongji High School,서울특별시교육청,3656,서울특별시 서대문구 명지2길 56,/ 명지고등학교 (홍은동),02-303-1540,http://www.myongjigo.net/,02-309-7289,남여공학,일반고,N,일반계,,후기,주간,19480412,19480412,B10,서울특별시교육청,서울특별시,20220731,126.9270902,37.58491135
224,고등학교,사립,7010160,명덕외국어고등학교,Myungduk Foreign Language High School,서울특별시교육청,7633,서울특별시 강서구 강서로47길 34-10,/ 명덕외국어고등학교 (내발산동/명덕고등학교),02-2665-8821,http://www.mdfh.or.kr,02-2665-5777,남여공학,특목고,N,일반계,외국어계열,전기,주간,19910911,19910911,B10,서울특별시교육청,서울특별시,20220731,126.8339773,37.55386948
225,고등학교,사립,7010159,명덕여자고등학교,Myungduk Girls’ High School,서울특별시교육청,7633,서울특별시 강서구 강서로47길 34-10,(내발산동),02-2664-8815,mdgh.sen.hs.kr,02-2664-8343,여,일반고,N,일반계,,후기,주간,19831226,19841015,B10,서울특별시교육청,서울특별시,20220731,126.8339773,37.55386948
226,고등학교,사립,7010158,명덕고등학교,Myungduk High School,서울특별시교육청,7633,서울특별시 강서구 강서로47길 34-10,(내발산동/명덕고등학교),02-2664-8817,http://myungduk.sen.hs.kr,02-2664-8875,남,일반고,N,일반계,,후기,주간,19841217,19841015,B10,서울특별시교육청,서울특별시,20220731,126.8339773,37.55386948
227,고등학교,사립,7010157,마포고등학교,Mapo High School,서울특별시교육청,7576,서울특별시 강서구 화곡로 403,(등촌동/마포고등학교),02-3663-2583,http://www.mapo.hs.kr,02-3663-2590,남,일반고,N,일반계,,후기,주간,19530601,19530601,B10,서울특별시교육청,서울특별시,20220731,126.8528649,37.56002771
228,고등학교,사립,7010156,동일여자고등학교,Dong-il Girls’ High School,서울특별시교육청,8656,서울특별시 금천구 탑골로10길 45,(시흥동/ 동일여자고등학교),02-803-9806,http://www.dongilg.hs.kr,02-894-5554,여,일반고,N,일반계,,후기,주간,19721219,19680910,B10,서울특별시교육청,서울특별시,20220731,126.9158199,37.45193626
229,고등학교,사립,7010155,동성고등학교,Dongsung High School,서울특별시교육청,3083,서울특별시 종로구 대학로 156,(혜화동/동성중고교),02-3671-9100,http://www.dongsung.hs.kr,02-765-8239,남,자율고,N,일반계,,전기,주간,19070910,19381208,B10,서울특별시교육청,서울특별시,20220731,127.0030976,37.58496996
230,고등학교,사립,7010154,동북고등학교,Dongbuk High School,서울특별시교육청,5412,서울특별시 강동구 강동대로 305,(둔촌동),02-477-2280,http://dongbuk.hs.kr,02-488-8093,남,일반고,N,일반계,,후기,주간,19530604,19530604,B10,서울특별시교육청,서울특별시,20220731,127.1394507,37.52024061
231,고등학교,사립,7010153,동명여자고등학교,Dongmyung Girls’ High School,서울특별시교육청,3390,서울특별시 은평구 통일로 793,(대조동/동명여자고등학교),02-385-0652,http://dongmyung.sen.hs.kr,02-356-4706,여,일반고,N,일반계,,후기,주간,19210603,19210603,B10,서울특별시교육청,서울특별시,20220731,126.9228204,37.61441879
232,고등학교,사립,7010152,동덕여자고등학교,Dongduk Girls’ High School,서울특별시교육청,6700,서울특별시 서초구 효령로2길 123-5,/ 동덕여자고등학교 (방배동),02-586-5418,http://www.dongduk.hs.kr,02-582-7306,여,일반고,N,일반계,,후기,주간,19100428,19100428,B10,서울특별시교육청,서울특별시,20220731,126.9926158,37.47584606
233,고등학교,사립,7010151,동국대학교사범대학부속고등학교,High School Attached to College of Education Dongguk University,서울특별시교육청,2520,서울특별시 동대문구 장안벚꽃로 201,(장안동/동국대학교사범대학부속고등학교),02-6913-1511,http://ddbk.sen.hs.kr,02-6913-1588,남,일반고,N,일반계,,후기,주간,19470624,19470624,B10,서울특별시교육청,서울특별시,20220731,127.075133,37.57804718
234,고등학교,사립,7010150,덕원예술고등학교,Deokwon Arts High School,서울특별시교육청,7640,서울특별시 강서구 강서로45길 91-44,/ 덕원예술고등학교 (내발산동),02-2660-7911,http://www.dwarts.hs.kr,02-2660-7914,남여공학,특목고,N,일반계,예술계열,전기,주간,19911107,19920429,B10,서울특별시교육청,서울특별시,20220731,126.8290245,37.54862258
235,고등학교,사립,7010149,덕원여자고등학교,Deokwon Girls’ High School,서울특별시교육청,7640,서울특별시 강서구 강서로45길 91-44,(내발산동/덕원여자고등학교),02-2660-7800,http://deokwon.sen.hs.kr,02-2660-7812,여,일반고,N,일반계,,후기,주간,19780429,19780429,B10,서울특별시교육청,서울특별시,20220731,126.8290245,37.54862258
236,고등학교,사립,7010148,덕성여자고등학교,Duksung Girls’ High School,서울특별시교육청,3061,서울특별시 종로구 율곡로3길 50,/ 덕성여자고등학교 (안국동),02-734-6871,http://duksung.sen.hs.kr,02-732-5569,여,일반고,N,일반계,,후기,주간,19200419,19451010,B10,서울특별시교육청,서울특별시,20220731,126.9835581,37.57776082
237,고등학교,사립,7010147,대진여자고등학교,Daejin Girls’ High School,서울특별시교육청,1785,서울특별시 노원구 공릉로 438,/ 대진여자고등학교 (중계동),02-979-2327,http://www.daejinw.hs.kr,02-948-3951,여,일반고,N,일반계,,후기,주간,19880212,19880212,B10,서울특별시교육청,서울특별시,20220731,127.0671966,37.64612482
238,고등학교,사립,7010146,대진고등학교,Daejin High School,서울특별시교육청,1807,서울특별시 노원구 공릉로62가길 47,/ 대진고등학교 (하계동),02-976-0067,http://www.dae-jin.hs.kr,02-971-6085,남,일반고,N,일반계,,후기,주간,19840613,19851024,B10,서울특별시교육청,서울특별시,20220731,127.07609,37.63780685
239,고등학교,사립,7010145,대일외국어고등학교,Daeil Foreign Language High School,서울특별시교육청,2713,서울특별시 성북구 서경로 116,(정릉동/대일외국어고등학교),02-940-1000,www.daeil.or.kr,02-940-0605,남여공학,특목고,N,일반계,외국어계열,전기,주간,19840304,19840924,B10,서울특별시교육청,서울특별시,20220731,127.014176,37.61330459
240,고등학교,사립,7010144,대일고등학교,Daeil High School,서울특별시교육청,7672,서울특별시 강서구 등촌로 105,(등촌동),070-4020-6400,https://daeil.sen.hs.kr/index.do,02-2644-1558,남,일반고,N,일반계,,후기,주간,19720926,19720926,B10,서울특별시교육청,서울특별시,20220731,126.8634031,37.5394887
241,고등학교,사립,7010143,대원외국어고등학교,Daewon Foreign Language High School,서울특별시교육청,4939,서울특별시 광진구 용마산로22길 26,(중곡동),02-2204-1530,http://www.dwfl.hs.kr/,02-2204-1537,남여공학,특목고,N,일반계,외국어계열,전기,주간,19831007,19840520,B10,서울특별시교육청,서울특별시,20220731,127.0893767,37.56245022
242,고등학교,사립,7010142,대원여자고등학교,Daewon Girls’ High School,서울특별시교육청,4939,서울특별시 광진구 용마산로22길 26,(중곡동),02-2204-1620,http://www.dwg.hs.kr,02-2204-1623,여,일반고,N,일반계,,후기,주간,19821013,19830520,B10,서울특별시교육청,서울특별시,20220731,127.0893767,37.56245022
243,고등학교,사립,7010141,대원고등학교,Daewon High School,서울특별시교육청,4939,서울특별시 광진구 용마산로22길 26,/ 대원고등학교 (중곡동),02-2204-1569,http://daewon-seoul.hs.kr,82-2-2204-1577,남,일반고,N,일반계,,후기,주간,19770520,19770520,B10,서울특별시교육청,서울특별시,20220731,127.0893767,37.56245022
244,고등학교,사립,7010140,대신고등학교,Daeshin High School,서울특별시교육청,3029,서울특별시 종로구 사직로 9,(행촌동),02-736-0317,http://www.dae-shin.hs.kr/,02-736-0324,남,일반고,N,일반계,,후기,주간,19380405,19380405,B10,서울특별시교육청,서울특별시,20220731,126.9612545,37.57312377
245,고등학교,사립,7010139,대성고등학교,Daesung High School,서울특별시교육청,3322,서울특별시 은평구 갈현로29길 51-24,/ 대성고등학교 (갈현동),02-6252-1000,http://dae-sung.sen.hs.kr,02-386-2536,남,일반고,N,일반계,,전기,주간,19690109,19691016,B10,서울특별시교육청,서울특별시,20220731,126.9097907,37.62314228
246,고등학교,사립,7010138,대광고등학교,Daegwang High School,서울특별시교육청,2581,서울특별시 동대문구 안암로 6,/ 대광고등학교 (신설동),02-940-2202,http://www.dgh.hs.kr,02-926-3197,남,자율고,N,일반계,,전기,주간,19471125,19471025,B10,서울특별시교육청,서울특별시,20220731,127.0253235,37.57795467
247,고등학교,사립,7010137,단국대학교사범대학부속고등학교,DanKook University High School,서울특별시교육청,6278,서울특별시 강남구 도곡로64길 21,(대치동),02-2191-2600,http://www.dan-kook.hs.kr,02-557-6837,남,일반고,N,일반계,,후기,주간,19831226,19831226,B10,서울특별시교육청,서울특별시,20220731,127.0577682,37.49561749
248,고등학교,사립,7010136,남강고등학교,Namkang High School,서울특별시교육청,8854,서울특별시 관악구 난곡로34길 80,(신림동),02-839-1701,http://www.namkang.hs.kr,02-839-1707,남,일반고,N,일반계,,후기,주간,19721229,19730302,B10,서울특별시교육청,서울특별시,20220731,126.9249091,37.47137567
249,고등학교,사립,7010135,광영여자고등학교,Kwang-young Girls’ High School,서울특별시교육청,7909,서울특별시 양천구 남부순환로30길 17,/ 광영여자고등학교 (신월동),02-2697-5553,http://www.kyg.hs.kr,02-2697-5552,여,일반고,N,일반계,,후기,주간,19841217,19850306,B10,서울특별시교육청,서울특별시,20220731,126.8232759,37.5371981
250,고등학교,사립,7010134,광영고등학교,Kwangyoung High School,서울특별시교육청,7909,서울특별시 양천구 남부순환로30길 17,(신월동/광영고등학교),02-2650-2300,http://www.ky.hs.kr,02-2697-1002,남,일반고,N,일반계,,후기,주간,19850201,19850201,B10,서울특별시교육청,서울특별시,20220731,126.8232759,37.5371981
251,고등학교,사립,7010133,광신고등학교,Kwangshin High School,서울특별시교육청,8847,서울특별시 관악구 광신길 141,(신림동/광신중고등학교),02-881-8532,http://www.kwangshin.hs.kr,02-881-8566,남여공학,일반고,N,일반계,,후기,주간,19870120,19870102,B10,서울특별시교육청,서울특별시,20220731,126.9259406,37.4644762
252,고등학교,사립,7010132,광성고등학교,Kwangsung High School,서울특별시교육청,4097,서울특별시 마포구 신수로8길 20,(신수동),02-703-3457,http://kwangsung.sen.hs.kr,02-711-7397,남,일반고,N,일반계,,후기,주간,18940406,18940406,B10,서울특별시교육청,서울특별시,20220731,126.9359696,37.54869756
253,고등학교,사립,7010131,광문고등학교,Gwangmun High School,서울특별시교육청,5225,서울특별시 강동구 동남로 968,/ 광문고등학교 (고덕동),02-427-2870,http://gwangmun.sen.hs.kr,02-427-4357,남여공학,일반고,N,일반계,,후기,주간,19851105,19851105,B10,서울특별시교육청,서울특별시,20220731,127.1585463,37.56046181
254,고등학교,사립,7010127,경희여자고등학교,Kyung Hee Girls’High School,서울특별시교육청,2447,서울특별시 동대문구 경희대로 26,/ 경희여자고등학교 (회기동),02-966-4560,www.kyunghee.hs.kr,02-967-2429,여,일반고,N,일반계,,후기,주간,19600209,19600415,B10,서울특별시교육청,서울특별시,20220731,127.054891,37.59394914
255,고등학교,사립,7010126,경희고등학교,Kyunghee High School,서울특별시교육청,2447,서울특별시 동대문구 경희대로 26,(회기동/ 경희고등학교),02-966-3782,http://www.kyungheeboy.hs.kr/,02-962-3643,남,자율고,N,일반계,,전기,주간,19591212,19591212,B10,서울특별시교육청,서울특별시,20220731,127.054891,37.59394914
256,고등학교,사립,7010125,경신고등학교,Kyungshin High School,서울특별시교육청,3067,서울특별시 종로구 혜화로 74,(혜화동/경신중고등학교),02-762-0393,http://kyungshin.hs.kr,02-762-0387,남,일반고,N,일반계,,후기,주간,18850509,18850509,B10,서울특별시교육청,서울특별시,20220731,126.999531,37.59220227
257,고등학교,사립,7010124,경성고등학교,Gyeongseong High School,서울특별시교육청,3977,서울특별시 마포구 성미산로 111,/ 경성고등학교 (연남동),02-3140-1168,http://www.gyeongseong.hs.kr,02-334-7533,남,일반고,N,일반계,,후기,주간,19671229,19671023,B10,서울특별시교육청,서울특별시,20220731,126.9191663,37.56351064
258,고등학교,사립,7010122,경복여자고등학교,Kyungbok Girls’ High School,서울특별시교육청,7589,서울특별시 강서구 화곡로63길 40,/ 경복여자고등학교 (등촌동),02-3661-1741,http://www.kb.hs.kr,02-3661-3795,여,일반고,N,일반계,,후기,주간,19931002,19931002,B10,서울특별시교육청,서울특별시,20220731,126.8505957,37.55782183
259,고등학교,사립,7010120,경문고등학교,Kyungmoon High School,서울특별시교육청,6995,서울특별시 동작구 동작대로 171,/ 경문고등학교 (동작동),02-535-1301,http://kyungmoon.hs.kr/,02-535-1230,남,일반고,N,일반계,,전기,주간,19800124,19800507,B10,서울특별시교육청,서울특별시,20220731,126.9822734,37.49341886
260,고등학교,사립,7010119,건국대학교사범대학부속고등학교,Konkuk University High School,서울특별시교육청,5029,서울특별시 광진구 능동로 120,/ 건국대학교사범대학부속고등학교 (화양동),070-7012-3500,http://konkuk.sen.hs.kr,02-456-0646,남여공학,일반고,N,일반계,,후기,주간,19800131,19800515,B10,서울특별시교육청,서울특별시,20220731,127.0747119,37.53918267
261,고등학교,사립,7010118,강서고등학교,Gangseo High School,서울특별시교육청,7958,서울특별시 양천구 목동중앙남로 27,/ 강서고등학교 (목동),02-2642-0725,http://gangseo.sen.hs.kr,02-2651-3046,남,일반고,N,일반계,,후기,주간,19831101,19831101,B10,서울특별시교육청,서울특별시,20220731,126.8657711,37.53631557
262,고등학교,사립,7010117,강동고등학교,Kangdong High School,서울특별시교육청,5279,서울특별시 강동구 구천면로 572,(상일동),02-427-0231,http://kangdong.sen.hs.kr,02-441-3494,남여공학,일반고,N,일반계,,후기,주간,19841217,19850908,B10,서울특별시교육청,서울특별시,20220731,127.1606683,37.54991665
263,고등학교,공립,7010116,혜화여자고등학교,Hyehwa Girls’ High School,서울특별시교육청,1095,서울특별시 강북구 인수봉로 127,(수유동/혜화여자고등학교),02-985-8415,http://hyehwa-h.sen.hs.kr,02-987-8343,여,일반고,N,일반계,,후기,주간,19660305,19660305,B10,서울특별시교육청,서울특별시,20220731,127.013212,37.63130842
264,고등학교,공립,7010115,한성과학고등학교,Hansung Science High School,서울특별시교육청,3732,서울특별시 서대문구 통일로 279-79,/ 한성과학고등학교 (현저동),02-6917-0000,https://hansungsh.sen.hs.kr,02-6917-0099,남여공학,특목고,N,일반계,과학계열,전기,주간,19920301,19920925,B10,서울특별시교육청,서울특별시,20220731,126.9523709,37.57543617
265,고등학교,공립,7010114,태릉고등학교,Taereung High School,서울특별시교육청,2021,서울특별시 중랑구 신내로23길 36,/ 태릉고등학교 (묵동),02-6211-8585,http://taereung.sen.hs.kr,02-6211-8586,남여공학,일반고,N,일반계,,후기,주간,19841217,19850507,B10,서울특별시교육청,서울특별시,20220731,127.0858198,37.61899254
266,고등학교,공립,7010113,청량고등학교,Chungryang High School,서울특별시교육청,2461,서울특별시 동대문구 왕산로 303,(청량리동/ 청량고등학교),02-959-4362,http://www.chungryang.hs.kr,02-959-1887,남여공학,자율고,N,일반계,,후기,주간,19811231,19820402,B10,서울특별시교육청,서울특별시,20220731,127.051311,37.588886
267,고등학교,공립,7010112,청담고등학교,Chungdam High School,서울특별시교육청,6009,서울특별시 강남구 압구정로 419,/ 청담고등학교 (압구정동),02-3496-8203,http://www.chungdam.hs.kr,02-3496-8398,남여공학,일반고,N,일반계,,후기,주간,19900120,19900522,B10,서울특별시교육청,서울특별시,20220731,127.0438666,37.52794736
268,고등학교,공립,7010110,창덕여자고등학교,Changduk Girls’ High School,서울특별시교육청,5649,서울특별시 송파구 양재대로 1240,/ 창덕여자고등학교 (방이동),02-401-4924,http://changduk.sen.hs.kr,02-430-5601,여,일반고,N,일반계,,후기,주간,19410402,19410422,B10,서울특별시교육청,서울특별시,20220731,127.1402736,37.51624351
269,고등학교,공립,7010109,중화고등학교,Junghwa high school,서울특별시교육청,2047,서울특별시 중랑구 봉화산로27길 62,(중화동/ 중화고등학교),02-491-6807,http://www.jung-hwa.hs.kr,02-438-9762,남여공학,일반고,N,일반계,,후기,주간,19871215,19880423,B10,서울특별시교육청,서울특별시,20220731,127.0836541,37.60481461
270,고등학교,공립,7010108,중경고등학교,Jungkyung High School,서울특별시교육청,4426,서울특별시 용산구 이촌로84길 34,(이촌동),02-793-2540,http://jungkyung.hs.kr,02-796-5727,남여공학,자율고,N,일반계,,후기,주간,19820301,19820301,B10,서울특별시교육청,서울특별시,20220731,126.9756383,37.5176804
271,고등학교,공립,7010107,잠실고등학교,Jamsil High School,서울특별시교육청,5507,서울특별시 송파구 올림픽로33길 71,/ 잠실고등학교 (신천동),02-2141-3700,http://jamsil.sen.hs.kr,02-2141-3880,남,일반고,N,일반계,,후기,주간,19821130,19830404,B10,서울특별시교육청,서울특별시,20220731,127.106515,37.52293043
272,고등학교,공립,7010106,잠신고등학교,Jamsin High School,서울특별시교육청,5502,서울특별시 송파구 잠실로 24,/ 잠신고등학교 (잠실동),02-417-8771,http://www.jamsin.or.kr,02-421-9751,남여공학,일반고,N,일반계,,후기,주간,19881223,19881223,B10,서울특별시교육청,서울특별시,20220731,127.088283,37.51470129
273,고등학교,공립,7010105,자양고등학교,Jayang High School,서울특별시교육청,5069,서울특별시 광진구 뚝섬로37길 28,(자양동/자양고등학교),02-2049-4100,http://jayang.sen.hs.kr,02-2049-4288,남여공학,일반고,N,일반계,,후기,주간,19831226,19840515,B10,서울특별시교육청,서울특별시,20220731,127.0733395,37.53607797
274,고등학교,공립,7010104,인헌고등학교,Inhun High School,서울특별시교육청,8796,서울특별시 관악구 인헌9길 74,(봉천동/인헌고등학교),02-886-6253,inhun.sen.hs.kr,02-872-0495,남여공학,일반고,N,일반계,,후기,주간,19841207,19850605,B10,서울특별시교육청,서울특별시,20220731,126.9704851,37.47231073
275,고등학교,공립,7010103,용산고등학교,Yongsan High School,서울특별시교육청,4353,서울특별시 용산구 두텁바위로 60,(용산동2가/용산고등학교),02-3706-6700,http://yongsan.sen.hs.kr,02-318-4439,남,일반고,N,일반계,,후기,주간,19460909,19460909,B10,서울특별시교육청,서울특별시,20220731,126.9803277,37.54586738
276,고등학교,공립,7010101,오금고등학교,Ogeum High School,서울특별시교육청,5660,서울특별시 송파구 중대로 247,(오금동),02-406-0592,http://ogeum.sen.hs.kr,02-448-5671,남여공학,일반고,N,일반계,,후기,주간,19871215,19880421,B10,서울특별시교육청,서울특별시,20220731,127.128969,37.50453217
277,고등학교,공립,7010100,영신고등학교,YOUNGSHIN HIGH SCHOOL,서울특별시교육청,7436,서울 영등포구 대방천로14길 18,/ 영신고등학교 (신길동/영신고등학교),02-834-6051,http://www.ysh.or.kr,02-831-3539,남여공학,일반고,N,일반계,,후기,주간,19900120,19910501,B10,서울특별시교육청,서울특별시,20220731,126.909739,37.49810094
278,고등학교,공립,7010099,영등포여자고등학교,Yeongdeungpo Girls’ High School,서울특별시교육청,7310,서울특별시 영등포구 영등포로62길 13,/ 영등포여자고등학교  (신길동)184-3,02-843-0479,http://ydpg.hs.kr,02-831-1114,여,일반고,N,일반계,,후기,주간,19530331,19530331,B10,서울특별시교육청,서울특별시,20220731,126.9153563,37.51538845
279,고등학교,공립,7010098,영등포고등학교,Youngdeungpo High School,서울특별시교육청,6933,서울특별시 동작구 등용로8길 5,(대방동/영등포고등학교),02-816-8323,http://www.ydp.hs.kr,02-824-4370,남,일반고,N,일반계,,후기,주간,19590313,19590407,B10,서울특별시교육청,서울특별시,20220731,126.9331435,37.5080846
280,고등학교,공립,7010097,여의도여자고등학교,Yeouido Girls’High School,서울특별시교육청,7341,서울특별시 영등포구 국제금융로7가길 13,/ 여의도여자고등학교 (여의도동),02-3780-4400,http://www.yeouido-gh.hs.kr,02-3780-4424,여,일반고,N,일반계,,후기,주간,19840301,19840506,B10,서울특별시교육청,서울특별시,20220731,126.9348574,37.52295392
281,고등학교,공립,7010096,여의도고등학교,Yeouido High School,서울특별시교육청,7338,서울특별시 영등포구 국제금융로7길 37,/ 여의도고등학교 (여의도동),070-8661-3005,http://yeouido.hs.kr,02-782-1279,남,일반고,N,일반계,,후기,주간,19721229,19730303,B10,서울특별시교육청,서울특별시,20220731,126.9342192,37.52505101
282,고등학교,공립,7010095,언남고등학교,Eonnam High School,서울특별시교육청,6780,서울 서초구 동산로13길 35,(양재동/언남고등학교),02-575-2680,http://eonnam.sen.hs.kr,02-579-7227,남여공학,일반고,N,일반계,,후기,주간,19860125,19860430,B10,서울특별시교육청,서울특별시,20220731,127.0430052,37.47233002
283,고등학교,공립,7010094,양재고등학교,Yangjae High School,서울특별시교육청,6750,서울특별시 서초구 남부순환로346길 9,(서초동/양재고등학교),02-571-4457,http://yangjae.sen.hs.kr,02-578-7507,남여공학,일반고,N,일반계,,후기,주간,19900120,19901123,B10,서울특별시교육청,서울특별시,20220731,127.0320796,37.48242164
284,고등학교,공립,7010093,신목고등학교,Shinmok High School,서울특별시교육청,8018,서울특별시 양천구 안양천로 739,(신정동/신목고등학교),070-8720-5010,http://shinmok.hs.kr,02-2645-5902,남여공학,일반고,N,일반계,,후기,주간,19861217,19870528,B10,서울특별시교육청,서울특별시,20220731,126.8736069,37.51290943
285,고등학교,공립,7010092,신림고등학교,Sillim High School,서울특별시교육청,8772,서울특별시 관악구 문성로 119,/ 신림고등학교 (신림동),02-6219-8300,www.sillim.hs.kr,02-869-1466,남여공학,일반고,N,일반계,,후기,주간,19861217,19870506,B10,서울특별시교육청,서울특별시,20220731,126.9169672,37.47921049
286,고등학교,공립,7010090,수도여자고등학교,Sudo Girls High School,서울특별시교육청,7062,서울특별시 동작구 여의대방로10길 73,/ 수도여자고등학교 (신대방동),02-2102-3506,http://www.sudo-gh.hs.kr,02-2102-3529,여,일반고,N,일반계,,후기,주간,19460610,19460610,B10,서울특별시교육청,서울특별시,20220731,126.9149071,37.49280146
287,고등학교,공립,7010089,성동고등학교,Sungdong High School,서울특별시교육청,4579,서울특별시 중구 퇴계로90길 17,/ 성동고등학교 (신당동),02-2237-2412,http://www.sungdong.hs.kr,02-2237-5748,남,자율고,N,일반계,,후기,주간,19490824,19490824,B10,서울특별시교육청,서울특별시,20220731,127.0223892,37.5641622
288,고등학교,공립,7010088,석관고등학교,SEOKGWAN HIGH SCHOOL,서울특별시교육청,2782,서울특별시 성북구 한천로70길 30,/ 석관고등학교 (석관동),02-958-1000,http://www.seokgwan.hs.kr,02-962-5364,남여공학,일반고,N,일반계,,후기,주간,19821130,19830413,B10,서울특별시교육청,서울특별시,20220731,127.0667176,37.60958929
289,고등학교,공립,7010087,서초고등학교,Seocho High School,서울특별시교육청,6656,서울특별시 서초구 반포대로27길 29,(서초동),02-584-4234,http://seocho.sen.hs.kr,02-583-6035,남여공학,일반고,N,일반계,,후기,주간,19840112,19840418,B10,서울특별시교육청,서울특별시,20220731,127.0053782,37.48961169
290,고등학교,공립,7010086,서울체육고등학교,Seoul Physical Education High School,서울특별시교육청,5541,서울특별시 송파구 강동대로 232,/ 서울체육고등학교 (방이동),02-2140-9801,http://seoul-ph.sen.hs.kr,02-2203-9803,남여공학,특목고,N,일반계,체육계열,전기,주간,19710320,19710320,B10,서울특별시교육청,서울특별시,20220731,127.1298226,37.52233038
291,고등학교,공립,7010085,서울여자고등학교,Seoul Girls` High School,서울특별시교육청,4140,서울특별시 마포구 백범로25길 34,/ 서울여자고등학교 (염리동),02-703-2211,http://seoulgs.sen.hs.kr,02-711-5667,여,자율고,N,일반계,,후기,주간,19580415,19580415,B10,서울특별시교육청,서울특별시,20220731,126.94907,37.5477805
292,고등학교,공립,7010084,서울과학고등학교,Seoul Science High School,서울특별시교육청,3066,서울특별시 종로구 혜화로 63,(명륜1가),02-740-6299,http://www.sshs.hs.kr,02-741-1368,남여공학,특목고,N,일반계,과학계열,전기,주간,19880914,19880914,B10,서울특별시교육청,서울특별시,20220731,126.9984363,37.59154805
293,고등학교,공립,7010083,서울고등학교,Seoul High School,서울특별시교육청,6669,서울특별시 서초구 효령로 197,(서초동/서울고등학교),02-582-8151,http://seoul.sen.hs.kr,02-587-3933,남,일반고,N,일반계,,후기,주간,19460201,19460201,B10,서울특별시교육청,서울특별시,20220731,127.0049019,37.48429306
294,고등학교,공립,7010082,상계고등학교,Sang-gye High School,서울특별시교육청,1761,서울특별시 노원구 노해로 432,(상계동/ 상계고등학교),02-6477-0700,http://sanggye.sen.hs.kr,02-933-9795,남,일반고,N,일반계,,후기,주간,19871215,19880428,B10,서울특별시교육청,서울특별시,20220731,127.0554534,37.65272468
295,고등학교,공립,7010081,삼성고등학교,Samsung High School,서울특별시교육청,8815,서울특별시 관악구 신림로 41,(신림동),02-871-7583,http://www.samsung.hs.kr,02-886-7251,남여공학,일반고,N,일반계,,후기,주간,19860112,19860112,B10,서울특별시교육청,서울특별시,20220731,126.9440108,37.4691077
296,고등학교,공립,7010080,반포고등학교,Banpo High School,서울특별시교육청,6598,서울특별시 서초구 고무래로 71,(반포동/반포고등학교),02-2258-4300/4100,http://banpo.sen.hs.kr,02-2258-4242,남여공학,일반고,N,일반계,,후기,주간,19831226,19840426,B10,서울특별시교육청,서울특별시,20220731,127.0165107,37.50270273
297,고등학교,공립,7010079,무학여자고등학교,Muhak Girls’ High School,서울특별시교육청,4716,서울특별시 성동구 고산자로 197,무학여자고등학교,02-2200-1724,http://www.muhak.hs.kr,02-2299-5065,여,일반고,N,일반계,,후기,주간,19400330,19400420,B10,서울특별시교육청,서울특별시,20220731,127.0338809,37.55762633
298,고등학교,공립,7010078,명일여자고등학교,Myungil Girls’ High School,서울특별시교육청,5268,서울특별시 강동구 명일로 350,(명일동/명일여자고등학교),02-481-8192,http://www.myungil.hs.kr,02-481-8197,여,일반고,N,일반계,,후기,주간,19841217,19850508,B10,서울특별시교육청,서울특별시,20220731,127.1495815,37.54977633
299,고등학교,공립,7010077,면목고등학교,Myeonmok High School,서울특별시교육청,2193,서울특별시 중랑구 용마산로72길 36-14,(면목동/면목고등학교),02-435-0002,http://mmhs.sen.hs.kr,02-435-0774,남,자율고,N,일반계,,후기,주간,19821130,19830420,B10,서울특별시교육청,서울특별시,20220731,127.0972706,37.58466341
300,고등학교,공립,7010076,둔촌고등학교,Doonchon High School,서울특별시교육청,5367,서울특별시 강동구 명일로 140,(둔촌동/둔촌고등학교),02-485-9873,https://doonchon.sen.hs.kr/,02-485-9874,남여공학,일반고,N,일반계,,후기,주간,19970115,19970412,B10,서울특별시교육청,서울특별시,20220731,127.1438087,37.53143258
301,고등학교,공립,7010075,동작고등학교,Dongjak High School,서울특별시교육청,7031,서울특별시 동작구 솔밭로 51,(사당동/동작고등학교(복합정보센타)),02-588-4196,http://dongjak.sen.hs.kr,02-523-3410,남여공학,일반고,N,일반계,,후기,주간,19911023,19910430,B10,서울특별시교육청,서울특별시,20220731,126.9650863,37.48260194
302,고등학교,공립,7010074,대영고등학교,Daeyeong High School,서울특별시교육청,7397,서울특별시 영등포구 도림로86길 16,(신길동/ 대영고등학교),02-847-2019,http://www.dy.hs.kr,02-845-3496,남여공학,자율고,N,일반계,,후기,주간,19871215,19871215,B10,서울특별시교육청,서울특별시,20220731,126.9055181,37.50365306
303,고등학교,공립,7010073,당곡고등학교,Dang-gok High School,서울특별시교육청,8712,서울특별시 관악구 봉천로21길 108,/ 당곡고등학교 (봉천동),02-6717-5200,http://www.danggok.hs.kr,02-873-4617,남여공학,자율고,N,일반계,,후기,주간,19831226,19840501,B10,서울특별시교육청,서울특별시,20220731,126.9342464,37.49176034
304,고등학교,공립,7010072,금천고등학교,Geumcheon High School,서울특별시교육청,8650,서울특별시 금천구 시흥대로38길 26,(시흥동/금천고등학교),02-896-3181,http://Geumcheon.sen.hs.kr,02-808-3186,남여공학,일반고,N,일반계,,후기,주간,19831208,19850506,B10,서울특별시교육청,서울특별시,20220731,126.9049018,37.44489502
305,고등학교,공립,7010071,금옥여자고등학교,Geumok Girls High School,서울특별시교육청,8080,서울특별시 양천구 신정로 213,(신정동),02-2086-7502,http://www.geumok.hs.kr,02-2086-7575,여,일반고,N,일반계,,후기,주간,19810115,19810503,B10,서울특별시교육청,서울특별시,20220731,126.8439717,37.51096532
306,고등학교,공립,7010069,구일고등학교,Guil High School,서울특별시교육청,8324,서울특별시 구로구 구일로 90-51,(구로동),02-858-2549,http://www.guil.hs.kr,02-867-2826,남여공학,일반고,N,일반계,,후기,주간,19900120,19900120,B10,서울특별시교육청,서울특별시,20220731,126.8746185,37.49350529
307,고등학교,공립,7010068,구로고등학교,Guro High School,서울특별시교육청,8299,서울특별시 구로구 가마산로27길 45,/ 구로고등학교 (구로동),02-851-2065,http://guro.hs.kr,02-851-9826,남여공학,일반고,N,일반계,,후기,주간,19811231,19820424,B10,서울특별시교육청,서울특별시,20220731,126.8903092,37.49884008
308,고등학교,공립,7010067,광양고등학교,Gwangyang High School,서울특별시교육청,5104,서울특별시 광진구 자양로3가길 31,(자양동),02-446-1435,http://www.gwangyang.hs.kr,02-458-9715,남여공학,자율고,N,일반계,,후기,주간,19861215,19880420,B10,서울특별시교육청,서울특별시,20220731,127.0851823,37.52937892
309,고등학교,공립,7010066,광남고등학교,Gwangnam High School,서울특별시교육청,4973,서울특별시 광진구 아차산로70길 17-16,/ 광남고등학교 (광장동/ 광남고등학교),02-2204-8705,http://www.gwang-nam.hs.kr,02-458-7043,남여공학,일반고,N,일반계,,후기,주간,19860125,19860513,B10,서울특별시교육청,서울특별시,20220731,127.1012139,37.54151472
310,고등학교,공립,7010065,관악고등학교,kwanak high school,서울특별시교육청,7278,서울특별시 영등포구 영등포로6길 26,(양평동2가),02-2633-5954,http://kwan-ak.hs.kr,02-2632-9358,남여공학,일반고,N,일반계,,후기,주간,19550427,19730427,B10,서울특별시교육청,서울특별시,20220731,126.8829235,37.52179166
311,고등학교,공립,7010064,공항고등학교,Konghang High School,서울특별시교육청,7597,서울특별시 강서구 방화대로34길 43,(마곡동/ 공항고등학교),02-2664-6874,http://www.konghang.hs.kr,02-6309-3919,남여공학,일반고,N,일반계,,후기,주간,19821130,19830412,B10,서울특별시교육청,서울특별시,20220731,126.8185198,37.57046109
312,고등학교,공립,7010063,고척고등학교,Gocheok High School,서울특별시교육청,8239,서울특별시 구로구 중앙로15길 162,/ 고척고등학교 (고척동/ 고척고등학교),02-2616-9813,http://gocheok.sen.hs.kr,02-2615-7802,남여공학,자율고,N,일반계,,후기,주간,19841215,19841217,B10,서울특별시교육청,서울특별시,20220731,126.8498691,37.50804938
313,고등학교,공립,7010062,경복고등학교,Kyungbock High School,서울특별시교육청,3047,서울특별시 종로구 자하문로28가길 9,/ 경복고등학교 (청운동/경복고등학교),02-397-5301,http://kyungbock.sen.hs.kr,02-736-0422,남,일반고,N,일반계,,후기,주간,19210502,19210502,B10,서울특별시교육청,서울특별시,20220731,126.9715109,37.58594567
314,고등학교,공립,7010061,경동고등학교,Kyungdong High School,서울특별시교육청,2870,서울특별시 성북구 보문로29길 49,(삼선동3가/ 경동고등학교),02-928-2353,www.kyungdong.hs.kr,02-926-7525,남,자율고,N,일반계,,후기,주간,19400416,19400416,B10,서울특별시교육청,서울특별시,20220731,127.0160317,37.58660133
315,고등학교,공립,7010060,경기여자고등학교,Kyunggi Girls’High School,서울특별시교육청,6324,서울특별시 강남구 삼성로 29,/ 경기여자고등학교 (개포동),02-573-6797,http://www.kgg.hs.kr,02-575-1157,여,일반고,N,일반계,,후기,주간,19080401,19080401,B10,서울특별시교육청,서울특별시,20220731,127.0661016,37.48695715
316,고등학교,공립,7010059,경기고등학교,Kyunggi High School,서울특별시교육청,6086,서울특별시 강남구 영동대로 643,/ 경기고등학교 (삼성동),02-3496-7300,http://kyunggi.hs.kr/,02-3496-7497,남,일반고,N,일반계,,후기,주간,19001003,19001003,B10,서울특별시교육청,서울특별시,20220731,127.0560755,37.51756454
317,고등학교,공립,7010058,개포고등학교,Gaepo High School,서울특별시교육청,6324,서울특별시 강남구 개포로 402,(개포동/ 개포고등학교),02-576-3333,http://www.gaepo.hs.kr,02-571-6560,남여공학,일반고,N,일반계,,후기,주간,19870512,19870512,B10,서울특별시교육청,서울특별시,20220731,127.0594065,37.48496029
318,고등학교,공립,7010057,가락고등학교,Garak High School,서울특별시교육청,5678,서울특별시 송파구 송이로 42,(송파동/가락고등학교),02-416-4658,http://garak.sen.hs.kr,02-421-9669,남여공학,일반고,N,일반계,,후기,주간,19881223,19890428,B10,서울특별시교육청,서울특별시,20220731,127.1164258,37.50107579
319,고등학교,국립,1371663,국립전통예술고등학교,NATIONAL HIGH SCHOOL OF TRADITIONAL KOREAN ARTS,교육부,8650,서울특별시 금천구 시흥대로38길 62,(시흥동),02-896-1094,http://kugak-am.hs.kr,02-896-1096,남여공학,특목고,N,일반계,예술계열,전기,주간,19600513,19600513,B10,서울특별시교육청,서울특별시,20220731,126.9064634,37.44637069
320,고등학교,국립,1371661,국립국악고등학교,Gugak National High School,교육부,6311,서울특별시 강남구 개포로22길 65,(개포동/ 국악고등학교),02-3460-0500,http://gugak.sen.hs.kr,02-3460-0555,남여공학,특목고,N,일반계,예술계열,전기,주간,19550401,19720909,B10,서울특별시교육청,서울특별시,20220731,127.0512138,37.47623974
