"학교종류명","설립구분","표준학교코드","학교명","영문학교명","관할조직명","도로명우편번호","도로명주소","도로명상세주소","전화번호","홈페이지주소","팩스번호","남녀공학구분명","고등학교구분명","산업체특별학급존재여부","고등학교일반실업구분명","특수목적고등학교계열명","입시전후기구분명","주야구분명","설립일자","개교기념일","시도교육청코드","시도교육청명","소재지명","적재일시"
"고등학교","사립","7011508","선일빅데이터고등학교","SUNIL BIGDATA HIGHSCHOOL","서울특별시교육청","03322","서울특별시 은평구 갈현로29길 27","/ 선일빅데이터고등학교 (갈현동)","02-355-5648","https://bigdata.sen.hs.kr/","02-354-0935","여","특성화고","N","전문계","","전기","주간","19850108","19850311","B10","서울특별시교육청","서울특별시","20220731"
"고등학교","사립","7011507","대경생활과학고등학교","Daekyeong Life Science High School","서울특별시교육청","04592","서울특별시 중구 매봉18길 111","(신당동)","02-2235-5155","http://daekyeong.sen.hs.kr","02-2237-9142","남여공학","특성화고","N","전문계","","전기","주간","19560228","19560416","B10","서울특별시교육청","서울특별시","20220731"
"고등학교","사립","7011506","서울매그넷고등학교","Seoul Magnet High School","서울특별시교육청","08656","서울특별시 금천구 탑골로10길 45","(시흥동/ 동일여자상업고등학교)","02-807-6333","seoulmagnet.sen.hs.kr","02-804-9040","여","특성화고","N","전문계","","전기","주간","19870112","19870303","B10","서울특별시교육청","서울특별시","20220731"
"고등학교","사립","7011505","광운인공지능고등학교","Kwangwoon Artificial Intelligence High School","서울특별시교육청","01890","서울특별시 노원구 광운로1길 24","(월계동/광운중학교/전자공업고등학교)","02-918-7761","http://kwangwoon.sen.hs.kr","02-917-5091","남","특성화고","N","전문계","","전기","주간","19340520","19340520","B10","서울특별시교육청","서울특별시","20220731"
"고등학교","공립","7011499","덕수고등학교(일반고)","Duksoo High School","서울특별시교육청","05846","서울특별시 송파구 위례북로 10","(거여동/ 덕수고등학교)","02-6952-2801","https://duksoowr.sen.hs.kr","02-449-9069","남여공학","일반고","N","일반계","","전기","주간","19100413","19100413","B10","서울특별시교육청","서울특별시","20220731"
"고등학교","공립","7011498","서울인공지능고등학교","SEOUL ARTIFICIAL INTELLIGENCE HIGHSCHOOL","서울특별시교육청","05771","서울특별시 송파구 양산로 21","(거여동)","6711-0508/6711-0595","https://seoulai.sen.hs.kr","02-6711-0599","남여공학","특성화고","N","전문계","","전기","주간","19910301","19910301","B10","서울특별시교육청","서울특별시","20220731"
"고등학교","공립","7011495","용산철도고등학교","Yongsan Railroad High School","서울특별시교육청","04388","서울특별시 용산구 서빙고로 24","(한강로3가/ 용산철도고등학교)","02-6905-7777","http://yongsan-th.sen.hs.kr","02-6905-7890","남여공학","특성화고","N","전문계","","전기","주간","19630518","19630518","B10","서울특별시교육청","서울특별시","20220731"
"고등학교","사립","7011494","서울동산고등학교","Seoul Dongsan High School","서울특별시교육청","01832","서울특별시 노원구 공릉로 257","(공릉동)","02-971-0903","http://seouldongsan.sen.hs.kr","02-973-3052","남여공학","특성화고","N","전문계","","전기","주간","19680302","19680429","B10","서울특별시교육청","서울특별시","20220731"
"고등학교","사립","7011493","인덕과학기술고등학교","Induk Science and Technology High School","서울특별시교육청","01878","서울특별시 노원구 초안산로 12","/ 인덕과학기술고등학교 (월계동/ 인덕대학교/인덕공업고등학교)","02-902-2060","http://induk.sen.hs.kr","02-996-9278","남여공학","특성화고","N","전문계","","전기","주간","19631214","19631214","B10","서울특별시교육청","서울특별시","20220731"
"고등학교","사립","7011492","서울신정고등학교","Seoul Shinjeong High School","서울특별시교육청","07736","서울특별시 강서구 등촌로13아길 20","(화곡동/ 서울신정고등학교)","02-2644-3543","http://shinjeong.sen.hs.kr","02-2644-0021","여","특성화고","N","전문계","","전기","주간","19780130","19780130","B10","서울특별시교육청","서울특별시","20220731"
"고등학교","사립","7011491","서일문화예술고등학교","SEOIL CULTURE  ARTS HIGH SCHOOLl","서울특별시교육청","03094","서울특별시 종로구 지봉로17길 49","(창신동)","02-763-5863","http://seoil.sen.hs.kr","02-765-8573","남여공학","특성화고","N","전문계","","전기","주간","19661208","19690715","B10","서울특별시교육청","서울특별시","20220731"
"고등학교","사립","7011490","동명생활경영고등학교","Dongmyung Career and Business High School","서울특별시교육청","03390","서울특별시 은평구 통일로 793","(대조동)","02-383-2628","http://dmgcab.sen.hs.kr/","02-389-5011","여","특성화고","N","전문계","","전기","주간","19210603","19210603","B10","서울특별시교육청","서울특별시","20220731"
"고등학교","사립","7011489","단국대학교부속소프트웨어고등학교","Dankook University Software High School","서울특별시교육청","06278","서울특별시 강남구 도곡로64길 21","(대치동 1013)","02-2116-0115","http://dankook.sen.hs.kr","02-2116-0176","남","특성화고","N","전문계","","전기","주간","19471103","19501103","B10","서울특별시교육청","서울특별시","20220731"
"고등학교","사립","7011488","광신방송예술고등학교","KWANGSHIN BROADCASTING ARTS HIGH SCHOOL","서울특별시교육청","08847","서울특별시 관악구 광신길 141","(신림동/ 광신방송예술고등학교)","02-881-8612","http://ksmedia.sen.hs.kr","02-881-8637","남여공학","특성화고","N","전문계","","전기","주간","19051010","19051010","B10","서울특별시교육청","서울특별시","20220731"
"고등학교","사립","7011487","고명외식고등학교","Komyung Food Service High School","서울특별시교육청","02828","서울특별시 성북구 북악산로 870","(돈암동)","02-928-8366","http://komyung.sen.hs.kr","02-924-6059","남여공학","특성화고","N","전문계","","전기","주간","19560221","19560221","B10","서울특별시교육청","서울특별시","20220731"
"고등학교","사립","7011486","서울의료보건고등학교","Seoul Medical Healthcare High School","서울특별시교육청","04502","서울특별시 중구 만리재로37길 30","(만리동1가)","02-392-6666","http://smh.sen.hs.kr","02-392-2233","여","특성화고","N","전문계","","전기","주간","19710531","19921002","B10","서울특별시교육청","서울특별시","20220731"
"고등학교","사립","7011482","영락의료과학고등학교","YOUNGNAK MEDICAL-SCIENCE HIGH SCHOOL","서울특별시교육청","08831","서울특별시 관악구 청룡16길 25","(봉천동/ 서울영락고등학교/ 영락의료과학고등학교)","02-884-1004","http://youngnak-c.sen.hs.kr","02-876-2708","남여공학","특성화고","N","전문계","","전기","주간","19520610","19590409","B10","서울특별시교육청","서울특별시","20220731"
"고등학교","사립","7011457","풍문고등학교","Poongmoon High School","서울특별시교육청","06373","서울특별시 강남구 자곡로 152","(자곡동)","02-3451-8800","http://poongmoon.sen.hs.kr","02-732-4536","남여공학","일반고","N","일반계","","후기","주간","19440410","19440410","B10","서울특별시교육청","서울특별시","20220731"
"고등학교","공립","7011319","금호고등학교","GeumhoHighSchool","서울특별시교육청","04727","서울특별시 성동구 금호로 118","(금호동1가)","02-2022-0800","http://geumho.sen.hs.kr","02-2022-0840","남여공학","일반고","N","일반계","","전기","주간","20170301","20170522","B10","서울특별시교육청","서울특별시","20220731"
"고등학교","공립","7011318","도선고등학교","DOSUN HIGH SCHOOL","서울특별시교육청","04701","서울특별시 성동구 마장로 156","(하왕십리동)","02-2292-8176","http://dosun.sen.hs.kr","02-2292-7556","남여공학","일반고","N","일반계","","전기","주간","20170301","20170524","B10","서울특별시교육청","서울특별시","20220731"
"고등학교","사립","7011316","신진과학기술고등학교","SHINJIN SCIENCE TECHNOLOGY HIGH SCHOOL","서울특별시교육청","03453","서울특별시 은평구 은평로6길 16","(응암동/학교법인신진학원)","02-385-3451","http://shinjin.sen.hs.kr","02-383-3481","남여공학","특성화고","N","전문계","","전기","주간","19700130","19700316","B10","서울특별시교육청","서울특별시","20220731"
"고등학교","사립","7011315","선정국제관광고등학교","Sunjung International Tourism High School","서울특별시교육청","03327","서울특별시 은평구 서오릉로20길 19","/ 선정국제관광고등학교 (갈현동)","02-3156-1600","http://sjt.sen.hs.kr","02-352-5073","남여공학","특성화고","N","전문계","","전기","주간","19941005","19500522","B10","서울특별시교육청","서울특별시","20220731"
"고등학교","사립","7011312","계성고등학교","Gyeseong High School","서울특별시교육청","02720","서울특별시 성북구 길음로 63","/ 계성고등학교 (길음동)","02-728-6100","gyeseong.sen.hs.kr","02-776-7086","남여공학","일반고","N","일반계","","후기","주간","19440908","19440908","B10","서울특별시교육청","서울특별시","20220731"
"고등학교","사립","7011311","서울항공비즈니스고등학교","SEOUL AERO BUSINESS HIGH SCHOOL","서울특별시교육청","07597","서울특별시 강서구 방화대로34길 13","(방화동)","02-2665-5900","http://sab.sen.hs.kr","02-2666-0065","남여공학","특성화고","N","전문계","","전기","주간","19870109","19870605","B10","서울특별시교육청","서울특별시","20220731"
"고등학교","사립","7011213","서울컨벤션고등학교","SEOUL CONVENTION HIGH SCHOOL","서울특별시교육청","05225","서울특별시 강동구 동남로 964","/ 서울컨벤션고등학교 (고덕동)","02-3427-7400","http://seoul-chs.sen.hs.kr","02-3427-7711","남여공학","특성화고","N","전문계","","전기","주간","19611215","19611215","B10","서울특별시교육청","서울특별시","20220731"
"고등학교","사립","7011186","대일관광고등학교","Daeil Tourism High School","서울특별시교육청","08051","서울특별시 양천구 신정이펜1로 11","/ 대일관광고등학교 (신정동/ 대일관광고등학교)","070-4377-8871","http://daeil-tour.sen.hs.kr","02-2603-7361","여","특성화고","N","전문계","","전기","주간","19800926","19800926","B10","서울특별시교육청","서울특별시","20220731"
"고등학교","사립","7011184","예림디자인고등학교","Yerim Design High School","서울특별시교육청","08248","서울특별시 구로구 오리로21길 2","(궁동/예림디자인고등학교)","02-2617-2333","http://yerim.sen.hs.kr","02-2615-5415","여","특성화고","N","전문계","","전기","주간","19651205","20211205","B10","서울특별시교육청","서울특별시","20220731"
"고등학교","공립","7011180","서울도시과학기술고등학교","Seoul Urban Science Technical High School","서울특별시교육청","02736","서울특별시 성북구 종암로 196","(하월곡동/서울도시과학기술고등학교)","02-940-2500","http://www.sust.hs.kr","02-940-2508","남여공학","특목고","N","전문계","산업수요 맞춤형 고등학교","전기","주간","19640108","19640108","B10","서울특별시교육청","서울특별시","20220731"
"고등학교","사립","7011179","성덕고등학교","Seongdeok High School","서울특별시교육청","05306","서울특별시 강동구 구천면로 396","(천호동)","02-475-4620","http://ssd.hs.kr","02-3784-6939","남여공학","일반고","N","일반계","","후기","주간","19761228","19770905","B10","서울특별시교육청","서울특별시","20220731"
"고등학교","공립","7011169","가재울고등학교","Gajaeul High School","서울특별시교육청","03709","서울특별시 서대문구 수색로 100-35","(북가좌동)","02-6351-0500","http://www.gajaeul.hs.kr","02-307-6605","남여공학","일반고","N","일반계","","후기","주간","20130301","20130501","B10","서울특별시교육청","서울특별시","20220731"
"고등학교","공립","7011113","휘봉고등학교","HWIBONG High School","서울특별시교육청","02511","서울특별시 동대문구 한천로 290","(휘경동)","02-2116-7211","http://hwibong.sen.hs.kr","02-2249-7121","남여공학","일반고","N","일반계","","후기","주간","20120106","20120501","B10","서울특별시교육청","서울특별시","20220731"
"고등학교","공립","7011112","잠일고등학교","Jamil High School","서울특별시교육청","05501","서울특별시 송파구 백제고분로 21","(잠실동)","02-2141-2000","http://jamil.sen.hs.kr","02-414-9973","남여공학","일반고","N","일반계","","후기","주간","20120301","20120506","B10","서울특별시교육청","서울특별시","20220731"
"고등학교","공립","7011111","구암고등학교","Guahm High School","서울특별시교육청","08723","서울특별시 관악구 성현로 57","(봉천동/구암고등학교)","02-879-9823","http://www.guahm.hs.kr","02-879-1981","남여공학","일반고","N","일반계","","후기","주간","20120301","20120501","B10","서울특별시교육청","서울특별시","20220731"
"고등학교","국립","7011109","서울대학교사범대학부설고등학교","Seoul National University High School","교육부","02796","서울특별시 성북구 월곡로 6","(종암동)","02-913-7305","https://snu.sen.hs.kr/","02-919-5275","남여공학","일반고","N","일반계","","후기","주간","19460901","19461015","B10","서울특별시교육청","서울특별시","20220731"
"고등학교","사립","7011089","화곡보건경영고등학교","Hwagok Nursing And Business High School","서울특별시교육청","07638","서울특별시 강서구 강서로45길 70","(내발산동/ 화곡보건경영고등학교)","070-8644-6300","http://www.hwagok-gii.hs.kr","02-2664-2803","여","특성화고","N","전문계","","전기","주간","19870108","19870916","B10","서울특별시교육청","서울특별시","20220731"
"고등학교","사립","7011088","영신간호비즈니스고등학교","YOUNGSHIN NURSING BUSINESSS HIGH SCHOOL","서울특별시교육청","01721","서울특별시 노원구 중계로16나길 13","/ 영신간호비즈니스고등학교 (중계동)","02-951-5772","http://youngshin.sen.hs.kr","02-3391-9702","여","특성화고","N","전문계","","전기","주간","19921007","19930508","B10","서울특별시교육청","서울특별시","20220731"
"고등학교","사립","7011087","홍익디자인고등학교","Hongik Design High School","서울특별시교육청","03977","서울특별시 마포구 성미산로 111","(연남동)","02-3140-1256","http://hid.sen.hs.kr","02-3140-1340","여","특성화고","N","전문계","","전기","주간","19920727","19920727","B10","서울특별시교육청","서울특별시","20220731"
"고등학교","사립","7011086","동구마케팅고등학교","DONGGOO MARKETING HIGH SCHOOL","서울특별시교육청","02834","서울특별시 성북구 성북로8길 71","/ 동구마케팅고등학교 (성북동)","02-762-1301","donggoo.sen.hs.kr","02-747-6525","여","특성화고","N","전문계","","전기","주간","19420617","19420617","B10","서울특별시교육청","서울특별시","20220731"
"고등학교","사립","7011085","송곡관광고등학교","Songgok Tourism High School","서울특별시교육청","02057","서울특별시 중랑구 양원역로 67","(망우동)","02-432-1837","http://www.sgi.hs.kr","02-433-2183","여","특성화고","N","전문계","","전기","주간","19970902","19970524","B10","서울특별시교육청","서울특별시","20220731"
"고등학교","사립","7011084","세그루패션디자인고등학교","Segeuru Fashion Design High School","서울특별시교육청","01375","서울특별시 도봉구 시루봉로 53","/ 세그루패션디자인고등학교 (쌍문동)","02-993-0211","http://sfd.sen.hs.kr","02-998-7912","여","특성화고","N","전문계","","전기","주간","19741227","19740915","B10","서울특별시교육청","서울특별시","20220731"
"고등학교","공립","7010985","삼각산고등학교","Samgaksan High School","서울특별시교육청","01199","서울특별시 강북구 삼양로19길 40","(미아동/삼각산고등학교)","02-980-2290","http://samgaksan.hs.kr","02-989-6930","남여공학","일반고","N","일반계","","후기","주간","20110301","20110301","B10","서울특별시교육청","서울특별시","20220731"
"고등학교","공립","7010984","선사고등학교","SUNSA HIGH SCHOOL","서울특별시교육청","05237","서울특별시 강동구 고덕로25길 17","/ 선사고등학교 (암사동)","02-426-1749","http://www.sunsa.hs.kr","02-426-1748","남여공학","일반고","N","일반계","","후기","주간","20110301","20110501","B10","서울특별시교육청","서울특별시","20220731"
"고등학교","공립","7010983","신도고등학교","SINDO HIGH SCHOOL","서울특별시교육청","03312","서울특별시 은평구 통일로 961","(진관동)","02-3157-0021","http://www.sindo.hs.kr","02-3157-0035","남여공학","일반고","N","일반계","","후기","주간","20110301","20110301","B10","서울특별시교육청","서울특별시","20220731"
"고등학교","사립","7010965","동양고등학교","Dongyang High School","서울특별시교육청","07529","서울특별시 강서구 허준로 50","(가양동/동양고등학교)","02-2657-0800","http://www.dongyang.hs.kr","02-3664-9463","남","일반고","N","일반계","","후기","주간","19530519","19530519","B10","서울특별시교육청","서울특별시","20220731"
"고등학교","공립","7010964","서울금융고등학교","Seoul Finance High School","서울특별시교육청","07909","서울특별시 양천구 가로공원로61길 19","/ 서울금융고등학교 (신월동)","02-2694-3710","http://www.seoulfc.hs.kr","02-2690-6754","남여공학","특성화고","N","전문계","","전기","주간","19841217","19841217","B10","서울특별시교육청","서울특별시","20220731"
"고등학교","사립","7010962","은평메디텍고등학교","Eunpyeong MediTech High School","서울특별시교육청","03306","서울특별시 은평구 진관2로 57-57","(진관동/은평메디텍고등학교)","070-4020-6800","http://www.eunpyeong.hs.kr","02-357-0836","남여공학","특성화고","N","전문계","","전기","주간","19700302","19910807","B10","서울특별시교육청","서울특별시","20220731"
"고등학교","사립","7010960","서울아이티고등학교","Seoul Information Technology High School","서울특별시교육청","01773","서울특별시 노원구 섬밭로 299","(중계동/서울아이티고등학교)","02-948-1901","http://www.seoulit.hs.kr","02-977-8269","남여공학","특성화고","N","전문계","","전기","주간","19921030","19921030","B10","서울특별시교육청","서울특별시","20220731"
"고등학교","공립","7010959","문현고등학교","MUNHYEON HIGH SCHOOL","서울특별시교육청","05811","서울특별시 송파구 충민로 115","(장지동)","02-6951-8702","http://munhyeon.sen.hs.kr","02-3012-0880","남여공학","일반고","N","일반계","","후기","주간","20100301","20100301","B10","서울특별시교육청","서울특별시","20220731"
"고등학교","공립","7010958","강일고등학교","GANGIL HIGH SCHOOL","서울특별시교육청","05213","서울특별시 강동구 아리수로98길 40","(강일동)","02-428-6200","http://www.gang-il.hs.kr","02-428-6810","남여공학","일반고","N","일반계","","후기","주간","20100301","20100404","B10","서울특별시교육청","서울특별시","20220731"
"고등학교","사립","7010918","하나고등학교","Hana Academy Seoul","서울특별시교육청","03305","서울특별시 은평구 연서로 535","/ 하나고등학교 (진관동)","02-6913-1111","http://www.hana.hs.kr","02-6913-1785","남여공학","자율고","N","일반계","","전기","주간","20090821","20091031","B10","서울특별시교육청","서울특별시","20220731"
"고등학교","공립","7010917","압구정고등학교","Apgujeong High School","서울특별시교육청","06003","서울특별시 강남구 압구정로39길 20","/ 압구정고등학교 (압구정동)","02-549-0214","http://www.apgujeong.hs.kr/","02-515-8610","남여공학","일반고","N","일반계","","후기","주간","19861217","19870506","B10","서울특별시교육청","서울특별시","20220731"
"고등학교","사립","7010916","상일미디어고등학교","Sangil Media High School","서울특별시교육청","05282","서울특별시 강동구 천호대로219길 61","/ 상일미디어고등학교 (상일동)","02-428-0733","http://www.sangilmedia.hs.kr","02-3427-0733","남여공학","특성화고","N","전문계","","전기","주간","19831226","19841006","B10","서울특별시교육청","서울특별시","20220731"
"고등학교","사립","7010911","한세사이버보안고등학교","Hansei Cyber Security High School","서울특별시교육청","04129","서울특별시 마포구 마포대로11길 44-80","(아현동)","02-362-0130","http://www.hansei.org","02-312-3996","남여공학","특성화고","N","전문계","","전기","주간","19941005","19941005","B10","서울특별시교육청","서울특별시","20220731"
"고등학교","사립","7010910","염광여자메디텍고등학교","Yumkwang Girls` Meditech High School","서울특별시교육청","01874","서울특별시 노원구 월계로45가길 9","/ 염광여자메디텍고등학교 (월계동)","02-994-3104","http://www.ykm.hs.kr","02-903-2813","여","특성화고","N","전문계","","전기","주간","19680301","19680301","B10","서울특별시교육청","서울특별시","20220731"
"고등학교","사립","7010908","리라아트고등학교","Lila Art High School","서울특별시교육청","04628","서울특별시 중구 소파로2길","/ 24 (예장동/리라아트고등학교)","02-775-6541","http://www.lila.hs.kr","02-319-0681","남여공학","특성화고","N","전문계","","전기","주간","19520520","19520520","B10","서울특별시교육청","서울특별시","20220731"
"고등학교","사립","7010906","서울공연예술고등학교","School of Performing Arts/ Seoul","서울특별시교육청","08249","서울특별시 구로구 오리로22나길 16-26","/ 서울공연예술고등학교 (궁동)","02-3281-9760","http://sopa.hs.kr","02-3281-9768","남여공학","특목고","N","일반계","예술계열","전기","주간","19660306","19661002","B10","서울특별시교육청","서울특별시","20220731"
"고등학교","공립","7010889","성동글로벌경영고등학교","Seongdong Global Business High School","서울특별시교육청","04566","서울특별시 중구 퇴계로 375","(신당동/ 성동글로벌경영고등학교)","02-2252-1932","http://sdglobal.sen.hs.kr","02-2235-7150","여","특성화고","N","전문계","","전기","주간","19610303","19610303","B10","서울특별시교육청","서울특별시","20220731"
"고등학교","공립","7010888","서울문화고등학교","Seoul Culture High School","서울특별시교육청","01338","서울특별시 도봉구 마들로 598","/ 서울문화고등학교 (방학동)","02-955-9100","http://seoulculture.sen.hs.kr","02-3491-7697","남여공학","특성화고","N","전문계","","전기","주간","19831226","19840507","B10","서울특별시교육청","서울특별시","20220731"
"고등학교","공립","7010887","미양고등학교","Miyang High School","서울특별시교육청","01190","서울특별시 강북구 인수봉로 39","/ 미양고등학교 (미아동)","02-982-6104","http://mi-yang.hs.kr","02-982-6106","남여공학","자율고","N","일반계","","후기","주간","20090301","20090610","B10","서울특별시교육청","서울특별시","20220731"
"고등학교","공립","7010886","성수고등학교","Seongsu High School","서울특별시교육청","04768","서울특별시 성동구 서울숲길 18","/ 성수고등학교 (성수동1가)","02-6913-3520","http://seongsu.sen.hs.kr","02-461-3346","남여공학","일반고","N","일반계","","후기","주간","20090301","20090301","B10","서울특별시교육청","서울특별시","20220731"
"고등학교","공립","7010885","수명고등학교","Sumyeong High School","서울특별시교육청","07635","서울특별시 강서구 수명로2길 15","/ 수명고등학교 (내발산동)","02-2660-5500","http://www.sumyeong.hs.kr","02-2660-5519","남여공학","일반고","N","일반계","","후기","주간","20090301","20090504","B10","서울특별시교육청","서울특별시","20220731"
"고등학교","공립","7010884","신도림고등학교","Shindorim High School","서울특별시교육청","08200","서울특별시 구로구 경인로67길 159","(신도림동/신도림고등학교)","02-2068-7979","https://shindorim.sen.hs.kr/","02-2068-7622","남여공학","일반고","N","일반계","","후기","주간","20090301","20090301","B10","서울특별시교육청","서울특별시","20220731"
"고등학교","공립","7010883","진관고등학교","Jingwan High School","서울특별시교육청","03302","서울특별시 은평구 진관4로 26","(진관동)","02-358-0783","http://www.jingwan.hs.kr","02-358-0866","남여공학","일반고","N","일반계","","후기","주간","20090102","20090604","B10","서울특별시교육청","서울특별시","20220731"
"고등학교","공립","7010882","은평고등학교","Eunpyeong High School","서울특별시교육청","03429","서울특별시 은평구 갈현로15길 47","(구산동/ 은평고등학교)","02-383-0872","http://ep.sen.hs.kr","02-383-0860","남여공학","일반고","N","일반계","","후기","주간","20090301","20090301","B10","서울특별시교육청","서울특별시","20220731"
"고등학교","사립","7010837","성암국제무역고등학교","Seong-Am International Trade High School","서울특별시교육청","01174","서울특별시 강북구 도봉로29길 52","(미아동/ 성암국제무역고등학교)","02-2179-1717","http://seongam.sen.hs.kr","02-985-5399","여","특성화고","N","전문계","","전기","주간","19600219","19601001","B10","서울특별시교육청","서울특별시","20220731"
"고등학교","공립","7010836","서울방송고등학교","Seoul Broadcasting High School","서울특별시교육청","04731","서울특별시 성동구 동호로5길 131","(옥수동)","02-2281-0091","https://seb.sen.hs.kr","02-2281-0095","남여공학","특성화고","N","전문계","","전기","주간","19911030","19911030","B10","서울특별시교육청","서울특별시","20220731"
"고등학교","사립","7010835","경복비즈니스고등학교","Kyungbok Business High School","서울특별시교육청","07589","서울특별시 강서구 화곡로 379","(등촌동)","02-3661-3425","http://www.kbb.hs.kr","02-3661-8372","여","특성화고","N","전문계","","전기","주간","19721002","19721002","B10","서울특별시교육청","서울특별시","20220731"
"고등학교","사립","7010833","대동세무고등학교","Daedong Taxation High School","서울특별시교육청","03057","서울특별시 종로구 계동길 84-10","(계동)","02-763-1631","http://daedong.sen.hs.kr","02-763-1632","남여공학","특성화고","N","전문계","","전기","주간","19250418","19250418","B10","서울특별시교육청","서울특별시","20220731"
"고등학교","공립","7010828","한강미디어고등학교","Hangang Media High School","서울특별시교육청","07206","서울특별시 영등포구 선유로55길 22","(양평동4가/한강미디어고등학교)","02-2671-1448","http://www.hangang-ech.hs.kr","02-2635-6399","남여공학","특성화고","N","전문계","","전기","주간","19950110","19950110","B10","서울특별시교육청","서울특별시","20220731"
"고등학교","공립","7010827","구현고등학교","Guhyun High School","서울특별시교육청","08217","서울특별시 구로구 경인로53가길 17","(구로동)","02-2628-8916","http://www.guhyun.hs.kr","02-2628-8915","남여공학","자율고","N","일반계","","후기","주간","20080301","20080301","B10","서울특별시교육청","서울특별시","20220731"
"고등학교","사립","7010818","해성여자고등학교","Haesung Girls’ High School","서울특별시교육청","02505","서울특별시 동대문구 전농로20길 31","(전농동/해성여자고등학교)","02-2244-5318","http://haesung-g.hs.kr","070-8769-9458","여","일반고","N","일반계","","후기","주간","20080301","20080301","B10","서울특별시교육청","서울특별시","20220731"
"고등학교","공립","7010817","서울국제고등학교","Seoul Global High School","서울특별시교육청","03066","서울특별시 종로구 성균관로13길 40","/ 서울국제고 (명륜1가)","02-743-9385","http://sghs.sen.hs.kr","02-743-9409","남여공학","특목고","N","일반계","국제계열","전기","주간","20070719","20080507","B10","서울특별시교육청","서울특별시","20220731"
"고등학교","공립","7010816","세종과학고등학교","Sejong Science High School","서울특별시교육청","08258","서울특별시 구로구 오리로21길 79","(궁동)","02-2060-4133","http://www.sjsh.hs.kr","02-2060-4144","남여공학","특목고","N","일반계","과학계열","전기","주간","20080301","20080415","B10","서울특별시교육청","서울특별시","20220731"
"고등학교","사립","7010813","보인고등학교","Boin High School","서울특별시교육청","05742","서울특별시 송파구 오금로49길 18","/ 보인고등학교 (오금동)","02-2043-6021","http://www.boin.hs.kr","02-449-8063","남","자율고","N","일반계","","전기","주간","19080608","19080608","B10","서울특별시교육청","서울특별시","20220731"
"고등학교","사립","7010811","해성국제컨벤션고등학교","HAESUNG INTERNATIONAL CONVENTION HIGH SCHOOL","서울특별시교육청","02505","서울특별시 동대문구 전농로20길 31","/ 해성국제컨벤션고등학교 (전농동)","070-8786-1300","http://www.haesung.hs.kr","02-2214-1958","여","특성화고","N","전문계","","전기","주간","19560328","19610404","B10","서울특별시교육청","서울특별시","20220731"
"고등학교","사립","7010810","예일디자인고등학교","Yale Design High School","서울특별시교육청","03412","서울특별시 은평구 연서로 117","/ 예일디자인고등학교 (구산동)","02-380-0855","http://yaledesign.sen.hs.kr","02-380-0880","여","특성화고","N","전문계","","전기","주간","19930926","19930926","B10","서울특별시교육청","서울특별시","20220731"
"고등학교","공립","7010809","서울전자고등학교","Seoul Electronics High School","서울특별시교육청","06761","서울특별시 서초구 과천대로 852-23","(방배동)","02-6011-4100","http://e-seoul.sen.hs.kr","02-597-9693","남여공학","특성화고","N","전문계","","전기","주간","19940105","19940506","B10","서울특별시교육청","서울특별시","20220731"
"고등학교","공립","7010808","덕수고등학교","Duksoo High School","서울특별시교육청","04764","서울특별시 성동구 왕십리로 199","(행당동)","02-2292-5707","http://duksoo.sen.hs.kr","02-2299-0703","남여공학","특성화고","N","전문계","","전기","주간","19100413","19100413","B10","서울특별시교육청","서울특별시","20220731"
"고등학교","공립","7010806","상암고등학교","Sang-am High School","서울특별시교육청","03903","서울특별시 마포구 월드컵북로 445","(상암동)","02-373-0041","http://www.sangam.hs.kr","02-373-0068","남여공학","자율고","N","일반계","","후기","주간","20070104","20070510","B10","서울특별시교육청","서울특별시","20220731"
"고등학교","공립","7010805","원묵고등학교","Wonmook High School","서울특별시교육청","02041","서울특별시 중랑구 숙선옹주로 82","/ 원묵고등학교 (묵동)","02-3422-3573","http://wonmook.hs.kr","02-3422-2578","남여공학","자율고","N","일반계","","후기","주간","20031219","20070531","B10","서울특별시교육청","서울특별시","20220731"
"고등학교","사립","7010797","고려대학교사범대학부속고등학교","Korea University High School","서울특별시교육청","02708","서울특별시 성북구 정릉로 161","/ 고려대학교사범대학부속고등학교 (정릉동)","02-914-7483","http://koreahi.hs.kr","02-942-0732","남","일반고","N","일반계","","후기","주간","19680311","19680311","B10","서울특별시교육청","서울특별시","20220731"
"고등학교","사립","7010795","서울영상고등학교","Seoul Visual Media High School","서울특별시교육청","08021","서울특별시 양천구 목동로11길 46","/ 서울영상고등학교 (신정동)","02-2602-7121","youngsang.hs.kr","02-2606-1804","남여공학","특성화고","N","전문계","","전기","주간","19611208","19611208","B10","서울특별시교육청","서울특별시","20220731"
"고등학교","사립","7010793","한양대학교사범대학부속고등학교","Hanyang High School Attached to the College of Education/ Hanyang University","서울특별시교육청","04761","서울특별시 성동구 마조로 42","(사근동)","02-2200-3520","http://www.hanyang-u.hs.kr/","02-2298-3173","남여공학","자율고","N","일반계","","전기","주간","19600515","19600515","B10","서울특별시교육청","서울특별시","20220731"
"고등학교","공립","7010766","효문고등학교","Hyomun High School","서울특별시교육청","01372","서울특별시 도봉구 우이천로 432","(쌍문동/효문중 고등학교)","02-992-0778","http://hyomun.sen.hs.kr","02-992-0528","남여공학","일반고","N","일반계","","후기","주간","20051229","20060605","B10","서울특별시교육청","서울특별시","20220731"
"고등학교","공립","7010765","신서고등학교","Sinseo High School","서울특별시교육청","08021","서울특별시 양천구 은행정로 42","/ 신서고등학교 (신정동)","02-2690-0400","http://sinseo.sen.hs.kr","02-2690-2227","남여공학","일반고","N","일반계","","후기","주간","20060105","20060525","B10","서울특별시교육청","서울특별시","20220731"
"고등학교","공립","7010764","세현고등학교","Se Hyun High School","서울특별시교육청","07531","서울특별시 강서구 허준로 227","/ 세현고등학교 (가양동)","02-3663-1495","http://sehyun.hs.kr","02-3663-1056","남여공학","일반고","N","일반계","","후기","주간","20060301","20060506","B10","서울특별시교육청","서울특별시","20220731"
"고등학교","사립","7010747","이화여자대학교병설미디어고등학교","Ewha Media High School","서울특별시교육청","02061","서울특별시 중랑구 망우로73길 56","/ 02061 (망우동)","02-2209-0146","https://ewhamedia.sen.hs.kr","02-438-1549","여","특성화고","N","전문계","","전기","주간","19690110","19690918","B10","서울특별시교육청","서울특별시","20220731"
"고등학교","사립","7010746","동국대학교사범대학부속여자고등학교","Girls High School Attached To College Of Education/ Dongguk University","서울특별시교육청","05038","서울특별시 광진구 광나루로36길 47","/ 동국대부속여고 (구의동)","02-2049-1577","http://donggukgirls.hs.kr","02-2049-1588","여","일반고","N","일반계","","후기","주간","19300620","19300620","B10","서울특별시교육청","서울특별시","20220731"
"고등학교","사립","7010744","목동고등학교","Mokdong High School","서울특별시교육청","08099","서울특별시 양천구 목동동로2길 68","/ 목동고등학교 (신정동)","02-2652-1701","https://mokdong.sen.hs.kr/","02-2652-9229","여","일반고","N","일반계","","후기","주간","19891208","19900914","B10","서울특별시교육청","서울특별시","20220731"
"고등학교","사립","7010741","서울디자인고등학교","Seoul Design High School","서울특별시교육청","04140","서울특별시 마포구 백범로 139","/ 서울디자인고등학교 (염리동)","02-715-2261","http://www.seodi.hs.kr","02-716-6967","남여공학","특성화고","N","전문계","","전기","주간","19550112","19550112","B10","서울특별시교육청","서울특별시","20220731"
"고등학교","사립","7010740","대진디자인고등학교","Daejin Design High School","서울특별시교육청","06352","서울특별시 강남구 광평로39길 93","(수서동/대진디자인고등학교)","02-2226-8418","http://www.daejindesign.hs.kr","02-2226-4863","남여공학","특성화고","N","전문계","","전기","주간","19940325","19950302","B10","서울특별시교육청","서울특별시","20220731"
"고등학교","사립","7010739","서울관광고등학교","Seoul Tourism High School","서울특별시교육청","08714","서울특별시 관악구 은천로15길 25","(봉천동/서울관광고등학교)","02-886-9165","http://seoul-tour.sen.hs.kr","02-872-9170","남여공학","특성화고","N","전문계","","전기","주간","19780315","19780315","B10","서울특별시교육청","서울특별시","20220731"
"고등학교","공립","7010738","서울로봇고등학교","Seoul Robotics High School","서울특별시교육청","06363","서울특별시 강남구 광평로20길 63","/ 서울로봇고등학교 (일원동)","02-2226-2141","http://srobot.sen.hs.kr","02-2226-5346","남여공학","특목고","N","전문계","산업수요 맞춤형 고등학교","전기","주간","19940104","19940104","B10","서울특별시교육청","서울특별시","20220731"
"고등학교","공립","7010737","성동공업고등학교","Seongdong Technical High School","서울특별시교육청","04571","서울특별시 중구 다산로 290","(흥인동)","070-8685-7600","http://www.sdth.hs.kr","02-2234-1950","남여공학","특성화고","N","전문계","","전기","주간","19440401","19440401","B10","서울특별시교육청","서울특별시","20220731"
"고등학교","공립","7010736","불암고등학교","Buram High School","서울특별시교육청","01736","서울특별시 노원구 중계로 155","(중계동)","02-936-7500","http://www.buram.hs.kr","02-936-9100","남여공학","일반고","N","일반계","","후기","주간","20050301","20050301","B10","서울특별시교육청","서울특별시","20220731"
"고등학교","공립","7010735","월계고등학교","Wolgye High School","서울특별시교육청","01874","서울특별시 노원구 초안산로5길 66","(월계동/월계고등학교)","02-908-0062","http://wg.hs.kr","02-908-0260","남여공학","일반고","N","일반계","","후기","주간","20050105","20050301","B10","서울특별시교육청","서울특별시","20220731"
"고등학교","공립","7010734","선유고등학교","Seonyoo High School","서울특별시교육청","07209","서울특별시 영등포구 선유로 227","/ 선유고등학교 (양평동4가)","02-2069-0036","http://seonyoo.sen.hs.kr","02-2069-2626","남여공학","일반고","N","일반계","","후기","주간","20050105","20050526","B10","서울특별시교육청","서울특별시","20220731"
"고등학교","사립","7010721","서서울생활과학고등학교","Seoseoul Life Science High School","서울특별시교육청","08248","서울특별시 구로구 오리로 1355-10","/ 서서울생활과학고등학교 (궁동)","02-2613-5272","http://ssls.sen.hs.kr","02-2612-0554","남여공학","특성화고","N","전문계","","전기","주간","19720305","19720331","B10","서울특별시교육청","서울특별시","20220731"
"고등학교","사립","7010712","영동일고등학교","Youngdongil High School","서울특별시교육청","05555","서울특별시 송파구 석촌호수로 93","/ 영동일고등학교 (잠실동)","02-430-6822","http://www.ydi.hs.kr","02-430-3595","남여공학","일반고","N","일반계","","후기","주간","19771230","19780324","B10","서울특별시교육청","서울특별시","20220731"
"고등학교","공립","7010703","자운고등학교","Jawoon High School","서울특별시교육청","01412","서울특별시 도봉구 노해로69길 150","(창동)","02-998-2929","http://jawoon.sen.hs.kr","02-998-2942","남여공학","일반고","N","일반계","","후기","주간","20020527","20040423","B10","서울특별시교육청","서울특별시","20220731"
"고등학교","공립","7010702","신현고등학교","Shinhyeon High School","서울특별시교육청","02075","서울특별시 중랑구 봉화산로 174","/ 신현고등학교 (상봉동)","02-3422-2713","http://shinhyeon.sen.hs.kr","02-3422-2716","남여공학","일반고","N","일반계","","후기","주간","20040301","20040429","B10","서울특별시교육청","서울특별시","20220731"
"고등학교","공립","7010701","문정고등학교","Munjeong High School","서울특별시교육청","05809","서울특별시 송파구 송이로34길 62","(문정동/문정고등학교)","02-406-0061","http://mj.sen.hs.kr","02-406-6756","남여공학","일반고","N","일반계","","후기","주간","20071101","20080422","B10","서울특별시교육청","서울특별시","20220731"
"고등학교","공립","7010700","등촌고등학교","Deung Chon High School","서울특별시교육청","07580","서울특별시 강서구 공항대로39길 115","/ 등촌고등학교 (등촌동)","02-3665-6045","http://www.dch.hs.kr","02-3665-6047","남여공학","자율고","N","일반계","","후기","주간","20040301","20040301","B10","서울특별시교육청","서울특별시","20220731"
"고등학교","공립","7010699","도봉고등학교","Dobong High School","서울특별시교육청","01302","서울특별시 도봉구 도봉산길 27","(도봉동/도봉고등학교)","02-3491-4283","http://db2004.hs.kr","02-3491-4287","남여공학","일반고","N","일반계","","후기","주간","20031230","20040504","B10","서울특별시교육청","서울특별시","20220731"
"고등학교","공립","7010698","경일고등학교","Kyungil High School","서울특별시교육청","04779","서울특별시 성동구 성수일로 27","/ 경일고등학교 (성수동1가)","02-463-3520","http://kyungil.sen.hs.kr","02-463-4072","남여공학","자율고","N","일반계","","후기","주간","20040506","20040506","B10","서울특별시교육청","서울특별시","20220731"
"고등학교","사립","7010697","서울문영여자고등학교","Seoul Moonyoung Girls` High School","서울특별시교육청","08833","서울특별시 관악구 관악로 85","/ 서울문영여자고등학교 (봉천동)","02-873-3622","http://www.moonyoung.seoul.kr","02-873-3625","여","일반고","N","일반계","","후기","주간","19911107","19911107","B10","서울특별시교육청","서울특별시","20220731"
"고등학교","사립","7010594","염광고등학교","Yumkwang High School","서울특별시교육청","01874","서울특별시 노원구 월계로45가길 9","(월계동)","02-905-4221","http://yumkwang.hs.kr","02-994-0122","남여공학","일반고","N","일반계","","후기","주간","19821019","19830302","B10","서울특별시교육청","서울특별시","20220731"
"고등학교","사립","7010593","상명고등학교","Sangmyung High School","서울특별시교육청","01758","서울특별시 노원구 덕릉로 553","(중계동)","02-971-6211","http://www.sangmyung.hs.kr","02-971-6216","남여공학","일반고","N","일반계","","후기","주간","19371201","19370517","B10","서울특별시교육청","서울특별시","20220731"
"고등학교","사립","7010591","미래산업과학고등학교","Mirae High School of Science and Technology","서울특별시교육청","01717","서울특별시 노원구 덕릉로82길 54","(중계동)","02-933-7671","http://www.mist.hs.kr","02-933-7855","남여공학","특성화고","N","전문계","","전기","주간","19940301","19940323","B10","서울특별시교육청","서울특별시","20220731"
"고등학교","공립","7010590","방산고등학교","Bangsan High School","서울특별시교육청","05645","서울특별시 송파구 오금로27길 18","(방이동)","02-418-2602","http://bangsan.sen.hs.kr","02-418-9963","남여공학","일반고","N","일반계","","후기","주간","20030301","20030930","B10","서울특별시교육청","서울특별시","20220731"
"고등학교","공립","7010589","누원고등학교","Noowon High School","서울특별시교육청","01318","서울특별시 도봉구 마들로 849","/ 누원고등학교 (도봉동)","02-3492-7595","http://www.noowon.hs.kr","02-3492-7598","남여공학","일반고","N","일반계","","후기","주간","20030106","20030506","B10","서울특별시교육청","서울특별시","20220731"
"고등학교","사립","7010572","서울디지텍고등학교","Seoul Digitech High School","서울특별시교육청","04346","서울특별시 용산구 회나무로12길 27","(이태원동)","02-798-3641","http://www.sdh.hs.kr","02-794-0822","남여공학","특성화고","N","전문계","","전기","주야간","19751004","19751004","B10","서울특별시교육청","서울특별시","20220731"
"고등학교","사립","7010569","미림여자정보과학고등학교","Mirim Girls’ Information Science High School","서울특별시교육청","08821","서울특별시 관악구 호암로 546","(신림동)","02-872-4071","http://www.e-mirim.hs.kr","02-887-0856","여","특목고","N","전문계","산업수요 맞춤형 고등학교","전기","주간","19910301","19910531","B10","서울특별시교육청","서울특별시","20220731"
"고등학교","공립","7010564","노원고등학교","Nowon High School","서울특별시교육청","01675","서울특별시 노원구 노원로 586","(상계동)","02-937-0078","http://www.nowon.hs.kr","02-951-4607","남여공학","일반고","N","일반계","","후기","주간","19881223","19890427","B10","서울특별시교육청","서울특별시","20220731"
"고등학교","공립","7010563","경인고등학교","Kyeongin High School","서울특별시교육청","08275","서울특별시 구로구 경인로46길 31","/ 경인고등학교 (고척동)","02-2618-3043","http://kyeongin.sen.hs.kr","02-2618-3093","남여공학","일반고","N","일반계","","후기","주간","20020301","20020516","B10","서울특별시교육청","서울특별시","20220731"
"고등학교","공립","7010562","창동고등학교","Changdong High School","서울특별시교육청","01483","서울특별시 도봉구 노해로62길 7","(창동/ 창동고등학교)","02-3146-0600","http://changdong.sen.hs.kr","02-994-7622","남여공학","일반고","N","일반계","","후기","주간","20020301","20020301","B10","서울특별시교육청","서울특별시","20220731"
"고등학교","공립","7010560","독산고등학교","Doksan High School","서울특별시교육청","08551","서울특별시 금천구 문성로 64","/ 독산고등학교 (독산동)","02-857-6248","http://doksan.sen.hs.kr","02-857-6247","남여공학","일반고","N","일반계","","후기","주간","20011231","20020504","B10","서울특별시교육청","서울특별시","20220731"
"고등학교","공립","7010559","수락고등학교","Surak High School","서울특별시교육청","01602","서울특별시 노원구 동일로245길 143","(상계동/수락고등학교)","070-8677-2100","http://surak.sen.hs.kr","02-935-1460","남여공학","자율고","N","일반계","","후기","주간","20020301","20020426","B10","서울특별시교육청","서울특별시","20220731"
"고등학교","사립","7010552","청원여자고등학교","Cheongwon Girls’ High School","서울특별시교육청","01672","서울특별시 노원구 한글비석로 506","/ 청원여자고등학교 (상계동/청원초/중/고등학교)","02-3399-7811","http://www.cheongwon-gh.hs.kr","02-3399-7842","여","일반고","N","일반계","","후기","주간","20010301","20010510","B10","서울특별시교육청","서울특별시","20220731"
"고등학교","사립","7010547","이화여자대학교사범대학부속이화금란고등학교","Ewha Womans University High School","서울특별시교육청","03759","서울특별시 서대문구 성산로 560","/ 이대부속고등학교 (대신동)","02-361-6200","http://edaebugo.sen.hs.kr","02-313-5602","남여공학","자율고","N","일반계","","전기","주간","19580215","19580401","B10","서울특별시교육청","서울특별시","20220731"
"고등학교","사립","7010544","오류고등학교","Oryu High School","서울특별시교육청","08248","서울특별시 구로구 오리로21길 2","(궁동/ 오류고등학교)","02-2684-2300","http://oryu.hs.kr","02-2685-5980","여","일반고","N","일반계","","후기","주간","19991127","19991127","B10","서울특별시교육청","서울특별시","20220731"
"고등학교","사립","7010537","세명컴퓨터고등학교","Semyeong Computer High School","서울특별시교육청","03337","서울특별시 은평구 통일로92가길 33","/ 세명컴퓨터고등학교 (불광동)","02-354-1323","http://www.smc.hs.kr","02-388-1381","남여공학","특성화고","N","전문계","","전기","주간","19740429","19740429","B10","서울특별시교육청","서울특별시","20220731"
"고등학교","공립","7010536","선린인터넷고등학교","Sunrin Internet High School","서울특별시교육청","04314","서울특별시 용산구 원효로97길 33-4","(청파동3가)","02-713-6211","http://sunrint.sen.hs.kr","02-704-0960","남여공학","특성화고","N","전문계","","전기","주간","18990624","18990624","B10","서울특별시교육청","서울특별시","20220731"
"고등학교","사립","7010377","한양공업고등학교","Hanyang Technical High School","서울특별시교육청","04566","서울특별시 중구 을지로 299","(신당동)","02-2238-5181","http://www.hanyang.hs.kr","02-2235-3154","남","특성화고","N","전문계","","전기","주간","19450901","19450901","B10","서울특별시교육청","서울특별시","20220731"
"고등학교","사립","7010372","정화여자상업고등학교","Jeonghwa Girls’ Commercial High School","서울특별시교육청","02480","서울특별시 동대문구 홍릉로15길 50","(제기동)정화여자상업고등학교","02-966-9333","http://jeonghwa.sen.hs.kr","02-965-9155","여","특성화고","N","전문계","","전기","주간","19080901","19080901","B10","서울특별시교육청","서울특별시","20220731"
"고등학교","사립","7010370","일신여자상업고등학교","ILSHIN Girls’ Commercial High School","서울특별시교육청","05676","서울특별시 송파구 송파대로38길 8","(송파동/일신여자상업고등학교)","02-2140-8223","http://ilshin.sen.hs.kr","02-2140-8224","여","특성화고","N","전문계","","전기","주간","19560316","19580406","B10","서울특별시교육청","서울특별시","20220731"
"고등학교","사립","7010365","유한공업고등학교","Yuhan Technical High School","서울특별시교육청","08360","서울특별시 구로구 경인로 8","(항동)","02-2610-0993","http://yuhan.sen.hs.kr","02-2618-1868","남여공학","특성화고","N","전문계","","전기","주간","19641229","19641229","B10","서울특별시교육청","서울특별시","20220731"
"고등학교","사립","7010356","영등포공업고등학교","YeongDeungPo Technical High School","서울특별시교육청","07524","서울특별시 강서구 허준로5길 15","(가양동)","02-2659-2981","https://younggong.sen.hs.kr","02-2659-2986","남","특성화고","N","전문계","","전기","주간","19530409","19530409","B10","서울특별시교육청","서울특별시","20220731"
"고등학교","사립","7010346","수도전기공업고등학교","Sudo Electric Technical High School","서울특별시교육청","06324","서울특별시 강남구 개포로 410","/ 수도전기공업고등학교 (개포동)","070-4673-9800","http://www.sudo.hs.kr","02-529-6381","남여공학","특목고","N","전문계","산업수요 맞춤형 고등학교","전기","주간","19240301","19240302","B10","서울특별시교육청","서울특별시","20220731"
"고등학교","사립","7010340","서울여자상업고등학교","Seoul Girls’ Commercial High School","서울특별시교육청","08833","서울특별시 관악구 관악로 85","(봉천동/서울여자상업고등학교)","02-873-3613","http://sys.sen.hs.kr","02-873-3620","여","특성화고","N","전문계","","전기","주간","19260929","19260929","B10","서울특별시교육청","서울특별시","20220731"
"고등학교","사립","7010317","덕일전자공업고등학교","Deogil Electronic Technical High School","서울특별시교육청","08357","서울특별시 구로구 서해안로21길 5-12","(오류동)","02-2613-2762","http://di.sen.hs.kr","02-2681-0528","남여공학","특성화고","N","전문계","","전기","주간","19941005","19941005","B10","서울특별시교육청","서울특별시","20220731"
"고등학교","공립","7010292","휘경공업고등학교","Hwigyeong Technical High School","서울특별시교육청","02511","서울특별시 동대문구 겸재로 21","/ 휘경공업고등학교 (휘경동)","02-2216-3643","http://hgt.sen.hs.kr","02-2216-3646","남여공학","특성화고","N","전문계","","전기","주간","19971220","19980702","B10","서울특별시교육청","서울특별시","20220731"
"고등학교","공립","7010288","성수공업고등학교","Seongsu Technical High School","서울특별시교육청","04780","서울특별시 성동구 뚝섬로 365","(성수동2가/성수공업고등학교)","02-3409-0944","http://sungsu.sen.hs.kr","02-3409-0945","남여공학","특성화고","N","전문계","","전기","주간","19980301","19980605","B10","서울특별시교육청","서울특별시","20220731"
"고등학교","공립","7010278","서울공업고등학교","Seoul Technical High School","서울특별시교육청","06955","서울특별시 동작구 대방동1길 46","/ 서울공업고등학교 (대방동)","02-2082-1810","http://seoul-th.sen.hs.kr","02-825-2030","남여공학","특성화고","Y","전문계","","전기","주간","18990505","18990505","B10","서울특별시교육청","서울특별시","20220731"
"고등학교","공립","7010272","경기상업고등학교","Gyeonggi Commercial High School","서울특별시교육청","03047","서울특별시 종로구 자하문로 136","(청운동)","02-737-6490","http://ggc.sen.hs.kr","02-722-0504","남여공학","특성화고","N","전문계","","전기","주간","19230206","19230514","B10","서울특별시교육청","서울특별시","20220731"
"고등학교","공립","7010271","경기기계공업고등학교","Gyeonggi Mechanical Technical High School","서울특별시교육청","01810","서울특별시 노원구 공릉로 264","(하계동)","02-2289-1600","http://www.ggmt.hs.kr","02-978-4327","남여공학","특성화고","N","전문계","","전기","주간","19570215","19570215","B10","서울특별시교육청","서울특별시","20220731"
"고등학교","공립","7010270","강서공업고등학교","Gangseo Technical High School","서울특별시교육청","07514","서울특별시 강서구 방화대로47길 9","(방화동/강서공업고등학교)","02-2666-2106","https://gangseo-th.sen.hs.kr/","02-2666-2161","남여공학","특성화고","N","전문계","","전기","주간","19940105","19940105","B10","서울특별시교육청","서울특별시","20220731"
"고등학교","사립","7010268","휘문고등학교","Whimoon High School","서울특별시교육청","06183","서울특별시 강남구 역삼로 541","(대치동)","02-500-9500","http://whimoon.hs.kr/","02-568-7079","남","자율고","N","일반계","","전기","주간","19060501","19060501","B10","서울특별시교육청","서울특별시","20220731"
"고등학교","사립","7010267","휘경여자고등학교","Hwikyung Girls` High School","서울특별시교육청","02503","서울특별시 동대문구 한천로 247","(휘경동/휘경여자고등학교)","02-2245-2307","http://hwikyung.sen.hs.kr","02-2213-2803","여","일반고","N","일반계","","후기","주간","19750303","19750519","B10","서울특별시교육청","서울특별시","20220731"
"고등학교","사립","7010266","환일고등학교","Hwanil High School","서울특별시교육청","04500","서울특별시 중구 환일길 47","(만리동2가)","02-390-7113","http://hwanil.hs.kr","02-363-5200","남","일반고","N","일반계","","후기","주간","19470624","19470624","B10","서울특별시교육청","서울특별시","20220731"
"고등학교","사립","7010265","화곡고등학교","Hwagok High School","서울특별시교육청","07640","서울특별시 강서구 강서로45길 69","/ 화곡고등학교 (내발산동)","070-8277-2900","http://hwagok.sen.hs.kr","02-2662-1825","남","일반고","N","일반계","","후기","주간","19780130","19780130","B10","서울특별시교육청","서울특별시","20220731"
"고등학교","사립","7010264","홍익대학교사범대학부속여자고등학교","Hongik University Girls` High School","서울특별시교육청","03967","서울특별시 마포구 성미산로 51","(성산동/ 여자고등학교)","02-331-7584","http://hongik68.sen.hs.kr","02-331-7300","여","일반고","N","일반계","","후기","주간","19671229","19680312","B10","서울특별시교육청","서울특별시","20220731"
"고등학교","사립","7010263","홍익대학교사범대학부속고등학교","HONGIK University High School","서울특별시교육청","02835","서울특별시 성북구 성북로14가길 23","(성북동/홍익대학교부속중고등학교)","02-762-0826","hongik.sen.hs.kr","02-765-4549","남","일반고","N","일반계","","후기","주간","19540304","19540412","B10","서울특별시교육청","서울특별시","20220731"
"고등학교","사립","7010262","혜원여자고등학교","Hyewon Girls’ High School","서울특별시교육청","02174","서울특별시 중랑구 봉우재로58길 39","(망우동)","02-434-5946","http://hyewon.sen.hs.kr","02-437-6687","여","일반고","N","일반계","","후기","주간","19721226","19730305","B10","서울특별시교육청","서울특별시","20220731"
"고등학교","사립","7010261","혜성여자고등학교","Hyesung Girls’ High School","서울특별시교육청","01749","서울특별시 노원구 노원로16길 2","(하계동)","02-972-4040","http://www.hyesung.hs.kr","02-972-0992","여","일반고","N","일반계","","후기","주간","19821130","19821010","B10","서울특별시교육청","서울특별시","20220731"
"고등학교","사립","7010260","현대고등학교","Hyundai Senior High School","서울특별시교육청","06000","서울특별시 강남구 압구정로 127","(압구정동/ 현대고등학교)","02-546-6323","http://www.hyundai.hs.kr","02-514-3106","남여공학","자율고","N","일반계","","전기","주간","19841217","19850429","B10","서울특별시교육청","서울특별시","20220731"
"고등학교","사립","7010259","한영외국어고등학교","Hanyoung Foreign Language High School","서울특별시교육청","05279","서울특별시 강동구 동남로 832","(상일동)","02-6954-1703","http://hyfl.sen.hs.kr","02-429-0360","남여공학","특목고","N","일반계","외국어계열","전기","주간","19900301","19900418","B10","서울특별시교육청","서울특별시","20220731"
"고등학교","사립","7010258","한영고등학교","Hanyoung High School","서울특별시교육청","05279","서울특별시 강동구 동남로 832","(상일동/ 한영고등학교)","02-6954-1504","http://hanyoung.hs.kr","02-6954-1244","남여공학","일반고","N","일반계","","후기","주간","19330418","19330418","B10","서울특별시교육청","서울특별시","20220731"
"고등학교","사립","7010255","한성여자고등학교","Hansung Girls’ High School","서울특별시교육청","02876","서울특별시 성북구 삼선교로16길 117","/ 한성여자고등학교 (삼선동2가)","02-742-2845","http://www.hansung-g.sen.hs.kr","02-743-8182","여","일반고","N","일반계","","후기","주간","19451005","19451005","B10","서울특별시교육청","서울특별시","20220731"
"고등학교","사립","7010254","한성고등학교","Hanseong High School","서울특별시교육청","03771","서울특별시 서대문구 북아현로1길 24","(북아현동)","02-363-4943","http://hanseong.sen.hs.kr","02-364-6926","남","일반고","N","일반계","","후기","주간","19280925","19280925","B10","서울특별시교육청","서울특별시","20220731"
"고등학교","사립","7010253","한서고등학교","Hanseo High School","서울특별시교육청","07507","서울특별시 강서구 양천로11길 47","(방화동)","02-2662-0021","http://hanseo.hs.kr","02-2664-0028","남여공학","일반고","N","일반계","","후기","주간","19840217","19850311","B10","서울특별시교육청","서울특별시","20220731"
"고등학교","사립","7010252","한국삼육고등학교","Hankook Sahmyook High School","서울특별시교육청","01795","서울특별시 노원구 화랑로 815","(공릉동)","02-6395-3636","https://sahmyook.sen.hs.kr","02-971-8029","남여공학","일반고","N","일반계","","후기","주간","19491113","19491113","B10","서울특별시교육청","서울특별시","20220731"
"고등학교","사립","7010251","한광고등학교","Hankwang High School","서울특별시교육청","07732","서울특별시 강서구 등촌로13길 110","(화곡동)","070-7458-1003","www.hankwang.hs.kr","02-2652-4529","남여공학","일반고","N","일반계","","후기","주간","19870119","19870119","B10","서울특별시교육청","서울특별시","20220731"
"고등학교","사립","7010250","한가람고등학교","Hangaram High School","서울특별시교육청","07984","서울특별시 양천구 목동서로 15","(목동)","02-2642-3862","http://www.hangaram.hs.kr","02-2642-3865","남여공학","자율고","N","일반계","","전기","주간","19961210","19961210","B10","서울특별시교육청","서울특별시","20220731"
"고등학교","사립","7010248","충암고등학교","Choongam High School","서울특별시교육청","03481","서울특별시 은평구 가좌로5길 5","(응암동)","02-309-0236","http://www.cham.sen.hs.kr","02-302-8779","남","일반고","N","일반계","","후기","주간","19680110","19681109","B10","서울특별시교육청","서울특별시","20220731"
"고등학교","사립","7010247","청원고등학교","Cheong-won High School","서울특별시교육청","01672","서울특별시 노원구 한글비석로 506","/ 청원고등학교 (상계동)","02-3399-7771","http://www.cheongwon.hs.kr","02-3399-7774","남","일반고","N","일반계","","후기","주간","19881112","19890510","B10","서울특별시교육청","서울특별시","20220731"
"고등학교","사립","7010246","창문여자고등학교","Changmun Girls’ High School","서울특별시교육청","01237","서울특별시 강북구 월계로 61","/ 창문여자고등학교 (미아동)","02-986-1701","http://www.changmun.hs.kr","02-985-1316","여","일반고","N","일반계","","후기","주간","19741227","19751010","B10","서울특별시교육청","서울특별시","20220731"
"고등학교","사립","7010245","진선여자고등학교","Jinseon Girls’ High School","서울특별시교육청","06213","서울특별시 강남구 선릉로85길 27","(진선여자고등학교/역삼동)","02-2148-0400","http://www.jinseon.hs.kr","02-561-7210","여","일반고","N","일반계","","후기","주간","19761228","19761228","B10","서울특별시교육청","서울특별시","20220731"
"고등학교","사립","7010244","진명여자고등학교","Jinmyeong Girls’ High School","서울특별시교육청","08002","서울특별시 양천구 목동로 170","/ 진명여자고등학교 (목동)","02-2643-1711","http://jm.sen.hs.kr","02-2649-8327","여","일반고","N","일반계","","후기","주간","19060421","19060421","B10","서울특별시교육청","서울특별시","20220731"
"고등학교","사립","7010243","중앙여자고등학교","Jung-Ang Girls’ High School","서울특별시교육청","03762","서울특별시 서대문구 북아현로11가길 7","(북아현동)","02-362-3062","http://jungang-girls.sen.hs.kr","02-393-5129","여","일반고","N","일반계","","후기","주간","19401010","19401010","B10","서울특별시교육청","서울특별시","20220731"
"고등학교","사립","7010241","중앙대학교사범대학부속고등학교","CHUNGANG UNIVERSITY HIGH SCHOOL","서울특별시교육청","06277","서울특별시 강남구 선릉로 207","/ 중앙대학교사범대학부속고등학교 (도곡동)","02-579-4005","http://www.cau.hs.kr","02-572-7455","남여공학","일반고","N","일반계","","후기","주간","19340415","19340415","B10","서울특별시교육청","서울특별시","20220731"
"고등학교","사립","7010240","중앙고등학교","Choong-ang High School","서울특별시교육청","03051","서울특별시 종로구 창덕궁길 164","(계동)","02-742-1321","http://choongang.sen.hs.kr","02-745-6322","남","자율고","N","일반계","","전기","주간","19080620","19080620","B10","서울특별시교육청","서울특별시","20220731"
"고등학교","사립","7010239","중산고등학교","Jungsan High School","서울특별시교육청","06350","서울특별시 강남구 일원로14길 22","(일원동/중산고등학교)","02-2112-9000","http://www.jungsan.hs.kr","02-2226-0196","남","일반고","N","일반계","","후기","주간","19940301","19940325","B10","서울특별시교육청","서울특별시","20220731"
"고등학교","사립","7010238","중동고등학교","Joongdong High School","서울특별시교육청","06338","서울특별시 강남구 일원로 7","(일원동)","02-3411-0100","www.joongdong.hs.kr","02-3411-0154","남","자율고","N","일반계","","전기","주간","19060510","19060510","B10","서울특별시교육청","서울특별시","20220731"
"고등학교","사립","7010237","정의여자고등학교","Jeong Eui Girls’ High School","서울특별시교육청","01438","서울특별시 도봉구 노해로49길 69","(쌍문동/정의여자고등학교)","02-992-5104","http://jeongeui.sen.hs.kr","02-991-0876","여","일반고","N","일반계","","후기","주간","19760305","19761007","B10","서울특별시교육청","서울특별시","20220731"
"고등학교","사립","7010236","정신여자고등학교","Chungshin Girls’ High School","서울특별시교육청","05571","서울특별시 송파구 올림픽로4길 16","/ 정신여자고등학교 (잠실동)","02-423-4014","http://chungshin.sen.hs.kr","02-420-9607","여","일반고","N","일반계","","후기","주간","18871020","19871020","B10","서울특별시교육청","서울특별시","20220731"
"고등학교","사립","7010235","재현고등학교","Jaehyun High School","서울특별시교육청","01717","서울특별시 노원구 덕릉로82길 64","/ 재현고등학교 (중계동)","02-932-4812","http://jaehyun.sen.hs.kr","02-6000-9358","남","일반고","N","일반계","","후기","주간","19780303","19780303","B10","서울특별시교육청","서울특별시","20220731"
"고등학교","사립","7010234","장훈고등학교","Janghoon High School","서울특별시교육청","07316","서울특별시 영등포구 영등포로64길 26","/ 장훈고등학교 (신길동)","02-842-6921","http://www.janghoon.hs.kr","02-831-7435","남","자율고","N","일반계","","전기","주간","19640113","19640113","B10","서울특별시교육청","서울특별시","20220731"
"고등학교","사립","7010233","장충고등학교","Jangchung High School","서울특별시교육청","04603","서울특별시 중구 동호로15길 93","(신당동)","02-2233-9990","http://www.jangchung.hs.kr","02-2236-6660","남","일반고","N","일반계","","후기","주간","19470901","19470901","B10","서울특별시교육청","서울특별시","20220731"
"고등학교","사립","7010232","잠실여자고등학교","Jamsil Girls’ High School","서울특별시교육청","05676","서울특별시 송파구 송파대로38길 8","(송파동) 잠실여자고등학교","02-2140-8031","http://www.jamsilg.hs.kr","02-2140-8024","여","일반고","N","일반계","","후기","주간","19821130","19830513","B10","서울특별시교육청","서울특별시","20220731"
"고등학교","사립","7010231","인창고등학교","Inchang High School","서울특별시교육청","03746","서울특별시 서대문구 경기대로 65","/ 인창고등학교 (충정로2가)","02-360-3700","http://www.inchang.ne.kr","02-360-3737","남","일반고","N","일반계","","후기","주간","19531010","19531010","B10","서울특별시교육청","서울특별시","20220731"
"고등학교","사립","7010230","이화여자외국어고등학교","Ewha Girls’ Foreign Language High School","서울특별시교육청","04516","서울특별시 중구 통일로4길 30","(순화동)","02-2176-1992","http://www.ewha-gfh.hs.kr","02-2176-1994","여","특목고","N","일반계","외국어계열","전기","주간","19910911","19910911","B10","서울특별시교육청","서울특별시","20220731"
"고등학교","사립","7010227","이화여자고등학교","Ewha Girls’ High School","서울특별시교육청","04516","서울특별시 중구 정동길","/ 26 (정동)","02-752-3353","http://www.ewha.hs.kr","02-319-0669","여","자율고","N","일반계","","전기","주간","18860531","18860531","B10","서울특별시교육청","서울특별시","20220731"
"고등학교","사립","7010226","은광여자고등학교","Eunkwang Girls’ High School","서울특별시교육청","06264","서울특별시 강남구 남부순환로359길 36","(도곡동)","02-3462-2005","http://www.eunkwang.hs.kr","02-3462-2002","여","일반고","N","일반계","","후기","주간","19550315","19461015","B10","서울특별시교육청","서울특별시","20220731"
"고등학교","사립","7010223","우신고등학교","Wooshin High School","서울특별시교육청","08258","서울특별시 구로구 부일로 917","/ 우신고등학교 (궁동)","02-2610-1518","http://wooshin.sen.hs.kr","02-2610-1599","남","일반고","N","일반계","","후기","주간","19740105","19740523","B10","서울특별시교육청","서울특별시","20220731"
"고등학교","사립","7010222","용화여자고등학교","Yonghwa Girls’ High School","서울특별시교육청","01687","서울특별시 노원구 동일로 1461","/ 용화여자고등학교 (상계동/용화여자고등학교)","02-950-3500","http://www.yonghwa.hs.kr/","02-933-1677","여","일반고","N","일반계","","후기","주간","19871215","19870422","B10","서울특별시교육청","서울특별시","20220731"
"고등학교","사립","7010221","용문고등학교","Yongmoon High School","서울특별시교육청","02843","서울특별시 성북구 고려대로17가길 46","(안암동2가/ 용문중고등학교)","02-928-3871","http://www.ymoon.hs.kr/","02-927-0860","남","일반고","N","일반계","","후기","주간","19461012","19461012","B10","서울특별시교육청","서울특별시","20220731"
"고등학교","사립","7010220","오산고등학교","Osan High School","서울특별시교육청","04396","서울특별시 용산구 보광로7길 17","(보광동)","02-7999-500","http://www.osan.hs.kr","02-7999-699","남","일반고","N","일반계","","후기","주간","19070515","19070515","B10","서울특별시교육청","서울특별시","20220731"
"고등학교","사립","7010219","예일여자고등학교","Yale Girls’ High School","서울특별시교육청","03412","서울특별시 은평구 연서로 117","/ 예일여자고등학교 (구산동/수위실)","02-380-0812","www.yale.hs.kr","02-380-0840","여","일반고","N","일반계","","후기","주간","19650926","19650926","B10","서울특별시교육청","서울특별시","20220731"
"고등학교","사립","7010218","영훈고등학교","Younghoon High School","서울특별시교육청","01211","서울특별시 강북구 도봉로13가길 19","(미아동/학교법인영훈학원)","02-986-2500","http://www.younghoon.hs.kr","02-983-0217","남여공학","일반고","N","일반계","","후기","주간","19721229","19730327","B10","서울특별시교육청","서울특별시","20220731"
"고등학교","사립","7010217","영파여자고등학교","Youngpa Girls` High School","서울특별시교육청","05529","서울특별시 송파구 올림픽로 565","/ 영파여자고등학교 (풍납동)","02-483-8881","http://youngpa.hs.kr","02-488-2358","여","일반고","N","일반계","","후기","주간","19721229","19671028","B10","서울특별시교육청","서울특별시","20220731"
"고등학교","사립","7010216","영일고등학교","Youngil High School","서울특별시교육청","07669","서울특별시 강서구 등촌로51가길 26","/ 영일고등학교 (등촌동)","02-2653-8134","http://youngil.hs.kr","02-2652-2846","남","일반고","N","일반계","","후기","주간","19740607","19750515","B10","서울특별시교육청","서울특별시","20220731"
"고등학교","사립","7010215","영신여자고등학교","Youngshin Girls’ High School","서울특별시교육청","01721","서울특별시 노원구 중계로16나길 13","(중계동/영신여자고등학교)","02-930-8455","http://ys.sen.hs.kr","02-934-8565","여","일반고","N","일반계","","후기","주간","19871215","19871215","B10","서울특별시교육청","서울특별시","20220731"
"고등학교","사립","7010214","영락고등학교","Youngnak High School","서울특별시교육청","08831","서울특별시 관악구 청룡16길 25","/ 영락고등학교 (봉천동)","02-884-1003","https://yrgo.sen.hs.kr/","02-884-8741","남여공학","일반고","N","일반계","","후기","주간","19590409","19550301","B10","서울특별시교육청","서울특별시","20220731"
"고등학교","사립","7010212","영동고등학교","Young Dong High School","서울특별시교육청","06065","서울특별시 강남구 선릉로 742","(청담동/ 영동고등학교)","02-542-5071","yd.sen.hs.kr","02-542-5075","남","일반고","N","일반계","","후기","주간","19720418","19730603","B10","서울특별시교육청","서울특별시","20220731"
"고등학교","사립","7010209","양천고등학교","Yangcheon High School","서울특별시교육청","08108","서울특별시 양천구 신정로14길 13","(신정동/양천고등학교)","02-2605-5996","http://www.yangcheoncschool.net","02-2605-5986","남","일반고","N","일반계","","후기","주간","19840206","19840312","B10","서울특별시교육청","서울특별시","20220731"
"고등학교","사립","7010208","양정고등학교","Yangchung High School","서울특별시교육청","07985","서울특별시 양천구 안양천로 1039","(목동/양정고등학교)","02-2649-7071","http://www.yangchung.hs.kr","02-2649-7079","남","자율고","N","일반계","","전기","주간","19050512","19050512","B10","서울특별시교육청","서울특별시","20220731"
"고등학교","사립","7010206","신일고등학교","Shin-il High School","서울특별시교육청","01133","서울특별시 강북구 솔매로49길 20","(미아동/신일중고등학교)","02-989-4151","http://www.shin-il.hs.kr","02-986-9565","남","자율고","N","일반계","","전기","주간","19661013","19661013","B10","서울특별시교육청","서울특별시","20220731"
"고등학교","사립","7010205","신광여자고등학교","Shinkwang Girls’ High School","서울특별시교육청","04313","서울특별시 용산구 청파로 263","/ 신광여자고등학교 (청파동3가)","02-710-6940","http://www.shinkwang.hs.kr","02-703-6910","여","일반고","N","일반계","","후기","주간","19530608","19530608","B10","서울특별시교육청","서울특별시","20220731"
"고등학교","사립","7010204","숭의여자고등학교","Soongeui Girls’ High School","서울특별시교육청","06944","서울특별시 동작구 여의대방로36길 79","/ 숭의여자고등학교 (대방동)","02-810-7800","http://soongeui.sen.hs.kr","02-813-0976","여","일반고","N","일반계","","후기","주간","19031031","19031031","B10","서울특별시교육청","서울특별시","20220731"
"고등학교","사립","7010203","숭실고등학교","Soongsil High School","서울특별시교육청","03445","서울특별시 은평구 은평터널로7길 6","(신사동)","02-373-5910","http://www.soongsil.net","02-374-7166","남","일반고","N","일반계","","후기","주간","18971010","18971010","B10","서울특별시교육청","서울특별시","20220731"
"고등학교","사립","7010202","숭문고등학교","Soongmoon High School","서울특별시교육청","04126","서울특별시 마포구 숭문길 99","(대흥동)","02-716-2980","http://soongmoon.sen.hs.kr","02-711-2980","남","자율고","N","일반계","","전기","주간","19460828","19460828","B10","서울특별시교육청","서울특별시","20220731"
"고등학교","사립","7010201","숙명여자고등학교","Sookmyung Girls’ High School","서울특별시교육청","06277","서울특별시 강남구 남부순환로 2807","/ 숙명여자고등학교 (도곡동)","02-3462-5011","http://www.sookmyung.hs.kr","02-3462-0791","여","일반고","N","일반계","","후기","주간","19060522","19060522","B10","서울특별시교육청","서울특별시","20220731"
"고등학교","사립","7010200","송곡여자고등학교","Songgok Girls’ High School","서울특별시교육청","02057","서울특별시 중랑구 양원역로 67","(망우동)","02-434-4598","http://www.songgok.hs.kr","02-438-8508","여","일반고","N","일반계","","후기","주간","19721231","19730524","B10","서울특별시교육청","서울특별시","20220731"
"고등학교","사립","7010199","송곡고등학교","Songgok High School","서울특별시교육청","02062","서울특별시 중랑구 양원역로 50","(망우동/송곡고등학교)","02-435-0660","http://sg.hs.kr","02-437-3093","남","일반고","N","일반계","","후기","주간","19861231","19861231","B10","서울특별시교육청","서울특별시","20220731"
"고등학교","사립","7010198","세화여자고등학교","Sehwa Girls’ High School","서울특별시교육청","06548","서울특별시 서초구 신반포로 56-7","/ 세화여자고등학교","02-537-2131","http://www.sehwa-gs.hs.kr","02-595-6586","여","자율고","N","일반계","","전기","주간","19771230","19780303","B10","서울특별시교육청","서울특별시","20220731"
"고등학교","사립","7010197","세화고등학교","Sehwa High School","서울특별시교육청","06548","서울특별시 서초구 신반포로 56-7","(반포동)","02-594-8721","http://www.sehwa.hs.kr","02-599-3101","남","자율고","N","일반계","","전기","주간","19861230","19861230","B10","서울특별시교육청","서울특별시","20220731"
"고등학교","사립","7010196","성심여자고등학교","Sacred Heart Girls’ High School","서울특별시교육청","04361","서울특별시 용산구 원효로19길 49","/ 성심여자고등학교 (원효로4가)","02-702-5501","http://sacredheart.sen.hs.kr","02-711-6887","여","일반고","N","일반계","","후기","주간","19600126","19600401","B10","서울특별시교육청","서울특별시","20220731"
"고등학교","사립","7010195","성신여자고등학교","Sungshin Girls’ High School","서울특별시교육청","02840","서울특별시 성북구 동소문로26가길 80","(돈암동)","02-6930-9100","http://www.sungshin.hs.kr","02-924-0540","여","일반고","N","일반계","","후기","주간","19360428","19360428","B10","서울특별시교육청","서울특별시","20220731"
"고등학교","사립","7010194","성보고등학교","Sungbo High School","서울특별시교육청","08773","서울특별시 관악구 남부순환로156길 39","(신림동/성보고등학교)","02-862-8409","http://www.sungbo.hs.kr","02-3281-6851","남","일반고","N","일반계","","후기","주간","19811231","19820531","B10","서울특별시교육청","서울특별시","20220731"
"고등학교","사립","7010193","성남고등학교","Sungnam High School","서울특별시교육청","06946","서울특별시 동작구 대방동길 74","/ 성남고등학교 (대방동)","02-815-3645","http://www.sungnam.sen.hs.kr","02-815-1333","남","일반고","N","일반계","","후기","주간","19380224","19380425","B10","서울특별시교육청","서울특별시","20220731"
"고등학교","사립","7010192","선화예술고등학교","Sunhwa Arts High School","서울특별시교육청","04991","서울특별시 광진구 천호대로 664","(능동)","02-2204-1303","http://www.sunhwa.org","02-458-4582","남여공학","특목고","N","일반계","예술계열","전기","주간","19741201","19760705","B10","서울특별시교육청","서울특별시","20220731"
"고등학교","사립","7010191","선정고등학교","Sunjung High School","서울특별시교육청","03327","서울특별시 은평구 서오릉로20길 19","/ 선정고등학교 (갈현동)","02-3156-1500","http://www.sunjung.hs.kr","02-355-2259","남여공학","일반고","N","일반계","","후기","주간","19500522","19500522","B10","서울특별시교육청","서울특별시","20220731"
"고등학교","사립","7010190","선일여자고등학교","Sunil Girls’ High School","서울특별시교육청","03322","서울특별시 은평구 갈현로29길 27","(갈현동)","02-355-6691","http://sunil.sen.hs.kr","02-388-1698","여","일반고","N","일반계","","후기","주간","19711227","19711227","B10","서울특별시교육청","서울특별시","20220731"
"고등학교","사립","7010189","선덕고등학교","Sunduck High School","서울특별시교육청","01375","서울특별시 도봉구 시루봉로 53","/  선덕고등학교 (쌍문동)","02-997-4111","http://sunduck.sen.hs.kr","02-994-1797","남","자율고","N","일반계","","전기","주간","19821003","19830305","B10","서울특별시교육청","서울특별시","20220731"
"고등학교","사립","7010188","서울외국어고등학교","Seoul Foreign Language High School","서울특별시교육청","01489","서울특별시 도봉구 덕릉로66길 22","(창동)","1670-1005","http://sfl.sen.hs.kr","02-994-2435","남여공학","특목고","N","일반계","외국어계열","전기","주간","19931005","19931005","B10","서울특별시교육청","서울특별시","20220731"
"고등학교","사립","7010187","서울예술고등학교","Seoul Arts High School","서울특별시교육청","03011","서울특별시 종로구 평창문화로 70","/ 서울예술고등학교 (평창동)","02-2287-0500","http://yego.or.kr","02-2287-0400","남여공학","특목고","N","일반계","예술계열","전기","주간","19530321","19530321","B10","서울특별시교육청","서울특별시","20220731"
"고등학교","사립","7010186","서울세종고등학교","Seoul Sejong High School","서울특별시교육청","06348","서울특별시 강남구 광평로51길 36","/ 서울세종고등학교 (수서동)","070-8668-3119","http://www.seoulsejong.hs.kr/","02-451-3292","남여공학","일반고","N","일반계","","후기","주간","19581228","19581228","B10","서울특별시교육청","서울특별시","20220731"
"고등학교","사립","7010185","서울미술고등학교","Seoul Art High School","서울특별시교육청","08802","서울특별시 관악구 남부순환로247길 26","(봉천동/서울미술고등학교)","02-872-2111","http://www.seoul-art.or.kr","02-872-2115","남여공학","일반고","N","일반계","","전기","주간","19710926","19720525","B10","서울특별시교육청","서울특별시","20220731"
"고등학교","사립","7010183","서문여자고등학교","Suhmoon Girls’ High School","서울특별시교육청","06565","서울특별시 서초구 동광로12길 84","(방배동/서문여자고등학교)","02-599-6061","http://suhmoon.sen.hs.kr","02-594-8065","여","일반고","N","일반계","","후기","주간","19721229","19721229","B10","서울특별시교육청","서울특별시","20220731"
"고등학교","사립","7010182","서라벌고등학교","Sorabol High School","서울특별시교육청","01745","서울특별시 노원구 한글비석로5길 18","/ (중계1동 313/ 서라벌고등학교)","02-2092-2200","http://sorabol.sen.hs.kr","02-2092-2270","남","일반고","N","일반계","","후기","주간","19560305","19560305","B10","서울특별시교육청","서울특별시","20220731"
"고등학교","사립","7010181","상일여자고등학교","Sangil Girls High School","서울특별시교육청","05282","서울특별시 강동구 천호대로219길 61","/ 상일여자고등학교 (상일동)","02-428-0435","http://sangil.hs.kr","02-481-3130","여","일반고","N","일반계","","후기","주간","19791006","19791006","B10","서울특별시교육청","서울특별시","20220731"
"고등학교","사립","7010179","상문고등학교","Sangmoon High School","서울특별시교육청","06707","서울특별시 서초구 명달로 45","(방배동/상문고등학교)","02-586-3141","http://www.sangmoon.hs.kr","02-586-3136","남","일반고","N","일반계","","후기","주간","19721223","19721223","B10","서울특별시교육청","서울특별시","20220731"
"고등학교","사립","7010178","상명대학교사범대학부속여자고등학교","Girls` High School Attached to College of Education/ Sangmyung University","서울특별시교육청","03016","서울특별시 종로구 홍지문2길 20","(홍지동/상명대학교)","02-396-6302","http://sangmyung-agh.hs.kr","02-396-6305","여","일반고","N","일반계","","후기","주간","19661219","19670307","B10","서울특별시교육청","서울특별시","20220731"
"고등학교","사립","7010174","보성여자고등학교","Bosung Girls` High School","서울특별시교육청","04338","서울특별시 용산구 신흥로3가길 66","/ 보성여자고등학교 (용산동2가)","07040003030","http://www.bosung.hs.kr","027984145","여","일반고","N","일반계","","후기","주간","19071010","19071010","B10","서울특별시교육청","서울특별시","20220731"
"고등학교","사립","7010173","보성고등학교","Posung High School","서울특별시교육청","05649","서울특별시 송파구 양재대로 1278","(방이동/보성중고등학교)","02-2152-2430","http://posung.sen.hs.kr","02-449-9355","남","일반고","N","일반계","","후기","주간","19060905","19060905","B10","서울특별시교육청","서울특별시","20220731"
"고등학교","사립","7010172","백암고등학교","Baegam High School","서울특별시교육청","08080","서울특별시 양천구 신정로13길 16","/ 백암고등학교 (신정동)","02-2696-0110","http://baegam.sen.hs.kr","02-2691-0111","남여공학","일반고","N","일반계","","후기","주간","19840409","19841217","B10","서울특별시교육청","서울특별시","20220731"
"고등학교","사립","7010171","배화여자고등학교","Paiwha Girls` High School","서울특별시교육청","03039","서울특별시 종로구 필운대로1길 34","(필운동/배화여자고등학교)","02-724-0300","http://paiwha.sen.hs.kr/","02-723-0752","여","일반고","N","일반계","","후기","주간","18981002","18981002","B10","서울특별시교육청","서울특별시","20220731"
"고등학교","사립","7010170","배재고등학교","Paichai High School","서울특별시교육청","05234","서울특별시 강동구 고덕로 227","(고덕동/배재중 고등학교)","02-428-1885","www.paichai.hs.kr","02-429-7845","남","자율고","N","일반계","","전기","주간","18850608","18850608","B10","서울특별시교육청","서울특별시","20220731"
"고등학교","사립","7010169","배문고등학교","Baemoon High School","서울특별시교육청","04305","서울특별시 용산구 효창원로 258","(서계동)","02-3480-7100","http://www.baemoon.hs.kr","02-714-0062","남","일반고","N","일반계","","후기","주간","19551231","19551231","B10","서울특별시교육청","서울특별시","20220731"
"고등학교","사립","7010168","배명고등학교","Baemyeong High School","서울특별시교육청","05598","서울특별시 송파구 삼학사로 11","/ 배명고등학교 (삼전동)","070-4014-2632","http://www.bm.hs.kr","02-421-8716","남","일반고","N","일반계","","후기","주간","19490307","19341007","B10","서울특별시교육청","서울특별시","20220731"
"고등학교","사립","7010167","미림여자고등학교","Mirim Girls’ High School","서울특별시교육청","08821","서울특별시 관악구 호암로 546","/ 미림여자고등학교 (신림동)","02-886-1811","http://www.mirim.hs.kr","02-878-2188","여","일반고","N","일반계","","후기","주간","19671230","19790531","B10","서울특별시교육청","서울특별시","20220731"
"고등학교","사립","7010166","문일고등학교","Moonil High School","서울특별시교육청","08634","서울특별시 금천구 시흥대로47길 45","(시흥동)","02-802-2301","http://moonil.hs.kr","02-893-5094","남","일반고","N","일반계","","후기","주간","19741227","19741227","B10","서울특별시교육청","서울특별시","20220731"
"고등학교","사립","7010163","명지고등학교","Myongji High School","서울특별시교육청","03656","서울특별시 서대문구 명지2길 56","/ 명지고등학교 (홍은동)","02-303-1540","http://www.myongjigo.net/","02-309-7289","남여공학","일반고","N","일반계","","후기","주간","19480412","19480412","B10","서울특별시교육청","서울특별시","20220731"
"고등학교","사립","7010160","명덕외국어고등학교","Myungduk Foreign Language High School","서울특별시교육청","07633","서울특별시 강서구 강서로47길 34-10","/ 명덕외국어고등학교 (내발산동/명덕고등학교)","02-2665-8821","http://www.mdfh.or.kr","02-2665-5777","남여공학","특목고","N","일반계","외국어계열","전기","주간","19910911","19910911","B10","서울특별시교육청","서울특별시","20220731"
"고등학교","사립","7010159","명덕여자고등학교","Myungduk Girls’ High School","서울특별시교육청","07633","서울특별시 강서구 강서로47길 34-10","(내발산동)","02-2664-8815","mdgh.sen.hs.kr","02-2664-8343","여","일반고","N","일반계","","후기","주간","19831226","19841015","B10","서울특별시교육청","서울특별시","20220731"
"고등학교","사립","7010158","명덕고등학교","Myungduk High School","서울특별시교육청","07633","서울특별시 강서구 강서로47길 34-10","(내발산동/명덕고등학교)","02-2664-8817","http://myungduk.sen.hs.kr","02-2664-8875","남","일반고","N","일반계","","후기","주간","19841217","19841015","B10","서울특별시교육청","서울특별시","20220731"
"고등학교","사립","7010157","마포고등학교","Mapo High School","서울특별시교육청","07576","서울특별시 강서구 화곡로 403","(등촌동/마포고등학교)","02-3663-2583","http://www.mapo.hs.kr","02-3663-2590","남","일반고","N","일반계","","후기","주간","19530601","19530601","B10","서울특별시교육청","서울특별시","20220731"
"고등학교","사립","7010156","동일여자고등학교","Dong-il Girls’ High School","서울특별시교육청","08656","서울특별시 금천구 탑골로10길 45","(시흥동/ 동일여자고등학교)","02-803-9806","http://www.dongilg.hs.kr","02-894-5554","여","일반고","N","일반계","","후기","주간","19721219","19680910","B10","서울특별시교육청","서울특별시","20220731"
"고등학교","사립","7010155","동성고등학교","Dongsung High School","서울특별시교육청","03083","서울특별시 종로구 대학로 156","(혜화동/동성중고교)","02-3671-9100","http://www.dongsung.hs.kr","02-765-8239","남","자율고","N","일반계","","전기","주간","19070910","19381208","B10","서울특별시교육청","서울특별시","20220731"
"고등학교","사립","7010154","동북고등학교","Dongbuk High School","서울특별시교육청","05412","서울특별시 강동구 강동대로 305","(둔촌동)","02-477-2280","http://dongbuk.hs.kr","02-488-8093","남","일반고","N","일반계","","후기","주간","19530604","19530604","B10","서울특별시교육청","서울특별시","20220731"
"고등학교","사립","7010153","동명여자고등학교","Dongmyung Girls’ High School","서울특별시교육청","03390","서울특별시 은평구 통일로 793","(대조동/동명여자고등학교)","02-385-0652","http://dongmyung.sen.hs.kr","02-356-4706","여","일반고","N","일반계","","후기","주간","19210603","19210603","B10","서울특별시교육청","서울특별시","20220731"
"고등학교","사립","7010152","동덕여자고등학교","Dongduk Girls’ High School","서울특별시교육청","06700","서울특별시 서초구 효령로2길 123-5","/ 동덕여자고등학교 (방배동)","02-586-5418","http://www.dongduk.hs.kr","02-582-7306","여","일반고","N","일반계","","후기","주간","19100428","19100428","B10","서울특별시교육청","서울특별시","20220731"
"고등학교","사립","7010151","동국대학교사범대학부속고등학교","High School Attached to College of Education Dongguk University","서울특별시교육청","02520","서울특별시 동대문구 장안벚꽃로 201","(장안동/동국대학교사범대학부속고등학교)","02-6913-1511","http://ddbk.sen.hs.kr","02-6913-1588","남","일반고","N","일반계","","후기","주간","19470624","19470624","B10","서울특별시교육청","서울특별시","20220731"
"고등학교","사립","7010150","덕원예술고등학교","Deokwon Arts High School","서울특별시교육청","07640","서울특별시 강서구 강서로45길 91-44","/ 덕원예술고등학교 (내발산동)","02-2660-7911","http://www.dwarts.hs.kr","02-2660-7914","남여공학","특목고","N","일반계","예술계열","전기","주간","19911107","19920429","B10","서울특별시교육청","서울특별시","20220731"
"고등학교","사립","7010149","덕원여자고등학교","Deokwon Girls’ High School","서울특별시교육청","07640","서울특별시 강서구 강서로45길 91-44","(내발산동/덕원여자고등학교)","02-2660-7800","http://deokwon.sen.hs.kr","02-2660-7812","여","일반고","N","일반계","","후기","주간","19780429","19780429","B10","서울특별시교육청","서울특별시","20220731"
"고등학교","사립","7010148","덕성여자고등학교","Duksung Girls’ High School","서울특별시교육청","03061","서울특별시 종로구 율곡로3길 50","/ 덕성여자고등학교 (안국동)","02-734-6871","http://duksung.sen.hs.kr","02-732-5569","여","일반고","N","일반계","","후기","주간","19200419","19451010","B10","서울특별시교육청","서울특별시","20220731"
"고등학교","사립","7010147","대진여자고등학교","Daejin Girls’ High School","서울특별시교육청","01785","서울특별시 노원구 공릉로 438","/ 대진여자고등학교 (중계동)","02-979-2327","http://www.daejinw.hs.kr","02-948-3951","여","일반고","N","일반계","","후기","주간","19880212","19880212","B10","서울특별시교육청","서울특별시","20220731"
"고등학교","사립","7010146","대진고등학교","Daejin High School","서울특별시교육청","01807","서울특별시 노원구 공릉로62가길 47","/ 대진고등학교 (하계동)","02-976-0067","http://www.dae-jin.hs.kr","02-971-6085","남","일반고","N","일반계","","후기","주간","19840613","19851024","B10","서울특별시교육청","서울특별시","20220731"
"고등학교","사립","7010145","대일외국어고등학교","Daeil Foreign Language High School","서울특별시교육청","02713","서울특별시 성북구 서경로 116","(정릉동/대일외국어고등학교)","02-940-1000","www.daeil.or.kr","02-940-0605","남여공학","특목고","N","일반계","외국어계열","전기","주간","19840304","19840924","B10","서울특별시교육청","서울특별시","20220731"
"고등학교","사립","7010144","대일고등학교","Daeil High School","서울특별시교육청","07672","서울특별시 강서구 등촌로 105","(등촌동)","070-4020-6400","https://daeil.sen.hs.kr/index.do","02-2644-1558","남","일반고","N","일반계","","후기","주간","19720926","19720926","B10","서울특별시교육청","서울특별시","20220731"
"고등학교","사립","7010143","대원외국어고등학교","Daewon Foreign Language High School","서울특별시교육청","04939","서울특별시 광진구 용마산로22길 26","(중곡동)","02-2204-1530","http://www.dwfl.hs.kr/","02-2204-1537","남여공학","특목고","N","일반계","외국어계열","전기","주간","19831007","19840520","B10","서울특별시교육청","서울특별시","20220731"
"고등학교","사립","7010142","대원여자고등학교","Daewon Girls’ High School","서울특별시교육청","04939","서울특별시 광진구 용마산로22길 26","(중곡동)","02-2204-1620","http://www.dwg.hs.kr","02-2204-1623","여","일반고","N","일반계","","후기","주간","19821013","19830520","B10","서울특별시교육청","서울특별시","20220731"
"고등학교","사립","7010141","대원고등학교","Daewon High School","서울특별시교육청","04939","서울특별시 광진구 용마산로22길 26","/ 대원고등학교 (중곡동)","02-2204-1569","http://daewon-seoul.hs.kr","82-2-2204-1577","남","일반고","N","일반계","","후기","주간","19770520","19770520","B10","서울특별시교육청","서울특별시","20220731"
"고등학교","사립","7010140","대신고등학교","Daeshin High School","서울특별시교육청","03029","서울특별시 종로구 사직로 9","(행촌동)","02-736-0317","http://www.dae-shin.hs.kr/","02-736-0324","남","일반고","N","일반계","","후기","주간","19380405","19380405","B10","서울특별시교육청","서울특별시","20220731"
"고등학교","사립","7010139","대성고등학교","Daesung High School","서울특별시교육청","03322","서울특별시 은평구 갈현로29길 51-24","/ 대성고등학교 (갈현동)","02-6252-1000","http://dae-sung.sen.hs.kr","02-386-2536","남","일반고","N","일반계","","전기","주간","19690109","19691016","B10","서울특별시교육청","서울특별시","20220731"
"고등학교","사립","7010138","대광고등학교","Daegwang High School","서울특별시교육청","02581","서울특별시 동대문구 안암로 6","/ 대광고등학교 (신설동)","02-940-2202","http://www.dgh.hs.kr","02-926-3197","남","자율고","N","일반계","","전기","주간","19471125","19471025","B10","서울특별시교육청","서울특별시","20220731"
"고등학교","사립","7010137","단국대학교사범대학부속고등학교","DanKook University High School","서울특별시교육청","06278","서울특별시 강남구 도곡로64길 21","(대치동)","02-2191-2600","http://www.dan-kook.hs.kr","02-557-6837","남","일반고","N","일반계","","후기","주간","19831226","19831226","B10","서울특별시교육청","서울특별시","20220731"
"고등학교","사립","7010136","남강고등학교","Namkang High School","서울특별시교육청","08854","서울특별시 관악구 난곡로34길 80","(신림동)","02-839-1701","http://www.namkang.hs.kr","02-839-1707","남","일반고","N","일반계","","후기","주간","19721229","19730302","B10","서울특별시교육청","서울특별시","20220731"
"고등학교","사립","7010135","광영여자고등학교","Kwang-young Girls’ High School","서울특별시교육청","07909","서울특별시 양천구 남부순환로30길 17","/ 광영여자고등학교 (신월동)","02-2697-5553","http://www.kyg.hs.kr","02-2697-5552","여","일반고","N","일반계","","후기","주간","19841217","19850306","B10","서울특별시교육청","서울특별시","20220731"
"고등학교","사립","7010134","광영고등학교","Kwangyoung High School","서울특별시교육청","07909","서울특별시 양천구 남부순환로30길 17","(신월동/광영고등학교)","02-2650-2300","http://www.ky.hs.kr","02-2697-1002","남","일반고","N","일반계","","후기","주간","19850201","19850201","B10","서울특별시교육청","서울특별시","20220731"
"고등학교","사립","7010133","광신고등학교","Kwangshin High School","서울특별시교육청","08847","서울특별시 관악구 광신길 141","(신림동/광신중고등학교)","02-881-8532","http://www.kwangshin.hs.kr","02-881-8566","남여공학","일반고","N","일반계","","후기","주간","19870120","19870102","B10","서울특별시교육청","서울특별시","20220731"
"고등학교","사립","7010132","광성고등학교","Kwangsung High School","서울특별시교육청","04097","서울특별시 마포구 신수로8길 20","(신수동)","02-703-3457","http://kwangsung.sen.hs.kr","02-711-7397","남","일반고","N","일반계","","후기","주간","18940406","18940406","B10","서울특별시교육청","서울특별시","20220731"
"고등학교","사립","7010131","광문고등학교","Gwangmun High School","서울특별시교육청","05225","서울특별시 강동구 동남로 968","/ 광문고등학교 (고덕동)","02-427-2870","http://gwangmun.sen.hs.kr","02-427-4357","남여공학","일반고","N","일반계","","후기","주간","19851105","19851105","B10","서울특별시교육청","서울특별시","20220731"
"고등학교","사립","7010127","경희여자고등학교","Kyung Hee Girls’High School","서울특별시교육청","02447","서울특별시 동대문구 경희대로 26","/ 경희여자고등학교 (회기동)","02-966-4560","www.kyunghee.hs.kr","02-967-2429","여","일반고","N","일반계","","후기","주간","19600209","19600415","B10","서울특별시교육청","서울특별시","20220731"
"고등학교","사립","7010126","경희고등학교","Kyunghee High School","서울특별시교육청","02447","서울특별시 동대문구 경희대로 26","(회기동/ 경희고등학교)","02-966-3782","http://www.kyungheeboy.hs.kr/","02-962-3643","남","자율고","N","일반계","","전기","주간","19591212","19591212","B10","서울특별시교육청","서울특별시","20220731"
"고등학교","사립","7010125","경신고등학교","Kyungshin High School","서울특별시교육청","03067","서울특별시 종로구 혜화로 74","(혜화동/경신중고등학교)","02-762-0393","http://kyungshin.hs.kr","02-762-0387","남","일반고","N","일반계","","후기","주간","18850509","18850509","B10","서울특별시교육청","서울특별시","20220731"
"고등학교","사립","7010124","경성고등학교","Gyeongseong High School","서울특별시교육청","03977","서울특별시 마포구 성미산로 111","/ 경성고등학교 (연남동)","02-3140-1168","http://www.gyeongseong.hs.kr","02-334-7533","남","일반고","N","일반계","","후기","주간","19671229","19671023","B10","서울특별시교육청","서울특별시","20220731"
"고등학교","사립","7010122","경복여자고등학교","Kyungbok Girls’ High School","서울특별시교육청","07589","서울특별시 강서구 화곡로63길 40","/ 경복여자고등학교 (등촌동)","02-3661-1741","http://www.kb.hs.kr","02-3661-3795","여","일반고","N","일반계","","후기","주간","19931002","19931002","B10","서울특별시교육청","서울특별시","20220731"
"고등학교","사립","7010120","경문고등학교","Kyungmoon High School","서울특별시교육청","06995","서울특별시 동작구 동작대로 171","/ 경문고등학교 (동작동)","02-535-1301","http://kyungmoon.hs.kr/","02-535-1230","남","일반고","N","일반계","","전기","주간","19800124","19800507","B10","서울특별시교육청","서울특별시","20220731"
"고등학교","사립","7010119","건국대학교사범대학부속고등학교","Konkuk University High School","서울특별시교육청","05029","서울특별시 광진구 능동로 120","/ 건국대학교사범대학부속고등학교 (화양동)","070-7012-3500","http://konkuk.sen.hs.kr","02-456-0646","남여공학","일반고","N","일반계","","후기","주간","19800131","19800515","B10","서울특별시교육청","서울특별시","20220731"
"고등학교","사립","7010118","강서고등학교","Gangseo High School","서울특별시교육청","07958","서울특별시 양천구 목동중앙남로 27","/ 강서고등학교 (목동)","02-2642-0725","http://gangseo.sen.hs.kr","02-2651-3046","남","일반고","N","일반계","","후기","주간","19831101","19831101","B10","서울특별시교육청","서울특별시","20220731"
"고등학교","사립","7010117","강동고등학교","Kangdong High School","서울특별시교육청","05279","서울특별시 강동구 구천면로 572","(상일동)","02-427-0231","http://kangdong.sen.hs.kr","02-441-3494","남여공학","일반고","N","일반계","","후기","주간","19841217","19850908","B10","서울특별시교육청","서울특별시","20220731"
"고등학교","공립","7010116","혜화여자고등학교","Hyehwa Girls’ High School","서울특별시교육청","01095","서울특별시 강북구 인수봉로 127","(수유동/혜화여자고등학교)","02-985-8415","http://hyehwa-h.sen.hs.kr","02-987-8343","여","일반고","N","일반계","","후기","주간","19660305","19660305","B10","서울특별시교육청","서울특별시","20220731"
"고등학교","공립","7010115","한성과학고등학교","Hansung Science High School","서울특별시교육청","03732","서울특별시 서대문구 통일로 279-79","/ 한성과학고등학교 (현저동)","02-6917-0000","https://hansungsh.sen.hs.kr","02-6917-0099","남여공학","특목고","N","일반계","과학계열","전기","주간","19920301","19920925","B10","서울특별시교육청","서울특별시","20220731"
"고등학교","공립","7010114","태릉고등학교","Taereung High School","서울특별시교육청","02021","서울특별시 중랑구 신내로23길 36","/ 태릉고등학교 (묵동)","02-6211-8585","http://taereung.sen.hs.kr","02-6211-8586","남여공학","일반고","N","일반계","","후기","주간","19841217","19850507","B10","서울특별시교육청","서울특별시","20220731"
"고등학교","공립","7010113","청량고등학교","Chungryang High School","서울특별시교육청","02461","서울특별시 동대문구 왕산로 303","(청량리동/ 청량고등학교)","02-959-4362","http://www.chungryang.hs.kr","02-959-1887","남여공학","자율고","N","일반계","","후기","주간","19811231","19820402","B10","서울특별시교육청","서울특별시","20220731"
"고등학교","공립","7010112","청담고등학교","Chungdam High School","서울특별시교육청","06009","서울특별시 강남구 압구정로 419","/ 청담고등학교 (압구정동)","02-3496-8203","http://www.chungdam.hs.kr","02-3496-8398","남여공학","일반고","N","일반계","","후기","주간","19900120","19900522","B10","서울특별시교육청","서울특별시","20220731"
"고등학교","공립","7010110","창덕여자고등학교","Changduk Girls’ High School","서울특별시교육청","05649","서울특별시 송파구 양재대로 1240","/ 창덕여자고등학교 (방이동)","02-401-4924","http://changduk.sen.hs.kr","02-430-5601","여","일반고","N","일반계","","후기","주간","19410402","19410422","B10","서울특별시교육청","서울특별시","20220731"
"고등학교","공립","7010109","중화고등학교","Junghwa high school","서울특별시교육청","02047","서울특별시 중랑구 봉화산로27길 62","(중화동/ 중화고등학교)","02-491-6807","http://www.jung-hwa.hs.kr","02-438-9762","남여공학","일반고","N","일반계","","후기","주간","19871215","19880423","B10","서울특별시교육청","서울특별시","20220731"
"고등학교","공립","7010108","중경고등학교","Jungkyung High School","서울특별시교육청","04426","서울특별시 용산구 이촌로84길 34","(이촌동)","02-793-2540","http://jungkyung.hs.kr","02-796-5727","남여공학","자율고","N","일반계","","후기","주간","19820301","19820301","B10","서울특별시교육청","서울특별시","20220731"
"고등학교","공립","7010107","잠실고등학교","Jamsil High School","서울특별시교육청","05507","서울특별시 송파구 올림픽로33길 71","/ 잠실고등학교 (신천동)","02-2141-3700","http://jamsil.sen.hs.kr","02-2141-3880","남","일반고","N","일반계","","후기","주간","19821130","19830404","B10","서울특별시교육청","서울특별시","20220731"
"고등학교","공립","7010106","잠신고등학교","Jamsin High School","서울특별시교육청","05502","서울특별시 송파구 잠실로 24","/ 잠신고등학교 (잠실동)","02-417-8771","http://www.jamsin.or.kr","02-421-9751","남여공학","일반고","N","일반계","","후기","주간","19881223","19881223","B10","서울특별시교육청","서울특별시","20220731"
"고등학교","공립","7010105","자양고등학교","Jayang High School","서울특별시교육청","05069","서울특별시 광진구 뚝섬로37길 28","(자양동/자양고등학교)","02-2049-4100","http://jayang.sen.hs.kr","02-2049-4288","남여공학","일반고","N","일반계","","후기","주간","19831226","19840515","B10","서울특별시교육청","서울특별시","20220731"
"고등학교","공립","7010104","인헌고등학교","Inhun High School","서울특별시교육청","08796","서울특별시 관악구 인헌9길 74","(봉천동/인헌고등학교)","02-886-6253","inhun.sen.hs.kr","02-872-0495","남여공학","일반고","N","일반계","","후기","주간","19841207","19850605","B10","서울특별시교육청","서울특별시","20220731"
"고등학교","공립","7010103","용산고등학교","Yongsan High School","서울특별시교육청","04353","서울특별시 용산구 두텁바위로 60","(용산동2가/용산고등학교)","02-3706-6700","http://yongsan.sen.hs.kr","02-318-4439","남","일반고","N","일반계","","후기","주간","19460909","19460909","B10","서울특별시교육청","서울특별시","20220731"
"고등학교","공립","7010101","오금고등학교","Ogeum High School","서울특별시교육청","05660","서울특별시 송파구 중대로 247","(오금동)","02-406-0592","http://ogeum.sen.hs.kr","02-448-5671","남여공학","일반고","N","일반계","","후기","주간","19871215","19880421","B10","서울특별시교육청","서울특별시","20220731"
"고등학교","공립","7010100","영신고등학교","YOUNGSHIN HIGH SCHOOL","서울특별시교육청","07436","서울 영등포구 대방천로14길 18","/ 영신고등학교 (신길동/영신고등학교)","02-834-6051","http://www.ysh.or.kr","02-831-3539","남여공학","일반고","N","일반계","","후기","주간","19900120","19910501","B10","서울특별시교육청","서울특별시","20220731"
"고등학교","공립","7010099","영등포여자고등학교","Yeongdeungpo Girls’ High School","서울특별시교육청","07310","서울특별시 영등포구 영등포로62길 13","/ 영등포여자고등학교  (신길동)184-3","02-843-0479","http://ydpg.hs.kr","02-831-1114","여","일반고","N","일반계","","후기","주간","19530331","19530331","B10","서울특별시교육청","서울특별시","20220731"
"고등학교","공립","7010098","영등포고등학교","Youngdeungpo High School","서울특별시교육청","06933","서울특별시 동작구 등용로8길 5","(대방동/영등포고등학교)","02-816-8323","http://www.ydp.hs.kr","02-824-4370","남","일반고","N","일반계","","후기","주간","19590313","19590407","B10","서울특별시교육청","서울특별시","20220731"
"고등학교","공립","7010097","여의도여자고등학교","Yeouido Girls’High School","서울특별시교육청","07341","서울특별시 영등포구 국제금융로7가길 13","/ 여의도여자고등학교 (여의도동)","02-3780-4400","http://www.yeouido-gh.hs.kr","02-3780-4424","여","일반고","N","일반계","","후기","주간","19840301","19840506","B10","서울특별시교육청","서울특별시","20220731"
"고등학교","공립","7010096","여의도고등학교","Yeouido High School","서울특별시교육청","07338","서울특별시 영등포구 국제금융로7길 37","/ 여의도고등학교 (여의도동)","070-8661-3005","http://yeouido.hs.kr","02-782-1279","남","일반고","N","일반계","","후기","주간","19721229","19730303","B10","서울특별시교육청","서울특별시","20220731"
"고등학교","공립","7010095","언남고등학교","Eonnam High School","서울특별시교육청","06780","서울 서초구 동산로13길 35","(양재동/언남고등학교)","02-575-2680","http://eonnam.sen.hs.kr","02-579-7227","남여공학","일반고","N","일반계","","후기","주간","19860125","19860430","B10","서울특별시교육청","서울특별시","20220731"
"고등학교","공립","7010094","양재고등학교","Yangjae High School","서울특별시교육청","06750","서울특별시 서초구 남부순환로346길 9","(서초동/양재고등학교)","02-571-4457","http://yangjae.sen.hs.kr","02-578-7507","남여공학","일반고","N","일반계","","후기","주간","19900120","19901123","B10","서울특별시교육청","서울특별시","20220731"
"고등학교","공립","7010093","신목고등학교","Shinmok High School","서울특별시교육청","08018","서울특별시 양천구 안양천로 739","(신정동/신목고등학교)","070-8720-5010","http://shinmok.hs.kr","02-2645-5902","남여공학","일반고","N","일반계","","후기","주간","19861217","19870528","B10","서울특별시교육청","서울특별시","20220731"
"고등학교","공립","7010092","신림고등학교","Sillim High School","서울특별시교육청","08772","서울특별시 관악구 문성로 119","/ 신림고등학교 (신림동)","02-6219-8300","www.sillim.hs.kr","02-869-1466","남여공학","일반고","N","일반계","","후기","주간","19861217","19870506","B10","서울특별시교육청","서울특별시","20220731"
"고등학교","공립","7010090","수도여자고등학교","Sudo Girls High School","서울특별시교육청","07062","서울특별시 동작구 여의대방로10길 73","/ 수도여자고등학교 (신대방동)","02-2102-3506","http://www.sudo-gh.hs.kr","02-2102-3529","여","일반고","N","일반계","","후기","주간","19460610","19460610","B10","서울특별시교육청","서울특별시","20220731"
"고등학교","공립","7010089","성동고등학교","Sungdong High School","서울특별시교육청","04579","서울특별시 중구 퇴계로90길 17","/ 성동고등학교 (신당동)","02-2237-2412","http://www.sungdong.hs.kr","02-2237-5748","남","자율고","N","일반계","","후기","주간","19490824","19490824","B10","서울특별시교육청","서울특별시","20220731"
"고등학교","공립","7010088","석관고등학교","SEOKGWAN HIGH SCHOOL","서울특별시교육청","02782","서울특별시 성북구 한천로70길 30","/ 석관고등학교 (석관동)","02-958-1000","http://www.seokgwan.hs.kr","02-962-5364","남여공학","일반고","N","일반계","","후기","주간","19821130","19830413","B10","서울특별시교육청","서울특별시","20220731"
"고등학교","공립","7010087","서초고등학교","Seocho High School","서울특별시교육청","06656","서울특별시 서초구 반포대로27길 29","(서초동)","02-584-4234","http://seocho.sen.hs.kr","02-583-6035","남여공학","일반고","N","일반계","","후기","주간","19840112","19840418","B10","서울특별시교육청","서울특별시","20220731"
"고등학교","공립","7010086","서울체육고등학교","Seoul Physical Education High School","서울특별시교육청","05541","서울특별시 송파구 강동대로 232","/ 서울체육고등학교 (방이동)","02-2140-9801","http://seoul-ph.sen.hs.kr","02-2203-9803","남여공학","특목고","N","일반계","체육계열","전기","주간","19710320","19710320","B10","서울특별시교육청","서울특별시","20220731"
"고등학교","공립","7010085","서울여자고등학교","Seoul Girls` High School","서울특별시교육청","04140","서울특별시 마포구 백범로25길 34","/ 서울여자고등학교 (염리동)","02-703-2211","http://seoulgs.sen.hs.kr","02-711-5667","여","자율고","N","일반계","","후기","주간","19580415","19580415","B10","서울특별시교육청","서울특별시","20220731"
"고등학교","공립","7010084","서울과학고등학교","Seoul Science High School","서울특별시교육청","03066","서울특별시 종로구 혜화로 63","(명륜1가)","02-740-6299","http://www.sshs.hs.kr","02-741-1368","남여공학","특목고","N","일반계","과학계열","전기","주간","19880914","19880914","B10","서울특별시교육청","서울특별시","20220731"
"고등학교","공립","7010083","서울고등학교","Seoul High School","서울특별시교육청","06669","서울특별시 서초구 효령로 197","(서초동/서울고등학교)","02-582-8151","http://seoul.sen.hs.kr","02-587-3933","남","일반고","N","일반계","","후기","주간","19460201","19460201","B10","서울특별시교육청","서울특별시","20220731"
"고등학교","공립","7010082","상계고등학교","Sang-gye High School","서울특별시교육청","01761","서울특별시 노원구 노해로 432","(상계동/ 상계고등학교)","02-6477-0700","http://sanggye.sen.hs.kr","02-933-9795","남","일반고","N","일반계","","후기","주간","19871215","19880428","B10","서울특별시교육청","서울특별시","20220731"
"고등학교","공립","7010081","삼성고등학교","Samsung High School","서울특별시교육청","08815","서울특별시 관악구 신림로 41","(신림동)","02-871-7583","http://www.samsung.hs.kr","02-886-7251","남여공학","일반고","N","일반계","","후기","주간","19860112","19860112","B10","서울특별시교육청","서울특별시","20220731"
"고등학교","공립","7010080","반포고등학교","Banpo High School","서울특별시교육청","06598","서울특별시 서초구 고무래로 71","(반포동/반포고등학교)","02-2258-4300/4100","http://banpo.sen.hs.kr","02-2258-4242","남여공학","일반고","N","일반계","","후기","주간","19831226","19840426","B10","서울특별시교육청","서울특별시","20220731"
"고등학교","공립","7010079","무학여자고등학교","Muhak Girls’ High School","서울특별시교육청","04716","서울특별시 성동구 고산자로 197","무학여자고등학교","02-2200-1724","http://www.muhak.hs.kr","02-2299-5065","여","일반고","N","일반계","","후기","주간","19400330","19400420","B10","서울특별시교육청","서울특별시","20220731"
"고등학교","공립","7010078","명일여자고등학교","Myungil Girls’ High School","서울특별시교육청","05268","서울특별시 강동구 명일로 350","(명일동/명일여자고등학교)","02-481-8192","http://www.myungil.hs.kr","02-481-8197","여","일반고","N","일반계","","후기","주간","19841217","19850508","B10","서울특별시교육청","서울특별시","20220731"
"고등학교","공립","7010077","면목고등학교","Myeonmok High School","서울특별시교육청","02193","서울특별시 중랑구 용마산로72길 36-14","(면목동/면목고등학교)","02-435-0002","http://mmhs.sen.hs.kr","02-435-0774","남","자율고","N","일반계","","후기","주간","19821130","19830420","B10","서울특별시교육청","서울특별시","20220731"
"고등학교","공립","7010076","둔촌고등학교","Doonchon High School","서울특별시교육청","05367","서울특별시 강동구 명일로 140","(둔촌동/둔촌고등학교)","02-485-9873","https://doonchon.sen.hs.kr/","02-485-9874","남여공학","일반고","N","일반계","","후기","주간","19970115","19970412","B10","서울특별시교육청","서울특별시","20220731"
"고등학교","공립","7010075","동작고등학교","Dongjak High School","서울특별시교육청","07031","서울특별시 동작구 솔밭로 51","(사당동/동작고등학교(복합정보센타))","02-588-4196","http://dongjak.sen.hs.kr","02-523-3410","남여공학","일반고","N","일반계","","후기","주간","19911023","19910430","B10","서울특별시교육청","서울특별시","20220731"
"고등학교","공립","7010074","대영고등학교","Daeyeong High School","서울특별시교육청","07397","서울특별시 영등포구 도림로86길 16","(신길동/ 대영고등학교)","02-847-2019","http://www.dy.hs.kr","02-845-3496","남여공학","자율고","N","일반계","","후기","주간","19871215","19871215","B10","서울특별시교육청","서울특별시","20220731"
"고등학교","공립","7010073","당곡고등학교","Dang-gok High School","서울특별시교육청","08712","서울특별시 관악구 봉천로21길 108","/ 당곡고등학교 (봉천동)","02-6717-5200","http://www.danggok.hs.kr","02-873-4617","남여공학","자율고","N","일반계","","후기","주간","19831226","19840501","B10","서울특별시교육청","서울특별시","20220731"
"고등학교","공립","7010072","금천고등학교","Geumcheon High School","서울특별시교육청","08650","서울특별시 금천구 시흥대로38길 26","(시흥동/금천고등학교)","02-896-3181","http://Geumcheon.sen.hs.kr","02-808-3186","남여공학","일반고","N","일반계","","후기","주간","19831208","19850506","B10","서울특별시교육청","서울특별시","20220731"
"고등학교","공립","7010071","금옥여자고등학교","Geumok Girls High School","서울특별시교육청","08080","서울특별시 양천구 신정로 213","(신정동)","02-2086-7502","http://www.geumok.hs.kr","02-2086-7575","여","일반고","N","일반계","","후기","주간","19810115","19810503","B10","서울특별시교육청","서울특별시","20220731"
"고등학교","공립","7010069","구일고등학교","Guil High School","서울특별시교육청","08324","서울특별시 구로구 구일로 90-51","(구로동)","02-858-2549","http://www.guil.hs.kr","02-867-2826","남여공학","일반고","N","일반계","","후기","주간","19900120","19900120","B10","서울특별시교육청","서울특별시","20220731"
"고등학교","공립","7010068","구로고등학교","Guro High School","서울특별시교육청","08299","서울특별시 구로구 가마산로27길 45","/ 구로고등학교 (구로동)","02-851-2065","http://guro.hs.kr","02-851-9826","남여공학","일반고","N","일반계","","후기","주간","19811231","19820424","B10","서울특별시교육청","서울특별시","20220731"
"고등학교","공립","7010067","광양고등학교","Gwangyang High School","서울특별시교육청","05104","서울특별시 광진구 자양로3가길 31","(자양동)","02-446-1435","http://www.gwangyang.hs.kr","02-458-9715","남여공학","자율고","N","일반계","","후기","주간","19861215","19880420","B10","서울특별시교육청","서울특별시","20220731"
"고등학교","공립","7010066","광남고등학교","Gwangnam High School","서울특별시교육청","04973","서울특별시 광진구 아차산로70길 17-16","/ 광남고등학교 (광장동/ 광남고등학교)","02-2204-8705","http://www.gwang-nam.hs.kr","02-458-7043","남여공학","일반고","N","일반계","","후기","주간","19860125","19860513","B10","서울특별시교육청","서울특별시","20220731"
"고등학교","공립","7010065","관악고등학교","kwanak high school","서울특별시교육청","07278","서울특별시 영등포구 영등포로6길 26","(양평동2가)","02-2633-5954","http://kwan-ak.hs.kr","02-2632-9358","남여공학","일반고","N","일반계","","후기","주간","19550427","19730427","B10","서울특별시교육청","서울특별시","20220731"
"고등학교","공립","7010064","공항고등학교","Konghang High School","서울특별시교육청","07597","서울특별시 강서구 방화대로34길 43","(마곡동/ 공항고등학교)","02-2664-6874","http://www.konghang.hs.kr","02-6309-3919","남여공학","일반고","N","일반계","","후기","주간","19821130","19830412","B10","서울특별시교육청","서울특별시","20220731"
"고등학교","공립","7010063","고척고등학교","Gocheok High School","서울특별시교육청","08239","서울특별시 구로구 중앙로15길 162","/ 고척고등학교 (고척동/ 고척고등학교)","02-2616-9813","http://gocheok.sen.hs.kr","02-2615-7802","남여공학","자율고","N","일반계","","후기","주간","19841215","19841217","B10","서울특별시교육청","서울특별시","20220731"
"고등학교","공립","7010062","경복고등학교","Kyungbock High School","서울특별시교육청","03047","서울특별시 종로구 자하문로28가길 9","/ 경복고등학교 (청운동/경복고등학교)","02-397-5301","http://kyungbock.sen.hs.kr","02-736-0422","남","일반고","N","일반계","","후기","주간","19210502","19210502","B10","서울특별시교육청","서울특별시","20220731"
"고등학교","공립","7010061","경동고등학교","Kyungdong High School","서울특별시교육청","02870","서울특별시 성북구 보문로29길 49","(삼선동3가/ 경동고등학교)","02-928-2353","www.kyungdong.hs.kr","02-926-7525","남","자율고","N","일반계","","후기","주간","19400416","19400416","B10","서울특별시교육청","서울특별시","20220731"
"고등학교","공립","7010060","경기여자고등학교","Kyunggi Girls’High School","서울특별시교육청","06324","서울특별시 강남구 삼성로 29","/ 경기여자고등학교 (개포동)","02-573-6797","http://www.kgg.hs.kr","02-575-1157","여","일반고","N","일반계","","후기","주간","19080401","19080401","B10","서울특별시교육청","서울특별시","20220731"
"고등학교","공립","7010059","경기고등학교","Kyunggi High School","서울특별시교육청","06086","서울특별시 강남구 영동대로 643","/ 경기고등학교 (삼성동)","02-3496-7300","http://kyunggi.hs.kr/","02-3496-7497","남","일반고","N","일반계","","후기","주간","19001003","19001003","B10","서울특별시교육청","서울특별시","20220731"
"고등학교","공립","7010058","개포고등학교","Gaepo High School","서울특별시교육청","06324","서울특별시 강남구 개포로 402","(개포동/ 개포고등학교)","02-576-3333","http://www.gaepo.hs.kr","02-571-6560","남여공학","일반고","N","일반계","","후기","주간","19870512","19870512","B10","서울특별시교육청","서울특별시","20220731"
"고등학교","공립","7010057","가락고등학교","Garak High School","서울특별시교육청","05678","서울특별시 송파구 송이로 42","(송파동/가락고등학교)","02-416-4658","http://garak.sen.hs.kr","02-421-9669","남여공학","일반고","N","일반계","","후기","주간","19881223","19890428","B10","서울특별시교육청","서울특별시","20220731"
"고등학교","국립","1371663","국립전통예술고등학교","NATIONAL HIGH SCHOOL OF TRADITIONAL KOREAN ARTS","교육부","08650","서울특별시 금천구 시흥대로38길 62","(시흥동)","02-896-1094","http://kugak-am.hs.kr","02-896-1096","남여공학","특목고","N","일반계","예술계열","전기","주간","19600513","19600513","B10","서울특별시교육청","서울특별시","20220731"
"고등학교","국립","1371661","국립국악고등학교","Gugak National High School","교육부","06311","서울특별시 강남구 개포로22길 65","(개포동/ 국악고등학교)","02-3460-0500","http://gugak.sen.hs.kr","02-3460-0555","남여공학","특목고","N","일반계","예술계열","전기","주간","19550401","19720909","B10","서울특별시교육청","서울특별시","20220731"